tower_id,cgi,operator,radio,mcc,mnc,lac,cell_id,latitude,longitude,azimuth,beamwidth,range_meters,site_address
62f325f3-89dd-4946-8cd2-281734d1a075,404-98-8290-241660674,Airtel,LTE,404,98,8290,241660674,21.2185,72.7792,0.0,65.0,450.0,"Plot 12, Near Jahangirpura Police Station, Rander Road, Surat 395005"
89cab2f4-832e-4c37-ac74-757675600897,404-98-8290-216060674,Airtel,LTE,404,98,8290,216060674,21.219,72.7801,120.0,65.0,450.0,"Plot 45, Near SBI Jahangirpura, Surat 395005"
bfc5c48b-69e4-48e3-93bd-5d627b4cd04e,404-98-8290-241660679,Airtel,LTE,404,98,8290,241660679,21.221,72.783,240.0,65.0,500.0,"Plot 88, Mora Bhagal Circle, Hazira Highway, Surat 395005"
d71e5276-4796-4028-9a7c-cb10c976be6c,404-98-8290-240799496,Airtel,LTE,404,98,8290,240799496,21.2225,72.7845,0.0,65.0,480.0,"Plot 104, Near SBI Bank Mora Bhagal, Surat 395005"
c9f8a2b1-33a1-472f-a0a3-7e032aa7c056,404-98-8290-241660754,Airtel,LTE,404,98,8290,241660754,21.217,72.776,120.0,65.0,520.0,"Plot 33, ISKCON Temple Approach Road, Jahangirpura, Surat 395005"
fa75cdb6-b456-495b-b3b5-1659062ee377,405-857-3150-507905,Jio,NR,405,857,3150,507905,21.2201,72.7812,45.0,60.0,400.0,"Plot 19, Opp. SBI Jahangirpura Branch, Surat 395005"
5738aa6a-fb3c-4e26-a3ec-7d97b481f9cc,405-857-11-111824,Jio,LTE,405,857,11,111824,21.2215,72.7835,165.0,60.0,420.0,"Plot 72, Mora Bhagal Market Yard, Surat 395005"
b4d2cdc1-f928-4b5f-916e-88a41517a478,405-857-11-111831,Jio,LTE,405,857,11,111831,21.2198,72.7788,285.0,60.0,420.0,"Plot 54, Gorat Road, Jahangirpura, Surat 395005"
6a86198f-0356-474e-89a1-95f5914667d9,405-857-11-111818,Jio,LTE,405,857,11,111818,21.223,72.785,15.0,60.0,450.0,"Plot 91, Near Ramnath Ghela Temple, Surat 395005"
3a54b9b4-87a3-4136-b891-994db1d5e338,404-5-25079-80607510,Vi,LTE,404,5,25079,80607510,21.218,72.778,30.0,90.0,480.0,"Plot 61, Jahangirpura Cross Road, Surat 395005"
6cd75a4d-0412-4115-bd3b-9a4a03909327,404-5-25070-8018740,Vi,LTE,404,5,25070,8018740,21.2208,72.7822,150.0,90.0,500.0,"Plot 14, Mora Bhagal Bus Stop, Surat 395005"
54a9590d-2504-43d8-a6a3-14dd672ef3a7,404-5-25079-80607530,Vi,LTE,404,5,25079,80607530,21.2192,72.7795,270.0,90.0,480.0,"Plot 29, Opp. SBI Jahangirpura, Surat 395005"
69f2c17e-b5cf-4810-9e3f-410d1409ed41,404-5-25079-89326330,Vi,LTE,404,5,25079,89326330,21.222,72.784,330.0,90.0,510.0,"Plot 83, Mora Bhagal Industrial Pocket, Surat 395005"
f43d6c8c-83ff-4e89-bc44-2fd2e8366a14,405-867-1002-10001,Jio,LTE,405,867,1002,10001,21.16151,72.78314,257.8,360.0,249.0,"Plot 63, Near SVNIT Central Library, Piplod, Ichchanath, Surat, Gujarat 395007"
ce208c2b-912c-415f-a246-b2f81f7832b2,405-867-1001-10002,Jio,LTE,405,867,1001,10002,21.16721,72.78796,0.0,65.0,394.0,"Plot 7, Near Iscon Mall, Dumas Road, Piplod, Ichchanath, Surat, Gujarat 395007"
737d4bfe-8f38-4f1d-ac35-706e283eaf20,404-20-3028-10003,Vi,LTE,404,20,3028,10003,21.16721,72.78796,120.0,65.0,394.0,"Plot 7, Near Iscon Mall, Dumas Road, Piplod, Ichchanath, Surat, Gujarat 395007"
311c671d-8d99-49d2-832a-38b3c6d82c7e,405-867-1022-10004,Jio,LTE,405,867,1022,10004,21.16721,72.78796,240.0,65.0,394.0,"Plot 7, Near Iscon Mall, Dumas Road, Piplod, Ichchanath, Surat, Gujarat 395007"
2e8b1b7f-68fd-4482-a420-e8ff57bb4dc2,404-10-2025-10005,Airtel,GSM,404,10,2025,10005,21.16818,72.78911,0.0,65.0,415.0,"Plot 89, Near Gaurav Path Expressway, Piplod, Ichchanath, Surat, Gujarat 395007"
df1a25fe-936e-4f62-853c-b1c2a6bd6975,405-867-1041-10006,Jio,LTE,405,867,1041,10006,21.16818,72.78911,120.0,65.0,415.0,"Plot 89, Near Gaurav Path Expressway, Piplod, Ichchanath, Surat, Gujarat 395007"
86aa2995-bc77-479d-9fde-4e3c4c175802,404-10-2037-10007,Airtel,NR,404,10,2037,10007,21.16818,72.78911,240.0,65.0,415.0,"Plot 89, Near Gaurav Path Expressway, Piplod, Ichchanath, Surat, Gujarat 395007"
008f2f2e-a53c-4f32-bc7f-b596fda89e31,404-20-3030-10008,Vi,LTE,404,20,3030,10008,21.16388,72.78784,0.0,65.0,299.0,"Plot 59, Near Ichchanath Mahadev Temple Circle, Piplod, Ichchanath, Surat, Gujarat 395007"
3fafa0db-50aa-4835-8d94-0f7b7b692935,404-10-2024-10009,Airtel,LTE,404,10,2024,10009,21.16388,72.78784,120.0,65.0,299.0,"Plot 59, Near Ichchanath Mahadev Temple Circle, Piplod, Ichchanath, Surat, Gujarat 395007"
60c52ccd-1d52-48a2-ad9e-8557a7a1950b,405-867-1045-10010,Jio,LTE,405,867,1045,10010,21.16388,72.78784,240.0,65.0,299.0,"Plot 59, Near Ichchanath Mahadev Temple Circle, Piplod, Ichchanath, Surat, Gujarat 395007"
9e4370e6-edf6-49b1-9b43-da687c14c137,405-867-1041-10011,Jio,NR,405,867,1041,10011,21.17084,72.78117,0.0,65.0,416.0,"Plot 44, Near Iscon Mall, Dumas Road, Piplod, Ichchanath, Surat, Gujarat 395007"
d6918203-0126-4724-ba16-8c4c1905cc58,404-10-2021-10012,Airtel,LTE,404,10,2021,10012,21.17084,72.78117,120.0,65.0,416.0,"Plot 44, Near Iscon Mall, Dumas Road, Piplod, Ichchanath, Surat, Gujarat 395007"
82797d47-81cb-47da-9a81-fc25370b2e3b,404-20-3015-10013,Vi,GSM,404,20,3015,10013,21.17084,72.78117,240.0,65.0,416.0,"Plot 44, Near Iscon Mall, Dumas Road, Piplod, Ichchanath, Surat, Gujarat 395007"
4d1a7dbc-79e6-452c-8b58-ff78c2889438,405-867-1042-10014,Jio,LTE,405,867,1042,10014,21.16703,72.77543,319.6,360.0,220.0,"Plot 69, Near Lalbhai Contractor Stadium, Piplod, Ichchanath, Surat, Gujarat 395007"
ca34cc54-ccc6-4bd3-95d3-34bd4ab3e42a,404-20-3015-10015,Vi,LTE,404,20,3015,10015,21.15735,72.78635,0.0,65.0,399.0,"Plot 144, Near SVNIT Department of Computer Engineering, Piplod, Ichchanath, Surat, Gujarat 395007"
0168bb74-9230-4b87-98d4-23bd81afca3d,404-81-4032-10016,BSNL,GSM,404,81,4032,10016,21.15735,72.78635,120.0,65.0,399.0,"Plot 144, Near SVNIT Department of Computer Engineering, Piplod, Ichchanath, Surat, Gujarat 395007"
e426c30b-85c2-4920-ad50-f80fbb18d29f,405-867-1008-10017,Jio,LTE,405,867,1008,10017,21.15735,72.78635,240.0,65.0,399.0,"Plot 144, Near SVNIT Department of Computer Engineering, Piplod, Ichchanath, Surat, Gujarat 395007"
bb9a579b-137c-4821-b0dd-362646af17b9,404-10-2001-10018,Airtel,GSM,404,10,2001,10018,21.16534,72.7887,0.0,65.0,419.0,"Plot 109, Near Ichchanath Mahadev Temple Circle, Piplod, Ichchanath, Surat, Gujarat 395007"
abb8a683-0015-42f7-be2d-041be5fb7955,404-10-2035-10019,Airtel,LTE,404,10,2035,10019,21.16534,72.7887,120.0,65.0,419.0,"Plot 109, Near Ichchanath Mahadev Temple Circle, Piplod, Ichchanath, Surat, Gujarat 395007"
1f4a7bc5-4bbe-46e9-b802-31aa8b5f0ffb,404-20-3022-10020,Vi,GSM,404,20,3022,10020,21.16534,72.7887,240.0,65.0,419.0,"Plot 109, Near Ichchanath Mahadev Temple Circle, Piplod, Ichchanath, Surat, Gujarat 395007"
2df97aa1-1ffd-4a86-a601-234aeb0f2b7f,404-81-4033-10021,BSNL,LTE,404,81,4033,10021,21.16828,72.78976,0.0,65.0,314.0,"Plot 1, Near VR Gujarat Mall, Dumas Road, Piplod, Ichchanath, Surat, Gujarat 395007"
f3868231-62ae-4ed8-a34f-12570051b44d,404-20-3020-10022,Vi,GSM,404,20,3020,10022,21.16828,72.78976,120.0,65.0,314.0,"Plot 1, Near VR Gujarat Mall, Dumas Road, Piplod, Ichchanath, Surat, Gujarat 395007"
26c4a2e2-3ecf-4f80-9318-f119134208d5,404-20-3013-10023,Vi,LTE,404,20,3013,10023,21.16828,72.78976,240.0,65.0,314.0,"Plot 1, Near VR Gujarat Mall, Dumas Road, Piplod, Ichchanath, Surat, Gujarat 395007"
79b42e3a-51f6-4452-a7f1-4e6eaa060519,405-867-1020-10024,Jio,NR,405,867,1020,10024,21.16822,72.79311,0.0,65.0,430.0,"Plot 136, Near Valentine Multiplex, Piplod, Ichchanath, Surat, Gujarat 395007"
f91995df-7d2c-4877-a17b-dad79bdc4060,405-867-1037-10025,Jio,LTE,405,867,1037,10025,21.16822,72.79311,120.0,65.0,430.0,"Plot 136, Near Valentine Multiplex, Piplod, Ichchanath, Surat, Gujarat 395007"
bdaa0bd1-1925-4b97-ac28-1b47854800c8,404-81-4032-10026,BSNL,GSM,404,81,4032,10026,21.16822,72.79311,240.0,65.0,430.0,"Plot 136, Near Valentine Multiplex, Piplod, Ichchanath, Surat, Gujarat 395007"
5c9dcd8d-b06f-4aff-9812-6fc87e0ae0cb,405-867-1028-10027,Jio,NR,405,867,1028,10027,21.16711,72.77431,166.3,360.0,201.0,"Plot 33, Near Valentine Multiplex, Piplod, Ichchanath, Surat, Gujarat 395007"
8b3aaeb0-4650-48b1-9634-bbdce2417cb6,405-867-1008-10028,Jio,LTE,405,867,1008,10028,21.17296,72.78232,0.0,65.0,371.0,"Plot 52, Near Kargil Chowk BRTS Station, Piplod, Ichchanath, Surat, Gujarat 395007"
e5ca4a17-e217-4cc1-8368-9ad973f3c5ba,405-867-1002-10029,Jio,LTE,405,867,1002,10029,21.17296,72.78232,120.0,65.0,371.0,"Plot 52, Near Kargil Chowk BRTS Station, Piplod, Ichchanath, Surat, Gujarat 395007"
879b7a9a-ab71-48c6-b4b1-8309f1fa3024,404-10-2015-10030,Airtel,LTE,404,10,2015,10030,21.17296,72.78232,240.0,65.0,371.0,"Plot 52, Near Kargil Chowk BRTS Station, Piplod, Ichchanath, Surat, Gujarat 395007"
a762c9f0-6528-483a-8017-a41242359896,404-10-2032-10031,Airtel,LTE,404,10,2032,10031,21.1719,72.78524,11.0,90.0,189.0,"Plot 59, Near Kargil Chowk Junction, Piplod, Ichchanath, Surat, Gujarat 395007"
766b4827-7cf4-46b5-a53f-88490f43c0ae,405-867-1028-10032,Jio,LTE,405,867,1028,10032,21.1637,72.78904,0.0,65.0,388.0,"Plot 148, Near Iscon Mall, Dumas Road, Piplod, Ichchanath, Surat, Gujarat 395007"
173660f1-914f-4fb7-ada3-b9259e4602bf,405-867-1004-10033,Jio,LTE,405,867,1004,10033,21.1637,72.78904,120.0,65.0,388.0,"Plot 148, Near Iscon Mall, Dumas Road, Piplod, Ichchanath, Surat, Gujarat 395007"
fce190b9-47aa-453d-93cb-f6bee3114cdc,404-10-2007-10034,Airtel,GSM,404,10,2007,10034,21.1637,72.78904,240.0,65.0,388.0,"Plot 148, Near Iscon Mall, Dumas Road, Piplod, Ichchanath, Surat, Gujarat 395007"
e765ffc1-4573-4fd3-952c-04d7ca175948,405-867-1016-10035,Jio,LTE,405,867,1016,10035,21.17138,72.78848,66.6,90.0,197.0,"Plot 28, Near Kargil Chowk BRTS Station, Piplod, Ichchanath, Surat, Gujarat 395007"
6ee7fcd9-edc7-4033-a429-d5c9d1f6662b,404-81-4016-10036,BSNL,LTE,404,81,4016,10036,21.16502,72.78241,228.3,360.0,181.0,"Plot 141, Near Kargil Chowk BRTS Station, Piplod, Ichchanath, Surat, Gujarat 395007"
e2ea8f40-9593-48a5-a7e8-247b988fd29f,404-81-4030-10037,BSNL,GSM,404,81,4030,10037,21.1666,72.79182,0.0,65.0,181.0,"Plot 103, Near SVNIT Department of Computer Engineering, Piplod, Ichchanath, Surat, Gujarat 395007"
8044ee09-e495-4fa5-b79b-d22a1825e8b8,405-867-1036-10038,Jio,LTE,405,867,1036,10038,21.1666,72.79182,120.0,65.0,181.0,"Plot 103, Near SVNIT Department of Computer Engineering, Piplod, Ichchanath, Surat, Gujarat 395007"
fd6036dc-e8cb-4e3f-afc3-5fcbffc68beb,404-10-2013-10039,Airtel,LTE,404,10,2013,10039,21.1666,72.79182,240.0,65.0,181.0,"Plot 103, Near SVNIT Department of Computer Engineering, Piplod, Ichchanath, Surat, Gujarat 395007"
41337251-9ceb-4eea-bf76-44c4a2100b9c,405-867-1034-10040,Jio,NR,405,867,1034,10040,21.15972,72.79572,109.8,60.0,254.0,"Plot 139, Near Iscon Mall, Dumas Road, Piplod, Ichchanath, Surat, Gujarat 395007"
92b2470b-32fe-40d0-b254-c6a9aea1a27b,405-867-1016-10041,Jio,NR,405,867,1016,10041,21.16862,72.7943,23.8,60.0,231.0,"Plot 48, Near SVNIT Main Gate, Piplod, Ichchanath, Surat, Gujarat 395007"
0aa9ec7b-33ad-43ef-95f2-440e77e716d5,404-20-3021-10042,Vi,LTE,404,20,3021,10042,21.16069,72.78357,0.0,65.0,341.0,"Plot 108, Near SVNIT Main Gate, Piplod, Ichchanath, Surat, Gujarat 395007"
34548507-278f-44ad-a291-23155a3f773c,405-867-1043-10043,Jio,LTE,405,867,1043,10043,21.16069,72.78357,120.0,65.0,341.0,"Plot 108, Near SVNIT Main Gate, Piplod, Ichchanath, Surat, Gujarat 395007"
02a54187-321c-49d3-a6c8-9669eeeb3fd5,404-10-2005-10044,Airtel,LTE,404,10,2005,10044,21.16069,72.78357,240.0,65.0,341.0,"Plot 108, Near SVNIT Main Gate, Piplod, Ichchanath, Surat, Gujarat 395007"
a2458bdc-0c46-4ce5-8473-61f8156caae0,404-20-3016-10045,Vi,GSM,404,20,3016,10045,21.17133,72.78534,74.6,90.0,196.0,"Plot 26, Near Iscon Mall, Dumas Road, Piplod, Ichchanath, Surat, Gujarat 395007"
327b225b-4b57-4abd-af54-694429209e9a,405-867-1020-10046,Jio,NR,405,867,1020,10046,21.15979,72.78825,0.0,65.0,450.0,"Plot 78, Near Valentine Multiplex, Piplod, Ichchanath, Surat, Gujarat 395007"
ed13d528-23c2-48f6-acc4-c975a4cb939c,404-20-3009-10047,Vi,LTE,404,20,3009,10047,21.15979,72.78825,120.0,65.0,450.0,"Plot 78, Near Valentine Multiplex, Piplod, Ichchanath, Surat, Gujarat 395007"
30885789-4aab-4372-8ae3-53d37f584058,405-867-1036-10048,Jio,NR,405,867,1036,10048,21.15979,72.78825,240.0,65.0,450.0,"Plot 78, Near Valentine Multiplex, Piplod, Ichchanath, Surat, Gujarat 395007"
8efd67c6-00ab-449f-b9b1-b7f1b1394fc3,405-867-1004-10049,Jio,NR,405,867,1004,10049,21.16605,72.78996,222.0,90.0,244.0,"Plot 88, Near SVNIT Department of Computer Engineering, Piplod, Ichchanath, Surat, Gujarat 395007"
c06d93f7-d3a0-4b2a-aeca-8bf2dbde5cc2,405-867-1028-10050,Jio,LTE,405,867,1028,10050,21.16873,72.78896,269.9,360.0,213.0,"Plot 12, Near SVNIT Central Library, Piplod, Ichchanath, Surat, Gujarat 395007"
e6e8e39d-5fda-4c42-b3c9-970b9cd62672,405-867-1024-10051,Jio,LTE,405,867,1024,10051,21.15932,72.7833,0.0,65.0,255.0,"Plot 39, Near SVNIT Staff Quarters, Piplod, Ichchanath, Surat, Gujarat 395007"
a2d4f202-7c7e-4f97-83f3-16ab51da04a9,404-20-3003-10052,Vi,GSM,404,20,3003,10052,21.15932,72.7833,120.0,65.0,255.0,"Plot 39, Near SVNIT Staff Quarters, Piplod, Ichchanath, Surat, Gujarat 395007"
01a00b87-e708-4ff2-8bd3-a6b061932048,404-20-3016-10053,Vi,LTE,404,20,3016,10053,21.15932,72.7833,240.0,65.0,255.0,"Plot 39, Near SVNIT Staff Quarters, Piplod, Ichchanath, Surat, Gujarat 395007"
58c9d85c-eb17-4183-b407-a06b775de08e,404-20-3012-10054,Vi,GSM,404,20,3012,10054,21.15957,72.77877,0.0,65.0,301.0,"Plot 105, Near Valentine Multiplex, Piplod, Ichchanath, Surat, Gujarat 395007"
4bd123c3-16eb-45cf-9f2e-93b769efd6eb,404-20-3022-10055,Vi,LTE,404,20,3022,10055,21.15957,72.77877,120.0,65.0,301.0,"Plot 105, Near Valentine Multiplex, Piplod, Ichchanath, Surat, Gujarat 395007"
67cff084-d5e2-4d43-8d10-0629f3e0b0c7,404-20-3043-10056,Vi,LTE,404,20,3043,10056,21.15957,72.77877,240.0,65.0,301.0,"Plot 105, Near Valentine Multiplex, Piplod, Ichchanath, Surat, Gujarat 395007"
296dcf96-b3cc-4d2c-b915-84dbe80445a6,405-867-1023-10057,Jio,NR,405,867,1023,10057,21.1692,72.77692,305.3,90.0,208.0,"Plot 41, Near SVNIT Central Library, Piplod, Ichchanath, Surat, Gujarat 395007"
213f950e-d466-49d0-893a-68cddd92ef4a,404-20-3018-10058,Vi,GSM,404,20,3018,10058,21.15952,72.79454,67.6,90.0,215.0,"Plot 58, Near SVNIT Department of Computer Engineering, Piplod, Ichchanath, Surat, Gujarat 395007"
673a745a-ed5f-424d-9b24-39f0fd08c67d,404-10-2003-10059,Airtel,GSM,404,10,2003,10059,21.1582,72.79149,9.7,90.0,202.0,"Plot 138, Near Ichchanath Mahadev Temple Circle, Piplod, Ichchanath, Surat, Gujarat 395007"
85c0927c-aeb8-4a4c-870c-00c269a790e6,405-867-1017-10060,Jio,LTE,405,867,1017,10060,21.16837,72.78964,0.0,65.0,239.0,"Plot 81, Near SVNIT Staff Quarters, Piplod, Ichchanath, Surat, Gujarat 395007"
392241bd-9bae-4b1d-9901-2ab1471e1133,405-867-1034-10061,Jio,LTE,405,867,1034,10061,21.16837,72.78964,120.0,65.0,239.0,"Plot 81, Near SVNIT Staff Quarters, Piplod, Ichchanath, Surat, Gujarat 395007"
5fcf06f4-eac2-4fe7-b3d0-e8cbb1b4ae60,404-20-3043-10062,Vi,LTE,404,20,3043,10062,21.16837,72.78964,240.0,65.0,239.0,"Plot 81, Near SVNIT Staff Quarters, Piplod, Ichchanath, Surat, Gujarat 395007"
c8007612-6e01-4044-aea1-9e54b0fc1c69,404-10-2020-10063,Airtel,LTE,404,10,2020,10063,21.16513,72.79204,0.0,65.0,243.0,"Plot 85, Near Ichchanath Mahadev Temple Circle, Piplod, Ichchanath, Surat, Gujarat 395007"
ac633086-6cb7-44c0-8af6-52328ce06be8,404-10-2045-10064,Airtel,LTE,404,10,2045,10064,21.16513,72.79204,120.0,65.0,243.0,"Plot 85, Near Ichchanath Mahadev Temple Circle, Piplod, Ichchanath, Surat, Gujarat 395007"
4bdfdadc-77b5-43a5-b151-71ea61350eac,405-867-1027-10065,Jio,LTE,405,867,1027,10065,21.16513,72.79204,240.0,65.0,243.0,"Plot 85, Near Ichchanath Mahadev Temple Circle, Piplod, Ichchanath, Surat, Gujarat 395007"
aba76cca-d991-4b00-accc-95160cb01842,405-867-1038-10066,Jio,LTE,405,867,1038,10066,21.15938,72.77861,0.0,65.0,180.0,"Plot 45, Near SVNIT Staff Quarters, Piplod, Ichchanath, Surat, Gujarat 395007"
4cf0876e-b035-453a-a17a-926a9c01312b,404-10-2029-10067,Airtel,LTE,404,10,2029,10067,21.15938,72.77861,120.0,65.0,180.0,"Plot 45, Near SVNIT Staff Quarters, Piplod, Ichchanath, Surat, Gujarat 395007"
4478d067-b3b4-4466-afa2-b06ab44aaa55,405-867-1031-10068,Jio,LTE,405,867,1031,10068,21.15938,72.77861,240.0,65.0,180.0,"Plot 45, Near SVNIT Staff Quarters, Piplod, Ichchanath, Surat, Gujarat 395007"
bd7a389c-efb2-4f7d-8f7e-d022c2165f8f,405-867-1016-10069,Jio,NR,405,867,1016,10069,21.16567,72.77387,0.0,65.0,351.0,"Plot 44, Near SVNIT Staff Quarters, Piplod, Ichchanath, Surat, Gujarat 395007"
9c9d3d47-c88a-4286-8c07-d660a3345220,404-10-2013-10070,Airtel,LTE,404,10,2013,10070,21.16567,72.77387,120.0,65.0,351.0,"Plot 44, Near SVNIT Staff Quarters, Piplod, Ichchanath, Surat, Gujarat 395007"
2eb740ca-bad5-484d-8868-32d42b0e67c1,405-867-1031-10071,Jio,LTE,405,867,1031,10071,21.16567,72.77387,240.0,65.0,351.0,"Plot 44, Near SVNIT Staff Quarters, Piplod, Ichchanath, Surat, Gujarat 395007"
403b3840-13ee-4e6c-b7d7-152d94218f3e,405-867-1042-10072,Jio,LTE,405,867,1042,10072,21.15554,72.77825,0.0,65.0,376.0,"Plot 107, Near VR Gujarat Mall, Dumas Road, Piplod, Ichchanath, Surat, Gujarat 395007"
4401cadf-2bb6-45e3-9e57-5d882bc0f76c,404-10-2007-10073,Airtel,NR,404,10,2007,10073,21.15554,72.77825,120.0,65.0,376.0,"Plot 107, Near VR Gujarat Mall, Dumas Road, Piplod, Ichchanath, Surat, Gujarat 395007"
c8b589a9-8923-469a-ae4a-46c28ec78a07,404-20-3045-10074,Vi,LTE,404,20,3045,10074,21.15554,72.77825,240.0,65.0,376.0,"Plot 107, Near VR Gujarat Mall, Dumas Road, Piplod, Ichchanath, Surat, Gujarat 395007"
2daff0a8-189a-4edd-8cb6-3a7d6629b8c7,404-81-4040-10075,BSNL,LTE,404,81,4040,10075,21.16017,72.78448,0.0,65.0,342.0,"Plot 32, Near SVNIT Department of Computer Engineering, Piplod, Ichchanath, Surat, Gujarat 395007"
51ec1237-d00f-4240-b9df-35e570d5e8ef,404-20-3028-10076,Vi,GSM,404,20,3028,10076,21.16017,72.78448,120.0,65.0,342.0,"Plot 32, Near SVNIT Department of Computer Engineering, Piplod, Ichchanath, Surat, Gujarat 395007"
9502a737-77b8-4dd4-a59c-4efb02f45130,404-20-3011-10077,Vi,LTE,404,20,3011,10077,21.16017,72.78448,240.0,65.0,342.0,"Plot 32, Near SVNIT Department of Computer Engineering, Piplod, Ichchanath, Surat, Gujarat 395007"
aa7dfa28-bb54-4f51-8e70-8d7b129f5138,405-867-1029-10078,Jio,LTE,405,867,1029,10078,21.1625,72.77678,0.0,65.0,446.0,"Plot 64, Near SVNIT Central Library, Piplod, Ichchanath, Surat, Gujarat 395007"
5eac358e-1e0a-46b8-a5f7-40068906f5b3,405-867-1018-10079,Jio,LTE,405,867,1018,10079,21.1625,72.77678,120.0,65.0,446.0,"Plot 64, Near SVNIT Central Library, Piplod, Ichchanath, Surat, Gujarat 395007"
ca6723cb-b6b3-48bc-a2ca-d871f86169dc,405-867-1006-10080,Jio,NR,405,867,1006,10080,21.1625,72.77678,240.0,65.0,446.0,"Plot 64, Near SVNIT Central Library, Piplod, Ichchanath, Surat, Gujarat 395007"
451e74af-8ed3-4ab5-9b54-709f47f4b5c3,405-867-1027-10081,Jio,LTE,405,867,1027,10081,21.16621,72.78913,142.7,360.0,239.0,"Plot 40, Near SVNIT Staff Quarters, Piplod, Ichchanath, Surat, Gujarat 395007"
3f7d0724-86f9-49e3-b91f-28e4b26adcb2,405-867-1020-10082,Jio,NR,405,867,1020,10082,21.1555,72.79132,0.0,65.0,374.0,"Plot 6, Near SVNIT Staff Quarters, Piplod, Ichchanath, Surat, Gujarat 395007"
65241465-18fc-417b-8932-e6f8bfdecac3,404-20-3027-10083,Vi,GSM,404,20,3027,10083,21.1555,72.79132,120.0,65.0,374.0,"Plot 6, Near SVNIT Staff Quarters, Piplod, Ichchanath, Surat, Gujarat 395007"
bf4a48b5-d1a9-46ba-b460-077ee04eed1e,404-10-2039-10084,Airtel,NR,404,10,2039,10084,21.1555,72.79132,240.0,65.0,374.0,"Plot 6, Near SVNIT Staff Quarters, Piplod, Ichchanath, Surat, Gujarat 395007"
a47f4337-fe40-41a0-b8ab-db13158d7697,404-10-2009-10085,Airtel,NR,404,10,2009,10085,21.16888,72.77992,0.0,65.0,387.0,"Plot 112, Near SVNIT Central Library, Piplod, Ichchanath, Surat, Gujarat 395007"
cb806aae-a58a-4350-aa38-5a44ed84595d,404-81-4026-10086,BSNL,LTE,404,81,4026,10086,21.16888,72.77992,120.0,65.0,387.0,"Plot 112, Near SVNIT Central Library, Piplod, Ichchanath, Surat, Gujarat 395007"
9a02a575-f1d9-4952-919d-42c3c5ec535a,404-10-2006-10087,Airtel,LTE,404,10,2006,10087,21.16888,72.77992,240.0,65.0,387.0,"Plot 112, Near SVNIT Central Library, Piplod, Ichchanath, Surat, Gujarat 395007"
baf99055-0ac3-43d1-88c7-bcc24e1a003c,405-867-1025-10088,Jio,NR,405,867,1025,10088,21.16024,72.78136,132.7,60.0,238.0,"Plot 47, Near VR Gujarat Mall, Dumas Road, Piplod, Ichchanath, Surat, Gujarat 395007"
6588839f-adef-4535-af11-b6dd14de34e4,404-81-4042-10089,BSNL,GSM,404,81,4042,10089,21.16094,72.79593,0.0,65.0,206.0,"Plot 65, Near Lalbhai Contractor Stadium, Piplod, Ichchanath, Surat, Gujarat 395007"
f84856ea-fa2d-48cb-8493-5c4daf64436c,405-867-1003-10090,Jio,NR,405,867,1003,10090,21.16094,72.79593,120.0,65.0,206.0,"Plot 65, Near Lalbhai Contractor Stadium, Piplod, Ichchanath, Surat, Gujarat 395007"
98c50651-3cb2-4537-8445-3f9d59ff8f80,404-20-3013-10091,Vi,GSM,404,20,3013,10091,21.16094,72.79593,240.0,65.0,206.0,"Plot 65, Near Lalbhai Contractor Stadium, Piplod, Ichchanath, Surat, Gujarat 395007"
b7de8caa-c5ee-461b-a4f5-38380f1a148f,405-867-1039-10092,Jio,LTE,405,867,1039,10092,21.16734,72.77704,331.7,90.0,269.0,"Plot 33, Near SVNIT Department of Computer Engineering, Piplod, Ichchanath, Surat, Gujarat 395007"
a07c02ed-b30f-4f40-ba22-fc29392062ea,404-10-2026-10093,Airtel,GSM,404,10,2026,10093,21.15548,72.77853,9.0,90.0,253.0,"Plot 42, Near SVNIT Main Gate, Piplod, Ichchanath, Surat, Gujarat 395007"
a29e4d02-561b-4e90-a6d9-ff42001779ac,404-20-3037-10094,Vi,GSM,404,20,3037,10094,21.16738,72.78291,270.4,360.0,256.0,"Plot 63, Near Iscon Mall, Dumas Road, Piplod, Ichchanath, Surat, Gujarat 395007"
a8d96853-4a13-4799-90f1-5dc79fe36c74,404-20-3024-10095,Vi,LTE,404,20,3024,10095,21.16411,72.77805,226.6,60.0,233.0,"Plot 95, Near Lalbhai Contractor Stadium, Piplod, Ichchanath, Surat, Gujarat 395007"
985f57eb-390e-432f-8ea8-a1b48ff0a471,404-10-2031-10096,Airtel,GSM,404,10,2031,10096,21.15631,72.77685,0.0,65.0,318.0,"Plot 40, Near SVNIT Staff Quarters, Piplod, Ichchanath, Surat, Gujarat 395007"
1c43568b-6bff-40db-9ac6-367451cf401e,405-867-1038-10097,Jio,NR,405,867,1038,10097,21.15631,72.77685,120.0,65.0,318.0,"Plot 40, Near SVNIT Staff Quarters, Piplod, Ichchanath, Surat, Gujarat 395007"
408705d8-c4ca-4109-a920-6b045a1fa070,405-867-1006-10098,Jio,NR,405,867,1006,10098,21.15631,72.77685,240.0,65.0,318.0,"Plot 40, Near SVNIT Staff Quarters, Piplod, Ichchanath, Surat, Gujarat 395007"
ceeb74e3-6045-45ed-a796-6298e104036e,405-867-1012-10099,Jio,NR,405,867,1012,10099,21.16148,72.7925,0.0,65.0,352.0,"Plot 119, Near Kargil Chowk BRTS Station, Piplod, Ichchanath, Surat, Gujarat 395007"
833de72b-8b37-4b9e-92cf-fad863a472fd,405-867-1017-10100,Jio,LTE,405,867,1017,10100,21.16148,72.7925,120.0,65.0,352.0,"Plot 119, Near Kargil Chowk BRTS Station, Piplod, Ichchanath, Surat, Gujarat 395007"
b972fbc9-060f-4fef-8dd2-5c2eb111a9c9,405-867-1045-10101,Jio,NR,405,867,1045,10101,21.16148,72.7925,240.0,65.0,352.0,"Plot 119, Near Kargil Chowk BRTS Station, Piplod, Ichchanath, Surat, Gujarat 395007"
6740900f-79a8-4f1b-892c-34da824e74f4,404-20-3042-10102,Vi,LTE,404,20,3042,10102,21.1687,72.77886,252.0,90.0,251.0,"Plot 49, Near Valentine Multiplex, Piplod, Ichchanath, Surat, Gujarat 395007"
e8071b16-fa32-45dc-8c45-9d8b138c023c,404-10-2036-10103,Airtel,LTE,404,10,2036,10103,21.16107,72.77721,141.5,60.0,219.0,"Plot 24, Near Kargil Chowk Junction, Piplod, Ichchanath, Surat, Gujarat 395007"
1fd1958d-8a02-43e1-8252-66841e87b70a,405-867-1013-10104,Jio,LTE,405,867,1013,10104,21.15583,72.78333,246.0,90.0,219.0,"Plot 141, Near SVNIT Staff Quarters, Piplod, Ichchanath, Surat, Gujarat 395007"
32530923-d88d-45a2-aba2-bf023ff2deeb,404-81-4019-10105,BSNL,LTE,404,81,4019,10105,21.15906,72.79397,258.5,90.0,255.0,"Plot 48, Near Kargil Chowk BRTS Station, Piplod, Ichchanath, Surat, Gujarat 395007"
4019fe1b-d0ea-4d9d-be5c-654c41315e05,405-867-1036-10106,Jio,NR,405,867,1036,10106,21.1726,72.78351,0.0,65.0,244.0,"Plot 59, Near SVNIT Central Library, Piplod, Ichchanath, Surat, Gujarat 395007"
0092fab4-28f3-42ff-a2c1-a2af19877291,405-867-1041-10107,Jio,NR,405,867,1041,10107,21.1726,72.78351,120.0,65.0,244.0,"Plot 59, Near SVNIT Central Library, Piplod, Ichchanath, Surat, Gujarat 395007"
72163a46-6542-4bd2-92a1-7064f7113130,404-20-3001-10108,Vi,LTE,404,20,3001,10108,21.1726,72.78351,240.0,65.0,244.0,"Plot 59, Near SVNIT Central Library, Piplod, Ichchanath, Surat, Gujarat 395007"
5a91b9dd-5598-4797-b7a7-e8305bd603a2,404-20-3005-10109,Vi,LTE,404,20,3005,10109,21.15614,72.78122,18.0,90.0,194.0,"Plot 88, Near VR Gujarat Mall, Dumas Road, Piplod, Ichchanath, Surat, Gujarat 395007"
39769e1b-eea1-4a60-b3ce-cf1534206f96,404-81-4027-10110,BSNL,GSM,404,81,4027,10110,21.15485,72.78032,0.0,65.0,223.0,"Plot 39, Near SVNIT B-Tech Hostel Complex, Piplod, Ichchanath, Surat, Gujarat 395007"
c388f318-7070-49d8-aeb9-3378e5bbad01,404-10-2015-10111,Airtel,NR,404,10,2015,10111,21.15485,72.78032,120.0,65.0,223.0,"Plot 39, Near SVNIT B-Tech Hostel Complex, Piplod, Ichchanath, Surat, Gujarat 395007"
c30b1793-d6f1-4b17-8cef-bff8ebebcadc,404-20-3029-10112,Vi,LTE,404,20,3029,10112,21.15485,72.78032,240.0,65.0,223.0,"Plot 39, Near SVNIT B-Tech Hostel Complex, Piplod, Ichchanath, Surat, Gujarat 395007"
7f381e0a-23e2-499e-95f6-6236a2c96f37,404-10-2006-10113,Airtel,LTE,404,10,2006,10113,21.16036,72.79333,336.0,60.0,206.0,"Plot 79, Near Lalbhai Contractor Stadium, Piplod, Ichchanath, Surat, Gujarat 395007"
50964945-b77d-4b7c-87a0-48f2e0bcf3ef,405-867-1019-10114,Jio,LTE,405,867,1019,10114,21.18624,72.81488,157.7,360.0,310.0,"Plot 41, Near Athwa Lines, Athwa Lines, Ghod Dod Road, Surat, Gujarat 395001"
b316e2fd-0737-4e32-a9bb-748f31534275,404-10-2013-10115,Airtel,NR,404,10,2013,10115,21.17844,72.79547,0.0,90.0,570.0,"Plot 60, Near Dutch Garden, Athwa Lines, Ghod Dod Road, Surat, Gujarat 395001"
0bfff331-8aa7-4f95-bddd-e7facd27d41e,405-867-1042-10116,Jio,LTE,405,867,1042,10116,21.17844,72.79547,120.0,90.0,570.0,"Plot 60, Near Dutch Garden, Athwa Lines, Ghod Dod Road, Surat, Gujarat 395001"
911742ea-24b2-4e03-88af-53abf0554f27,405-867-1010-10117,Jio,LTE,405,867,1010,10117,21.17844,72.79547,240.0,90.0,570.0,"Plot 60, Near Dutch Garden, Athwa Lines, Ghod Dod Road, Surat, Gujarat 395001"
09afda2c-d591-4d88-a151-39b330484b49,405-867-1045-10118,Jio,LTE,405,867,1045,10118,21.18878,72.8115,0.0,90.0,474.0,"Plot 146, Near Parle Point, Athwa Lines, Ghod Dod Road, Surat, Gujarat 395001"
bcd1fb2a-a7b4-488b-a75b-ba940ba68d38,405-867-1035-10119,Jio,LTE,405,867,1035,10119,21.18878,72.8115,120.0,90.0,474.0,"Plot 146, Near Parle Point, Athwa Lines, Ghod Dod Road, Surat, Gujarat 395001"
a3d71de0-d1fe-4425-8e18-2316d05baf1e,405-867-1003-10120,Jio,LTE,405,867,1003,10120,21.18878,72.8115,240.0,90.0,474.0,"Plot 146, Near Parle Point, Athwa Lines, Ghod Dod Road, Surat, Gujarat 395001"
7181d63e-674a-490b-805e-daa6b48d4955,404-20-3002-10121,Vi,LTE,404,20,3002,10121,21.19388,72.79738,80.1,360.0,357.0,"Plot 65, Near Athwa Gate Circle, Athwa Lines, Ghod Dod Road, Surat, Gujarat 395001"
9567cc8d-7133-42a4-bc4e-7fb6616c0b61,404-10-2012-10122,Airtel,GSM,404,10,2012,10122,21.19681,72.80796,264.7,90.0,316.0,"Plot 148, Near Parle Point, Athwa Lines, Ghod Dod Road, Surat, Gujarat 395001"
75b0647d-adea-4d40-826f-4b27fe3ec7f9,405-867-1011-10123,Jio,LTE,405,867,1011,10123,21.19397,72.80775,0.0,90.0,459.0,"Plot 24, Near Chopati Garden, Athwa Lines, Ghod Dod Road, Surat, Gujarat 395001"
858af366-2a6d-4945-83ed-24d0eb05ffff,405-867-1019-10124,Jio,LTE,405,867,1019,10124,21.19397,72.80775,120.0,90.0,459.0,"Plot 24, Near Chopati Garden, Athwa Lines, Ghod Dod Road, Surat, Gujarat 395001"
eaee99c2-2199-40b9-a2a2-8caceffcd301,404-10-2036-10125,Airtel,LTE,404,10,2036,10125,21.19397,72.80775,240.0,90.0,459.0,"Plot 24, Near Chopati Garden, Athwa Lines, Ghod Dod Road, Surat, Gujarat 395001"
437f853b-caa9-4927-8d7d-9c10826b57e5,404-81-4035-10126,BSNL,LTE,404,81,4035,10126,21.18747,72.80938,270.4,360.0,355.0,"Plot 83, Near Parle Point, Athwa Lines, Ghod Dod Road, Surat, Gujarat 395001"
f515a8b8-0e0c-4d42-b96b-650e27b9d7e4,404-10-2014-10127,Airtel,NR,404,10,2014,10127,21.17758,72.80915,0.0,90.0,505.0,"Plot 93, Near Athwa Gate Circle, Athwa Lines, Ghod Dod Road, Surat, Gujarat 395001"
5b5e3ff0-f98e-4b24-b724-e89e35f309c8,405-867-1019-10128,Jio,LTE,405,867,1019,10128,21.17758,72.80915,120.0,90.0,505.0,"Plot 93, Near Athwa Gate Circle, Athwa Lines, Ghod Dod Road, Surat, Gujarat 395001"
ed4e35c1-3f27-4d90-b4d9-1656dd05705d,405-867-1008-10129,Jio,LTE,405,867,1008,10129,21.17758,72.80915,240.0,90.0,505.0,"Plot 93, Near Athwa Gate Circle, Athwa Lines, Ghod Dod Road, Surat, Gujarat 395001"
83b46846-79ab-43ba-b3e2-0bdc842d2fa2,404-10-2008-10130,Airtel,LTE,404,10,2008,10130,21.19611,72.81078,0.0,90.0,257.0,"Plot 41, Near Ghod Dod Road, Athwa Lines, Ghod Dod Road, Surat, Gujarat 395001"
9257edd6-454c-4034-a837-111055c7ef1f,405-867-1010-10131,Jio,LTE,405,867,1010,10131,21.19611,72.81078,120.0,90.0,257.0,"Plot 41, Near Ghod Dod Road, Athwa Lines, Ghod Dod Road, Surat, Gujarat 395001"
5b6e30ac-7e0e-47ea-b3ea-f377c8a7a446,405-867-1033-10132,Jio,LTE,405,867,1033,10132,21.19611,72.81078,240.0,90.0,257.0,"Plot 41, Near Ghod Dod Road, Athwa Lines, Ghod Dod Road, Surat, Gujarat 395001"
80cdec30-0be8-4332-8b2f-c97274a54d63,405-867-1039-10133,Jio,LTE,405,867,1039,10133,21.17877,72.79595,0.0,90.0,532.0,"Plot 121, Near Chopati Garden, Athwa Lines, Ghod Dod Road, Surat, Gujarat 395001"
11ccf872-57f8-4fd9-b753-5c27e9945470,404-10-2005-10134,Airtel,NR,404,10,2005,10134,21.17877,72.79595,120.0,90.0,532.0,"Plot 121, Near Chopati Garden, Athwa Lines, Ghod Dod Road, Surat, Gujarat 395001"
1803e12f-570b-4afd-a60e-c9a82e0205b9,405-867-1027-10135,Jio,NR,405,867,1027,10135,21.17877,72.79595,240.0,90.0,532.0,"Plot 121, Near Chopati Garden, Athwa Lines, Ghod Dod Road, Surat, Gujarat 395001"
777f959b-4880-45ac-8ad9-2f13aa05af49,404-20-3043-10136,Vi,LTE,404,20,3043,10136,21.17343,72.82251,0.0,90.0,402.0,"Plot 1, Near Parle Point, Athwa Lines, Ghod Dod Road, Surat, Gujarat 395001"
c4e355ec-1afd-49d5-a22e-687f8b63cf55,405-867-1035-10137,Jio,LTE,405,867,1035,10137,21.17343,72.82251,120.0,90.0,402.0,"Plot 1, Near Parle Point, Athwa Lines, Ghod Dod Road, Surat, Gujarat 395001"
7aa2bd94-a55c-44e1-a269-7185dce495df,405-867-1035-10138,Jio,LTE,405,867,1035,10138,21.17343,72.82251,240.0,90.0,402.0,"Plot 1, Near Parle Point, Athwa Lines, Ghod Dod Road, Surat, Gujarat 395001"
bc4030db-a97e-4bc2-914a-5527b6cb0ffd,404-20-3021-10139,Vi,LTE,404,20,3021,10139,21.16952,72.82102,0.0,90.0,369.0,"Plot 62, Near Ghod Dod Road, Athwa Lines, Ghod Dod Road, Surat, Gujarat 395001"
d43183a3-dde3-4895-96bf-8d23888b9ca1,404-20-3025-10140,Vi,LTE,404,20,3025,10140,21.16952,72.82102,120.0,90.0,369.0,"Plot 62, Near Ghod Dod Road, Athwa Lines, Ghod Dod Road, Surat, Gujarat 395001"
ff447f1a-198e-4de6-b393-b3c0c78e85a8,405-867-1042-10141,Jio,LTE,405,867,1042,10141,21.16952,72.82102,240.0,90.0,369.0,"Plot 62, Near Ghod Dod Road, Athwa Lines, Ghod Dod Road, Surat, Gujarat 395001"
8a324e85-c8d0-4b7c-9a14-7585a948bd5b,405-867-1029-10142,Jio,LTE,405,867,1029,10142,21.19465,72.80636,0.0,90.0,552.0,"Plot 33, Near Athwa Lines, Athwa Lines, Ghod Dod Road, Surat, Gujarat 395001"
dfe66d36-1c6d-4c53-a094-02e84babaa41,405-867-1001-10143,Jio,NR,405,867,1001,10143,21.19465,72.80636,120.0,90.0,552.0,"Plot 33, Near Athwa Lines, Athwa Lines, Ghod Dod Road, Surat, Gujarat 395001"
67d52b57-1d35-4266-b633-5f6dc31638db,404-10-2042-10144,Airtel,LTE,404,10,2042,10144,21.19465,72.80636,240.0,90.0,552.0,"Plot 33, Near Athwa Lines, Athwa Lines, Ghod Dod Road, Surat, Gujarat 395001"
fc9222ec-a942-4216-9f81-df13bf423ecb,404-10-2044-10145,Airtel,NR,404,10,2044,10145,21.18713,72.80695,0.0,90.0,453.0,"Plot 87, Near Parle Point, Athwa Lines, Ghod Dod Road, Surat, Gujarat 395001"
371b5ac2-fcb8-414e-ab18-45bfaf85cb81,404-20-3021-10146,Vi,LTE,404,20,3021,10146,21.18713,72.80695,120.0,90.0,453.0,"Plot 87, Near Parle Point, Athwa Lines, Ghod Dod Road, Surat, Gujarat 395001"
8bdcabda-a8a0-4f7b-be97-001ef7fa1b50,404-10-2032-10147,Airtel,NR,404,10,2032,10147,21.18713,72.80695,240.0,90.0,453.0,"Plot 87, Near Parle Point, Athwa Lines, Ghod Dod Road, Surat, Gujarat 395001"
0ce98458-5bfb-42f6-a8d8-fdd7a354c210,404-81-4028-10148,BSNL,LTE,404,81,4028,10148,21.18467,72.80504,0.0,90.0,397.0,"Plot 61, Near Athwa Lines, Athwa Lines, Ghod Dod Road, Surat, Gujarat 395001"
12173b87-be3e-444c-bae4-4562d90ab945,404-81-4007-10149,BSNL,LTE,404,81,4007,10149,21.18467,72.80504,120.0,90.0,397.0,"Plot 61, Near Athwa Lines, Athwa Lines, Ghod Dod Road, Surat, Gujarat 395001"
a41c5541-e192-4126-9c51-f6f9eb1d3fd5,405-867-1002-10150,Jio,LTE,405,867,1002,10150,21.18467,72.80504,240.0,90.0,397.0,"Plot 61, Near Athwa Lines, Athwa Lines, Ghod Dod Road, Surat, Gujarat 395001"
b100a653-1230-4de1-a9d5-1084a019b8b7,405-867-1044-10151,Jio,LTE,405,867,1044,10151,21.19743,72.81292,0.0,90.0,324.0,"Plot 92, Near Parle Point, Athwa Lines, Ghod Dod Road, Surat, Gujarat 395001"
2249d85c-2207-4719-86c1-d3e18dba31b3,404-20-3006-10152,Vi,LTE,404,20,3006,10152,21.19743,72.81292,120.0,90.0,324.0,"Plot 92, Near Parle Point, Athwa Lines, Ghod Dod Road, Surat, Gujarat 395001"
35ff74c5-9208-45b1-9bbc-33c251b978f6,404-10-2044-10153,Airtel,LTE,404,10,2044,10153,21.19743,72.81292,240.0,90.0,324.0,"Plot 92, Near Parle Point, Athwa Lines, Ghod Dod Road, Surat, Gujarat 395001"
1c065c2b-8971-4452-b637-158664a891f1,405-867-1030-10154,Jio,LTE,405,867,1030,10154,21.18299,72.82644,0.0,90.0,380.0,"Plot 60, Near Ghod Dod Road, Athwa Lines, Ghod Dod Road, Surat, Gujarat 395001"
d3d78d3c-4f21-442c-969d-f8aa3c2cf555,404-20-3011-10155,Vi,LTE,404,20,3011,10155,21.18299,72.82644,120.0,90.0,380.0,"Plot 60, Near Ghod Dod Road, Athwa Lines, Ghod Dod Road, Surat, Gujarat 395001"
8854b89d-f3ca-448f-a823-46546bd5917f,405-867-1038-10156,Jio,NR,405,867,1038,10156,21.18299,72.82644,240.0,90.0,380.0,"Plot 60, Near Ghod Dod Road, Athwa Lines, Ghod Dod Road, Surat, Gujarat 395001"
5965972a-2473-4565-b6ed-2100eac2cf97,405-867-1031-10157,Jio,LTE,405,867,1031,10157,21.17663,72.82606,0.0,90.0,404.0,"Plot 65, Near Dutch Garden, Athwa Lines, Ghod Dod Road, Surat, Gujarat 395001"
0904b1f5-6448-4236-8dcc-2e1a980bdd07,405-867-1023-10158,Jio,LTE,405,867,1023,10158,21.17663,72.82606,120.0,90.0,404.0,"Plot 65, Near Dutch Garden, Athwa Lines, Ghod Dod Road, Surat, Gujarat 395001"
fac87f7f-f76b-4fd3-ba54-8d6cdeeb23ae,404-10-2019-10159,Airtel,GSM,404,10,2019,10159,21.17663,72.82606,240.0,90.0,404.0,"Plot 65, Near Dutch Garden, Athwa Lines, Ghod Dod Road, Surat, Gujarat 395001"
11f1bd63-50c8-49b3-8b9e-f344ae2568bd,405-867-1032-10160,Jio,LTE,405,867,1032,10160,21.19828,72.81042,302.8,360.0,374.0,"Plot 71, Near Chopati Garden, Athwa Lines, Ghod Dod Road, Surat, Gujarat 395001"
62b73db2-e792-418c-84a4-eafaa6b24bc8,404-10-2043-10161,Airtel,LTE,404,10,2043,10161,21.19052,72.79206,0.0,90.0,347.0,"Plot 91, Near Ghod Dod Road, Athwa Lines, Ghod Dod Road, Surat, Gujarat 395001"
865410b8-87e9-490c-b6fc-1b46979c3305,404-10-2007-10162,Airtel,LTE,404,10,2007,10162,21.19052,72.79206,120.0,90.0,347.0,"Plot 91, Near Ghod Dod Road, Athwa Lines, Ghod Dod Road, Surat, Gujarat 395001"
d67390e5-c689-4293-8ec3-d52f188ba541,404-20-3020-10163,Vi,LTE,404,20,3020,10163,21.19052,72.79206,240.0,90.0,347.0,"Plot 91, Near Ghod Dod Road, Athwa Lines, Ghod Dod Road, Surat, Gujarat 395001"
ef3cc444-a3c4-46b9-ada7-b7036dc398ec,405-867-1035-10164,Jio,LTE,405,867,1035,10164,21.1829,72.80411,103.3,360.0,303.0,"Plot 34, Near Parle Point, Athwa Lines, Ghod Dod Road, Surat, Gujarat 395001"
effae811-9c69-4336-a4f2-3084c6bde290,404-20-3019-10165,Vi,GSM,404,20,3019,10165,21.18984,72.79974,0.0,90.0,381.0,"Plot 70, Near Athwa Gate Circle, Athwa Lines, Ghod Dod Road, Surat, Gujarat 395001"
744054af-649d-484b-822f-e0382d7c93d8,404-20-3008-10166,Vi,LTE,404,20,3008,10166,21.18984,72.79974,120.0,90.0,381.0,"Plot 70, Near Athwa Gate Circle, Athwa Lines, Ghod Dod Road, Surat, Gujarat 395001"
7d8960a2-19e4-4c6f-b334-20cd899fb2ee,405-867-1015-10167,Jio,LTE,405,867,1015,10167,21.18984,72.79974,240.0,90.0,381.0,"Plot 70, Near Athwa Gate Circle, Athwa Lines, Ghod Dod Road, Surat, Gujarat 395001"
992c3ff8-7d69-423b-9b3b-dd87aec8a4f0,405-867-1030-10168,Jio,LTE,405,867,1030,10168,21.1918,72.79531,0.0,90.0,452.0,"Plot 143, Near Chopati Garden, Athwa Lines, Ghod Dod Road, Surat, Gujarat 395001"
02174f4c-045b-4aaf-b5a1-60f57f75ed6f,405-867-1017-10169,Jio,LTE,405,867,1017,10169,21.1918,72.79531,120.0,90.0,452.0,"Plot 143, Near Chopati Garden, Athwa Lines, Ghod Dod Road, Surat, Gujarat 395001"
ef77d3fc-c717-4388-be1b-e17a9bbca763,404-10-2024-10170,Airtel,NR,404,10,2024,10170,21.1918,72.79531,240.0,90.0,452.0,"Plot 143, Near Chopati Garden, Athwa Lines, Ghod Dod Road, Surat, Gujarat 395001"
8bb89cfc-ca7b-4e83-9205-fb8477c1233f,405-867-1030-10171,Jio,LTE,405,867,1030,10171,21.18888,72.81398,0.0,90.0,562.0,"Plot 144, Near Athwa Lines, Athwa Lines, Ghod Dod Road, Surat, Gujarat 395001"
2b54abac-6f27-4061-ab06-ef00939f8b4d,404-20-3027-10172,Vi,LTE,404,20,3027,10172,21.18888,72.81398,120.0,90.0,562.0,"Plot 144, Near Athwa Lines, Athwa Lines, Ghod Dod Road, Surat, Gujarat 395001"
2d247ca9-b57f-4fd1-a558-334eb9b9ca8f,405-867-1003-10173,Jio,LTE,405,867,1003,10173,21.18888,72.81398,240.0,90.0,562.0,"Plot 144, Near Athwa Lines, Athwa Lines, Ghod Dod Road, Surat, Gujarat 395001"
70e33e51-fe1e-411b-be49-a310145f50ee,405-867-1045-10174,Jio,LTE,405,867,1045,10174,21.17774,72.82084,0.0,90.0,319.0,"Plot 61, Near Athwa Lines, Athwa Lines, Ghod Dod Road, Surat, Gujarat 395001"
1b68c5ad-1858-4dea-a485-b7d0494511d8,404-81-4010-10175,BSNL,GSM,404,81,4010,10175,21.17774,72.82084,120.0,90.0,319.0,"Plot 61, Near Athwa Lines, Athwa Lines, Ghod Dod Road, Surat, Gujarat 395001"
a7c15bc4-f555-4778-a3b4-2ef7ce3d2fc6,404-20-3032-10176,Vi,LTE,404,20,3032,10176,21.17774,72.82084,240.0,90.0,319.0,"Plot 61, Near Athwa Lines, Athwa Lines, Ghod Dod Road, Surat, Gujarat 395001"
bacb4ae0-39e7-438d-b75d-54d21d683f5e,405-867-1024-10177,Jio,NR,405,867,1024,10177,21.16895,72.79556,0.0,90.0,361.0,"Plot 9, Near Parle Point, Athwa Lines, Ghod Dod Road, Surat, Gujarat 395001"
041661bd-4525-481b-8416-f31d3a7f9cb0,405-867-1035-10178,Jio,LTE,405,867,1035,10178,21.16895,72.79556,120.0,90.0,361.0,"Plot 9, Near Parle Point, Athwa Lines, Ghod Dod Road, Surat, Gujarat 395001"
7baa7056-db4c-48a5-a1ea-1df6ca86080a,404-20-3004-10179,Vi,LTE,404,20,3004,10179,21.16895,72.79556,240.0,90.0,361.0,"Plot 9, Near Parle Point, Athwa Lines, Ghod Dod Road, Surat, Gujarat 395001"
25a2b129-3c28-4a49-b075-865e93f05e6c,404-81-4022-10180,BSNL,GSM,404,81,4022,10180,21.17557,72.81313,74.2,360.0,326.0,"Plot 117, Near Athwa Lines, Athwa Lines, Ghod Dod Road, Surat, Gujarat 395001"
54feec41-5834-4ebd-9cb0-f411f48c9d51,405-867-1022-10181,Jio,NR,405,867,1022,10181,21.18227,72.81509,267.8,60.0,325.0,"Plot 53, Near Athwa Gate Circle, Athwa Lines, Ghod Dod Road, Surat, Gujarat 395001"
26337415-c7e5-4f24-9556-d393b3218baa,404-81-4012-10182,BSNL,LTE,404,81,4012,10182,21.18444,72.79102,0.0,90.0,324.0,"Plot 1, Near Athwa Gate Circle, Athwa Lines, Ghod Dod Road, Surat, Gujarat 395001"
2ccebb4a-6b8f-47f2-b106-de7a4c73a36a,405-867-1009-10183,Jio,NR,405,867,1009,10183,21.18444,72.79102,120.0,90.0,324.0,"Plot 1, Near Athwa Gate Circle, Athwa Lines, Ghod Dod Road, Surat, Gujarat 395001"
fbced490-60f0-4019-b882-f294f53508cf,405-867-1016-10184,Jio,NR,405,867,1016,10184,21.18444,72.79102,240.0,90.0,324.0,"Plot 1, Near Athwa Gate Circle, Athwa Lines, Ghod Dod Road, Surat, Gujarat 395001"
1ef5283e-c4e8-45ce-bd67-906c6d8c5a3f,405-867-1024-10185,Jio,LTE,405,867,1024,10185,21.17955,72.80636,147.3,60.0,345.0,"Plot 14, Near Parle Point, Athwa Lines, Ghod Dod Road, Surat, Gujarat 395001"
8756ee59-1ebd-48ed-a3a3-cfa08890191f,404-10-2043-10186,Airtel,GSM,404,10,2043,10186,21.17583,72.80745,0.0,90.0,272.0,"Plot 57, Near Athwa Gate Circle, Athwa Lines, Ghod Dod Road, Surat, Gujarat 395001"
eefd27ca-c82a-455f-ba25-d389520ca960,404-10-2002-10187,Airtel,LTE,404,10,2002,10187,21.17583,72.80745,120.0,90.0,272.0,"Plot 57, Near Athwa Gate Circle, Athwa Lines, Ghod Dod Road, Surat, Gujarat 395001"
e766950e-c510-480b-81f4-7941eed33836,405-867-1026-10188,Jio,LTE,405,867,1026,10188,21.17583,72.80745,240.0,90.0,272.0,"Plot 57, Near Athwa Gate Circle, Athwa Lines, Ghod Dod Road, Surat, Gujarat 395001"
7c5e2446-f605-4bce-9ee5-0a993d8ea26c,405-867-1041-10189,Jio,LTE,405,867,1041,10189,21.17649,72.81095,28.3,360.0,268.0,"Plot 114, Near Dutch Garden, Athwa Lines, Ghod Dod Road, Surat, Gujarat 395001"
73e5cf67-b533-48ea-8b0c-176d8c3f9bcf,404-10-2045-10190,Airtel,LTE,404,10,2045,10190,21.1689,72.79965,0.0,90.0,508.0,"Plot 136, Near Chopati Garden, Athwa Lines, Ghod Dod Road, Surat, Gujarat 395001"
62704995-97f3-4a6d-a305-5d3033b4eadf,405-867-1036-10191,Jio,LTE,405,867,1036,10191,21.1689,72.79965,120.0,90.0,508.0,"Plot 136, Near Chopati Garden, Athwa Lines, Ghod Dod Road, Surat, Gujarat 395001"
efa88f69-cb59-47cd-b3bb-ae8516b36a3a,404-10-2029-10192,Airtel,LTE,404,10,2029,10192,21.1689,72.79965,240.0,90.0,508.0,"Plot 136, Near Chopati Garden, Athwa Lines, Ghod Dod Road, Surat, Gujarat 395001"
ff8af154-c703-49af-b462-8323e40b7038,405-867-1017-10193,Jio,LTE,405,867,1017,10193,21.1909,72.79991,0.0,90.0,298.0,"Plot 103, Near Chopati Garden, Athwa Lines, Ghod Dod Road, Surat, Gujarat 395001"
ddd1fc55-b73f-4e5e-a595-6132116fedaf,405-867-1031-10194,Jio,LTE,405,867,1031,10194,21.1909,72.79991,120.0,90.0,298.0,"Plot 103, Near Chopati Garden, Athwa Lines, Ghod Dod Road, Surat, Gujarat 395001"
497fe120-3c2e-454a-a087-ea5c73e155ae,405-867-1006-10195,Jio,NR,405,867,1006,10195,21.1909,72.79991,240.0,90.0,298.0,"Plot 103, Near Chopati Garden, Athwa Lines, Ghod Dod Road, Surat, Gujarat 395001"
bbf24209-e94e-4bbc-b064-d28c398dbebb,404-81-4043-10196,BSNL,LTE,404,81,4043,10196,21.16783,72.81493,0.0,90.0,550.0,"Plot 34, Near Parle Point, Athwa Lines, Ghod Dod Road, Surat, Gujarat 395001"
e8e2e2be-324b-48cd-8d4a-7ed5f475bfb2,405-867-1043-10197,Jio,LTE,405,867,1043,10197,21.16783,72.81493,120.0,90.0,550.0,"Plot 34, Near Parle Point, Athwa Lines, Ghod Dod Road, Surat, Gujarat 395001"
6b5e754f-e1b6-4e43-b5c2-ec88f3f24fe7,404-81-4004-10198,BSNL,GSM,404,81,4004,10198,21.16783,72.81493,240.0,90.0,550.0,"Plot 34, Near Parle Point, Athwa Lines, Ghod Dod Road, Surat, Gujarat 395001"
7de3322a-397e-4c1a-923a-c832bb055881,405-867-1007-10199,Jio,LTE,405,867,1007,10199,21.19573,72.80504,0.0,90.0,358.0,"Plot 27, Near Parle Point, Athwa Lines, Ghod Dod Road, Surat, Gujarat 395001"
f95d4f72-1cff-41a4-b308-69e3bda30a65,405-867-1008-10200,Jio,LTE,405,867,1008,10200,21.19573,72.80504,120.0,90.0,358.0,"Plot 27, Near Parle Point, Athwa Lines, Ghod Dod Road, Surat, Gujarat 395001"
797666e1-93f2-4deb-a489-4b7c14e6ebc2,404-20-3028-10201,Vi,LTE,404,20,3028,10201,21.19573,72.80504,240.0,90.0,358.0,"Plot 27, Near Parle Point, Athwa Lines, Ghod Dod Road, Surat, Gujarat 395001"
0e7fce1c-808b-43a7-bc2e-4c3ebf17c2c5,405-867-1020-10202,Jio,LTE,405,867,1020,10202,21.19201,72.79223,325.2,360.0,284.0,"Plot 143, Near Athwa Gate Circle, Athwa Lines, Ghod Dod Road, Surat, Gujarat 395001"
8ee5f6a5-6826-4724-b6ac-fa1afed5f888,405-867-1002-10203,Jio,LTE,405,867,1002,10203,21.19149,72.80253,0.0,90.0,455.0,"Plot 37, Near Ghod Dod Road, Athwa Lines, Ghod Dod Road, Surat, Gujarat 395001"
17a64052-a55d-4c5e-9114-cf8dd4d8461d,405-867-1025-10204,Jio,LTE,405,867,1025,10204,21.19149,72.80253,120.0,90.0,455.0,"Plot 37, Near Ghod Dod Road, Athwa Lines, Ghod Dod Road, Surat, Gujarat 395001"
1508a6c1-d430-4e05-b05a-2104accc7dc9,405-867-1024-10205,Jio,LTE,405,867,1024,10205,21.19149,72.80253,240.0,90.0,455.0,"Plot 37, Near Ghod Dod Road, Athwa Lines, Ghod Dod Road, Surat, Gujarat 395001"
0ef1bd0d-77fb-4f94-92d3-bb49275253b6,405-867-1044-10206,Jio,LTE,405,867,1044,10206,21.17808,72.8183,0.0,90.0,329.0,"Plot 22, Near Athwa Gate Circle, Athwa Lines, Ghod Dod Road, Surat, Gujarat 395001"
d128c1ab-90ea-4baf-986f-45a29de31cd4,405-867-1028-10207,Jio,LTE,405,867,1028,10207,21.17808,72.8183,120.0,90.0,329.0,"Plot 22, Near Athwa Gate Circle, Athwa Lines, Ghod Dod Road, Surat, Gujarat 395001"
c3a51c33-957b-4680-b899-1abce84642d8,405-867-1018-10208,Jio,LTE,405,867,1018,10208,21.17808,72.8183,240.0,90.0,329.0,"Plot 22, Near Athwa Gate Circle, Athwa Lines, Ghod Dod Road, Surat, Gujarat 395001"
8000b2e4-157c-413b-9e59-8a38725c0398,404-10-2015-10209,Airtel,LTE,404,10,2015,10209,21.18478,72.82157,237.4,360.0,312.0,"Plot 111, Near Parle Point, Athwa Lines, Ghod Dod Road, Surat, Gujarat 395001"
b73195a3-48b5-4164-9664-1ef19d14b259,404-20-3019-10210,Vi,GSM,404,20,3019,10210,21.17093,72.81718,0.0,90.0,358.0,"Plot 53, Near Athwa Lines, Athwa Lines, Ghod Dod Road, Surat, Gujarat 395001"
376baf1c-3dd2-4091-aa5f-d5e581cc16f2,405-867-1028-10211,Jio,LTE,405,867,1028,10211,21.17093,72.81718,120.0,90.0,358.0,"Plot 53, Near Athwa Lines, Athwa Lines, Ghod Dod Road, Surat, Gujarat 395001"
359e2530-6a2e-424a-b96e-54d53325b43a,405-867-1015-10212,Jio,LTE,405,867,1015,10212,21.17093,72.81718,240.0,90.0,358.0,"Plot 53, Near Athwa Lines, Athwa Lines, Ghod Dod Road, Surat, Gujarat 395001"
7473d8e5-69f4-4d6c-8720-11748b64ab5b,405-867-1005-10213,Jio,LTE,405,867,1005,10213,21.16554,72.80797,0.0,90.0,271.0,"Plot 19, Near Parle Point, Athwa Lines, Ghod Dod Road, Surat, Gujarat 395001"
e9593e3b-3b5d-453b-a9ac-3c98bd54c31a,404-20-3037-10214,Vi,LTE,404,20,3037,10214,21.16554,72.80797,120.0,90.0,271.0,"Plot 19, Near Parle Point, Athwa Lines, Ghod Dod Road, Surat, Gujarat 395001"
11c82d6a-4a2f-4980-bd0a-59fd87209cb9,405-867-1019-10215,Jio,LTE,405,867,1019,10215,21.16554,72.80797,240.0,90.0,271.0,"Plot 19, Near Parle Point, Athwa Lines, Ghod Dod Road, Surat, Gujarat 395001"
326595de-25d0-44b1-bc4e-7b3775e977df,405-867-1024-10216,Jio,LTE,405,867,1024,10216,21.18436,72.81024,0.0,90.0,566.0,"Plot 44, Near Parle Point, Athwa Lines, Ghod Dod Road, Surat, Gujarat 395001"
216ac219-ef4a-4eab-988d-551381f1e8b1,405-867-1016-10217,Jio,NR,405,867,1016,10217,21.18436,72.81024,120.0,90.0,566.0,"Plot 44, Near Parle Point, Athwa Lines, Ghod Dod Road, Surat, Gujarat 395001"
7153180d-dd79-40ca-9cc8-1f0363e409dd,405-867-1006-10218,Jio,LTE,405,867,1006,10218,21.18436,72.81024,240.0,90.0,566.0,"Plot 44, Near Parle Point, Athwa Lines, Ghod Dod Road, Surat, Gujarat 395001"
b22853bd-96ad-4bbc-8fd6-39d2dc705c13,405-867-1034-10219,Jio,LTE,405,867,1034,10219,21.17395,72.81463,0.0,90.0,336.0,"Plot 57, Near Parle Point, Athwa Lines, Ghod Dod Road, Surat, Gujarat 395001"
c2c281f1-6834-4573-9db1-8e31866daa6e,404-10-2023-10220,Airtel,GSM,404,10,2023,10220,21.17395,72.81463,120.0,90.0,336.0,"Plot 57, Near Parle Point, Athwa Lines, Ghod Dod Road, Surat, Gujarat 395001"
ffdfecd4-4cf3-4cae-8568-d050508255b1,405-867-1042-10221,Jio,NR,405,867,1042,10221,21.17395,72.81463,240.0,90.0,336.0,"Plot 57, Near Parle Point, Athwa Lines, Ghod Dod Road, Surat, Gujarat 395001"
93f81a9c-8852-4c55-a427-81d099a5be92,405-867-1005-10222,Jio,NR,405,867,1005,10222,21.18554,72.79924,0.0,90.0,558.0,"Plot 66, Near Ghod Dod Road, Athwa Lines, Ghod Dod Road, Surat, Gujarat 395001"
139a0b7c-1cb3-4294-acd2-42cd9faa816f,405-867-1032-10223,Jio,NR,405,867,1032,10223,21.18554,72.79924,120.0,90.0,558.0,"Plot 66, Near Ghod Dod Road, Athwa Lines, Ghod Dod Road, Surat, Gujarat 395001"
8c37eea8-81a5-4b2b-9676-bec60ae43e73,405-867-1038-10224,Jio,LTE,405,867,1038,10224,21.18554,72.79924,240.0,90.0,558.0,"Plot 66, Near Ghod Dod Road, Athwa Lines, Ghod Dod Road, Surat, Gujarat 395001"
c8794076-dc88-429b-be84-5cf9117e2e15,405-867-1031-10225,Jio,LTE,405,867,1031,10225,21.16556,72.81386,0.0,90.0,571.0,"Plot 83, Near Athwa Gate Circle, Athwa Lines, Ghod Dod Road, Surat, Gujarat 395001"
5a6990f0-0e21-4dc6-a94d-fc282ce6eca5,405-867-1018-10226,Jio,LTE,405,867,1018,10226,21.16556,72.81386,120.0,90.0,571.0,"Plot 83, Near Athwa Gate Circle, Athwa Lines, Ghod Dod Road, Surat, Gujarat 395001"
3723e435-4d15-48e7-a856-73e19c7bec1b,404-10-2005-10227,Airtel,LTE,404,10,2005,10227,21.16556,72.81386,240.0,90.0,571.0,"Plot 83, Near Athwa Gate Circle, Athwa Lines, Ghod Dod Road, Surat, Gujarat 395001"
a4c28518-cc2c-46a4-bf50-b07d6bc77fb3,404-10-2006-10228,Airtel,GSM,404,10,2006,10228,21.17749,72.82014,0.0,90.0,289.0,"Plot 95, Near Athwa Lines, Athwa Lines, Ghod Dod Road, Surat, Gujarat 395001"
33f3eaa7-d7e3-4c32-a022-efccb651f596,404-10-2030-10229,Airtel,LTE,404,10,2030,10229,21.17749,72.82014,120.0,90.0,289.0,"Plot 95, Near Athwa Lines, Athwa Lines, Ghod Dod Road, Surat, Gujarat 395001"
b4d8cf71-76fe-4ef6-9789-d7b58c0f04cb,404-10-2003-10230,Airtel,GSM,404,10,2003,10230,21.17749,72.82014,240.0,90.0,289.0,"Plot 95, Near Athwa Lines, Athwa Lines, Ghod Dod Road, Surat, Gujarat 395001"
5925dd91-2b5f-46f5-b43a-373154887f17,404-10-2029-10231,Airtel,GSM,404,10,2029,10231,21.16657,72.81341,0.0,90.0,493.0,"Plot 49, Near Dutch Garden, Athwa Lines, Ghod Dod Road, Surat, Gujarat 395001"
568cc73b-4f02-46e3-9af5-7624f8d0efc1,405-867-1022-10232,Jio,NR,405,867,1022,10232,21.16657,72.81341,120.0,90.0,493.0,"Plot 49, Near Dutch Garden, Athwa Lines, Ghod Dod Road, Surat, Gujarat 395001"
c84c5a35-0698-4167-b2e6-65cd1a02e2fc,404-81-4042-10233,BSNL,GSM,404,81,4042,10233,21.16657,72.81341,240.0,90.0,493.0,"Plot 49, Near Dutch Garden, Athwa Lines, Ghod Dod Road, Surat, Gujarat 395001"
d5755db4-c5e3-466f-bdd7-596d49ef5c32,405-867-1019-10234,Jio,LTE,405,867,1019,10234,21.18626,72.81663,0.0,90.0,562.0,"Plot 113, Near Chopati Garden, Athwa Lines, Ghod Dod Road, Surat, Gujarat 395001"
d834aa40-4637-4b8e-8fec-b39ce6701da4,405-867-1044-10235,Jio,NR,405,867,1044,10235,21.18626,72.81663,120.0,90.0,562.0,"Plot 113, Near Chopati Garden, Athwa Lines, Ghod Dod Road, Surat, Gujarat 395001"
aceb1a5a-c5d2-444f-a2db-03a8ed50c93a,404-10-2042-10236,Airtel,NR,404,10,2042,10236,21.18626,72.81663,240.0,90.0,562.0,"Plot 113, Near Chopati Garden, Athwa Lines, Ghod Dod Road, Surat, Gujarat 395001"
e3b1a794-177d-4495-bae4-48b4c6831233,404-81-4010-10237,BSNL,LTE,404,81,4010,10237,21.1767,72.81766,0.0,90.0,586.0,"Plot 99, Near Athwa Gate Circle, Athwa Lines, Ghod Dod Road, Surat, Gujarat 395001"
3fd1de0d-0fe3-4dbe-a578-4371190b02a4,405-867-1010-10238,Jio,LTE,405,867,1010,10238,21.1767,72.81766,120.0,90.0,586.0,"Plot 99, Near Athwa Gate Circle, Athwa Lines, Ghod Dod Road, Surat, Gujarat 395001"
ea24f11b-4502-497d-bf1c-22cca85274f4,404-20-3042-10239,Vi,LTE,404,20,3042,10239,21.1767,72.81766,240.0,90.0,586.0,"Plot 99, Near Athwa Gate Circle, Athwa Lines, Ghod Dod Road, Surat, Gujarat 395001"
70f9755f-14cc-4c3e-9c4d-c423a67c0a54,404-10-2009-10240,Airtel,LTE,404,10,2009,10240,21.17838,72.79644,0.0,90.0,442.0,"Plot 22, Near Athwa Gate Circle, Athwa Lines, Ghod Dod Road, Surat, Gujarat 395001"
c01046e1-01a6-4022-b381-22e14a73b5b0,404-10-2044-10241,Airtel,NR,404,10,2044,10241,21.17838,72.79644,120.0,90.0,442.0,"Plot 22, Near Athwa Gate Circle, Athwa Lines, Ghod Dod Road, Surat, Gujarat 395001"
63d5ae87-a34f-485c-8268-7625519ce24b,404-20-3043-10242,Vi,LTE,404,20,3043,10242,21.17838,72.79644,240.0,90.0,442.0,"Plot 22, Near Athwa Gate Circle, Athwa Lines, Ghod Dod Road, Surat, Gujarat 395001"
f0bd1cc5-9087-44e4-8b1a-ffde5b487316,405-867-1013-10243,Jio,NR,405,867,1013,10243,21.17231,72.81343,0.0,90.0,359.0,"Plot 80, Near Parle Point, Athwa Lines, Ghod Dod Road, Surat, Gujarat 395001"
85c52da2-f69c-423f-98f4-bcb6f34d5c26,405-867-1005-10244,Jio,LTE,405,867,1005,10244,21.17231,72.81343,120.0,90.0,359.0,"Plot 80, Near Parle Point, Athwa Lines, Ghod Dod Road, Surat, Gujarat 395001"
7d2c977c-5999-4966-bbd6-f8ac1d7fb5b9,405-867-1033-10245,Jio,NR,405,867,1033,10245,21.17231,72.81343,240.0,90.0,359.0,"Plot 80, Near Parle Point, Athwa Lines, Ghod Dod Road, Surat, Gujarat 395001"
aaa539db-576e-4bdd-bf57-23e86589e0fc,405-867-1011-10246,Jio,LTE,405,867,1011,10246,21.18416,72.79048,0.0,90.0,566.0,"Plot 10, Near Athwa Gate Circle, Athwa Lines, Ghod Dod Road, Surat, Gujarat 395001"
8fc2a8e0-b6fa-412b-a25d-d96bcfc40850,405-867-1040-10247,Jio,LTE,405,867,1040,10247,21.18416,72.79048,120.0,90.0,566.0,"Plot 10, Near Athwa Gate Circle, Athwa Lines, Ghod Dod Road, Surat, Gujarat 395001"
874aa32b-0c6c-4633-80e7-a78ca7db44c5,404-20-3029-10248,Vi,LTE,404,20,3029,10248,21.18416,72.79048,240.0,90.0,566.0,"Plot 10, Near Athwa Gate Circle, Athwa Lines, Ghod Dod Road, Surat, Gujarat 395001"
fafb7f05-86cf-446b-be83-603610a3f38a,405-867-1029-10249,Jio,LTE,405,867,1029,10249,21.19256,72.81119,0.0,90.0,562.0,"Plot 61, Near Dutch Garden, Athwa Lines, Ghod Dod Road, Surat, Gujarat 395001"
7a19ec23-9cc4-44e2-b098-24a580fa4b97,405-867-1031-10250,Jio,LTE,405,867,1031,10250,21.19256,72.81119,120.0,90.0,562.0,"Plot 61, Near Dutch Garden, Athwa Lines, Ghod Dod Road, Surat, Gujarat 395001"
7978dc53-cbc1-40ad-acf5-757529a40238,404-20-3044-10251,Vi,LTE,404,20,3044,10251,21.19256,72.81119,240.0,90.0,562.0,"Plot 61, Near Dutch Garden, Athwa Lines, Ghod Dod Road, Surat, Gujarat 395001"
6e79b8d3-8373-4ceb-9bc3-2726622f0b3b,404-10-2013-10252,Airtel,GSM,404,10,2013,10252,21.1989,72.80175,0.0,90.0,507.0,"Plot 73, Near Chopati Garden, Athwa Lines, Ghod Dod Road, Surat, Gujarat 395001"
6e78deab-9310-4a17-ab01-3a59e689baf4,404-20-3017-10253,Vi,LTE,404,20,3017,10253,21.1989,72.80175,120.0,90.0,507.0,"Plot 73, Near Chopati Garden, Athwa Lines, Ghod Dod Road, Surat, Gujarat 395001"
adc31647-9889-4c3c-b0ad-01a0f2e52db2,405-867-1024-10254,Jio,LTE,405,867,1024,10254,21.1989,72.80175,240.0,90.0,507.0,"Plot 73, Near Chopati Garden, Athwa Lines, Ghod Dod Road, Surat, Gujarat 395001"
ab87960e-d09e-47f6-a68e-85a0cee897b6,405-867-1010-10255,Jio,NR,405,867,1010,10255,21.17633,72.80583,0.0,90.0,332.0,"Plot 32, Near Athwa Gate Circle, Athwa Lines, Ghod Dod Road, Surat, Gujarat 395001"
1639f3b3-7d16-4800-bb11-771299fa408f,404-20-3015-10256,Vi,LTE,404,20,3015,10256,21.17633,72.80583,120.0,90.0,332.0,"Plot 32, Near Athwa Gate Circle, Athwa Lines, Ghod Dod Road, Surat, Gujarat 395001"
6e54fe67-1479-4018-9431-d77e5cf813fa,404-20-3002-10257,Vi,GSM,404,20,3002,10257,21.17633,72.80583,240.0,90.0,332.0,"Plot 32, Near Athwa Gate Circle, Athwa Lines, Ghod Dod Road, Surat, Gujarat 395001"
09214c0c-ddd5-4e03-b460-847cc25485d4,405-867-1007-10258,Jio,LTE,405,867,1007,10258,21.17216,72.81425,0.0,90.0,291.0,"Plot 61, Near Parle Point, Athwa Lines, Ghod Dod Road, Surat, Gujarat 395001"
ade010d4-3c53-4970-b530-d5477778a958,404-20-3010-10259,Vi,LTE,404,20,3010,10259,21.17216,72.81425,120.0,90.0,291.0,"Plot 61, Near Parle Point, Athwa Lines, Ghod Dod Road, Surat, Gujarat 395001"
6ba8599b-440f-4aa7-b6ed-9e87496b8032,405-867-1031-10260,Jio,LTE,405,867,1031,10260,21.17216,72.81425,240.0,90.0,291.0,"Plot 61, Near Parle Point, Athwa Lines, Ghod Dod Road, Surat, Gujarat 395001"
96d23d92-4713-4a1c-be9a-e7768acb639e,404-20-3014-10261,Vi,LTE,404,20,3014,10261,21.1797,72.801,0.0,90.0,252.0,"Plot 121, Near Dutch Garden, Athwa Lines, Ghod Dod Road, Surat, Gujarat 395001"
11900819-2d68-40f9-ba57-5469e1e893ab,404-20-3039-10262,Vi,LTE,404,20,3039,10262,21.1797,72.801,120.0,90.0,252.0,"Plot 121, Near Dutch Garden, Athwa Lines, Ghod Dod Road, Surat, Gujarat 395001"
f143b7b5-7925-4f05-b4de-8ca620d2245b,404-10-2019-10263,Airtel,LTE,404,10,2019,10263,21.1797,72.801,240.0,90.0,252.0,"Plot 121, Near Dutch Garden, Athwa Lines, Ghod Dod Road, Surat, Gujarat 395001"
3a016df0-750d-4f6d-b14f-7f0c4192419b,405-867-1032-10264,Jio,LTE,405,867,1032,10264,21.18251,72.81496,0.0,90.0,568.0,"Plot 108, Near Ghod Dod Road, Athwa Lines, Ghod Dod Road, Surat, Gujarat 395001"
8ef901ce-768a-42b8-a112-edc39164ed7a,404-10-2033-10265,Airtel,LTE,404,10,2033,10265,21.18251,72.81496,120.0,90.0,568.0,"Plot 108, Near Ghod Dod Road, Athwa Lines, Ghod Dod Road, Surat, Gujarat 395001"
651eff80-20b0-4892-be5a-101629d48382,404-10-2019-10266,Airtel,NR,404,10,2019,10266,21.18251,72.81496,240.0,90.0,568.0,"Plot 108, Near Ghod Dod Road, Athwa Lines, Ghod Dod Road, Surat, Gujarat 395001"
7725c929-0f42-44f1-99f1-9f5d3a762b07,404-10-2024-10267,Airtel,LTE,404,10,2024,10267,21.16921,72.81454,0.0,90.0,590.0,"Plot 147, Near Ghod Dod Road, Athwa Lines, Ghod Dod Road, Surat, Gujarat 395001"
5ad412b7-87ed-4aa1-a291-a58853016d19,405-867-1033-10268,Jio,LTE,405,867,1033,10268,21.16921,72.81454,120.0,90.0,590.0,"Plot 147, Near Ghod Dod Road, Athwa Lines, Ghod Dod Road, Surat, Gujarat 395001"
1e56d22e-76ad-42fe-bd21-eb3ed5e83d9a,404-20-3002-10269,Vi,LTE,404,20,3002,10269,21.16921,72.81454,240.0,90.0,590.0,"Plot 147, Near Ghod Dod Road, Athwa Lines, Ghod Dod Road, Surat, Gujarat 395001"
61afaed9-15d3-4bc0-a478-8aa386c499fd,404-20-3005-10270,Vi,LTE,404,20,3005,10270,21.1724,72.81646,0.0,90.0,379.0,"Plot 100, Near Dutch Garden, Athwa Lines, Ghod Dod Road, Surat, Gujarat 395001"
daa2e7c5-4696-4782-bceb-c523c03817be,405-867-1041-10271,Jio,LTE,405,867,1041,10271,21.1724,72.81646,120.0,90.0,379.0,"Plot 100, Near Dutch Garden, Athwa Lines, Ghod Dod Road, Surat, Gujarat 395001"
eae35891-1517-4126-b1d5-759d456657c7,405-867-1022-10272,Jio,LTE,405,867,1022,10272,21.1724,72.81646,240.0,90.0,379.0,"Plot 100, Near Dutch Garden, Athwa Lines, Ghod Dod Road, Surat, Gujarat 395001"
05a01437-59d3-46b0-95f7-ef39fb223281,405-867-1041-10273,Jio,LTE,405,867,1041,10273,21.18922,72.81661,0.0,90.0,600.0,"Plot 45, Near Parle Point, Athwa Lines, Ghod Dod Road, Surat, Gujarat 395001"
5a37a209-5f21-44bc-adde-bcbac48438d7,405-867-1030-10274,Jio,LTE,405,867,1030,10274,21.18922,72.81661,120.0,90.0,600.0,"Plot 45, Near Parle Point, Athwa Lines, Ghod Dod Road, Surat, Gujarat 395001"
7856298e-7010-43fe-905a-092fd44d46af,405-867-1013-10275,Jio,LTE,405,867,1013,10275,21.18922,72.81661,240.0,90.0,600.0,"Plot 45, Near Parle Point, Athwa Lines, Ghod Dod Road, Surat, Gujarat 395001"
37429173-cc3b-4b82-b518-9b603a3a3f5e,405-867-1042-10276,Jio,LTE,405,867,1042,10276,21.18971,72.80078,0.0,90.0,528.0,"Plot 132, Near Parle Point, Athwa Lines, Ghod Dod Road, Surat, Gujarat 395001"
21e89a66-b5a8-49d4-86ff-076fb3f202fb,405-867-1004-10277,Jio,LTE,405,867,1004,10277,21.18971,72.80078,120.0,90.0,528.0,"Plot 132, Near Parle Point, Athwa Lines, Ghod Dod Road, Surat, Gujarat 395001"
350166ef-bbd8-41b2-b28e-5146b436103f,404-20-3008-10278,Vi,LTE,404,20,3008,10278,21.18971,72.80078,240.0,90.0,528.0,"Plot 132, Near Parle Point, Athwa Lines, Ghod Dod Road, Surat, Gujarat 395001"
640ed9b6-2580-4f4d-b419-6342114a7a8f,405-867-1045-10279,Jio,LTE,405,867,1045,10279,21.18566,72.79576,0.0,90.0,447.0,"Plot 113, Near Chopati Garden, Athwa Lines, Ghod Dod Road, Surat, Gujarat 395001"
1b1345a5-1322-41cb-b98c-822b926734a3,405-867-1034-10280,Jio,NR,405,867,1034,10280,21.18566,72.79576,120.0,90.0,447.0,"Plot 113, Near Chopati Garden, Athwa Lines, Ghod Dod Road, Surat, Gujarat 395001"
cf111cb9-58cc-4ef1-98bb-d3e30d634944,405-867-1028-10281,Jio,LTE,405,867,1028,10281,21.18566,72.79576,240.0,90.0,447.0,"Plot 113, Near Chopati Garden, Athwa Lines, Ghod Dod Road, Surat, Gujarat 395001"
9ff68724-5747-4d6f-a90c-82b1822b776e,405-867-1020-10282,Jio,LTE,405,867,1020,10282,21.19434,72.81516,0.0,90.0,302.0,"Plot 140, Near Ghod Dod Road, Athwa Lines, Ghod Dod Road, Surat, Gujarat 395001"
b43e7676-007b-4212-b203-cdee9c8e043b,405-867-1011-10283,Jio,LTE,405,867,1011,10283,21.19434,72.81516,120.0,90.0,302.0,"Plot 140, Near Ghod Dod Road, Athwa Lines, Ghod Dod Road, Surat, Gujarat 395001"
9f180c43-88cf-4d75-9786-55b0d5b025b3,404-10-2003-10284,Airtel,LTE,404,10,2003,10284,21.19434,72.81516,240.0,90.0,302.0,"Plot 140, Near Ghod Dod Road, Athwa Lines, Ghod Dod Road, Surat, Gujarat 395001"
a59d2710-2c4f-422e-8ec8-d82f53d8b7b4,405-867-1024-10285,Jio,LTE,405,867,1024,10285,21.1795,72.78974,0.0,90.0,279.0,"Plot 112, Near Athwa Gate Circle, Athwa Lines, Ghod Dod Road, Surat, Gujarat 395001"
193a85ff-239a-43a1-83d9-1a890b23fd80,404-10-2011-10286,Airtel,NR,404,10,2011,10286,21.1795,72.78974,120.0,90.0,279.0,"Plot 112, Near Athwa Gate Circle, Athwa Lines, Ghod Dod Road, Surat, Gujarat 395001"
af04997f-e302-4621-abd5-9f8a0cdbd071,404-81-4039-10287,BSNL,GSM,404,81,4039,10287,21.1795,72.78974,240.0,90.0,279.0,"Plot 112, Near Athwa Gate Circle, Athwa Lines, Ghod Dod Road, Surat, Gujarat 395001"
926f19ff-df83-4b11-af7a-004142f929f7,405-867-1037-10288,Jio,LTE,405,867,1037,10288,21.17676,72.79642,0.0,90.0,580.0,"Plot 18, Near Ghod Dod Road, Athwa Lines, Ghod Dod Road, Surat, Gujarat 395001"
362217df-548d-44ae-9e23-8e02d86e947b,405-867-1029-10289,Jio,LTE,405,867,1029,10289,21.17676,72.79642,120.0,90.0,580.0,"Plot 18, Near Ghod Dod Road, Athwa Lines, Ghod Dod Road, Surat, Gujarat 395001"
03b6f3a8-68d3-4aa8-bad5-5a52ea98e907,404-81-4005-10290,BSNL,GSM,404,81,4005,10290,21.17676,72.79642,240.0,90.0,580.0,"Plot 18, Near Ghod Dod Road, Athwa Lines, Ghod Dod Road, Surat, Gujarat 395001"
bc6a7d23-35ab-418c-a629-cbc703bf2d63,404-81-4012-10291,BSNL,GSM,404,81,4012,10291,21.17023,72.80167,0.0,90.0,377.0,"Plot 81, Near Chopati Garden, Athwa Lines, Ghod Dod Road, Surat, Gujarat 395001"
d9e3492f-ecf9-4406-8cb0-6b81dd2593e9,405-867-1036-10292,Jio,LTE,405,867,1036,10292,21.17023,72.80167,120.0,90.0,377.0,"Plot 81, Near Chopati Garden, Athwa Lines, Ghod Dod Road, Surat, Gujarat 395001"
9bfd55e7-64d3-45cd-814f-0a09005d0d98,405-867-1029-10293,Jio,NR,405,867,1029,10293,21.17023,72.80167,240.0,90.0,377.0,"Plot 81, Near Chopati Garden, Athwa Lines, Ghod Dod Road, Surat, Gujarat 395001"
261c3832-1c67-4ba5-a5cf-867c1efcce50,404-20-3029-10294,Vi,LTE,404,20,3029,10294,21.18512,72.82279,0.0,90.0,319.0,"Plot 126, Near Dutch Garden, Athwa Lines, Ghod Dod Road, Surat, Gujarat 395001"
47d167b1-d9ab-405d-bd8f-f94be6bb37c0,404-81-4021-10295,BSNL,LTE,404,81,4021,10295,21.18512,72.82279,120.0,90.0,319.0,"Plot 126, Near Dutch Garden, Athwa Lines, Ghod Dod Road, Surat, Gujarat 395001"
5b71e776-3bfc-4cfd-a029-be93961c3081,404-10-2036-10296,Airtel,NR,404,10,2036,10296,21.18512,72.82279,240.0,90.0,319.0,"Plot 126, Near Dutch Garden, Athwa Lines, Ghod Dod Road, Surat, Gujarat 395001"
94d0877d-a9b3-4e99-9c94-951268590f39,405-867-1009-10297,Jio,NR,405,867,1009,10297,21.16557,72.80322,0.0,90.0,510.0,"Plot 45, Near Ghod Dod Road, Athwa Lines, Ghod Dod Road, Surat, Gujarat 395001"
c3f79d26-ef4e-42d0-aa1a-f9a9b99f3c10,405-867-1024-10298,Jio,LTE,405,867,1024,10298,21.16557,72.80322,120.0,90.0,510.0,"Plot 45, Near Ghod Dod Road, Athwa Lines, Ghod Dod Road, Surat, Gujarat 395001"
6022d3a2-4d26-4fa5-81ba-7459dd619f18,404-10-2036-10299,Airtel,LTE,404,10,2036,10299,21.16557,72.80322,240.0,90.0,510.0,"Plot 45, Near Ghod Dod Road, Athwa Lines, Ghod Dod Road, Surat, Gujarat 395001"
f872df90-13b5-4da5-8130-1f99250bcd69,404-10-2037-10300,Airtel,NR,404,10,2037,10300,21.19362,72.82124,0.0,90.0,495.0,"Plot 80, Near Athwa Lines, Athwa Lines, Ghod Dod Road, Surat, Gujarat 395001"
8a72483a-442e-4d70-bd2e-11b80bb90f40,405-867-1042-10301,Jio,NR,405,867,1042,10301,21.19362,72.82124,120.0,90.0,495.0,"Plot 80, Near Athwa Lines, Athwa Lines, Ghod Dod Road, Surat, Gujarat 395001"
9df38b85-7f5e-40ae-a0e9-4f1c88a56524,405-867-1034-10302,Jio,LTE,405,867,1034,10302,21.19362,72.82124,240.0,90.0,495.0,"Plot 80, Near Athwa Lines, Athwa Lines, Ghod Dod Road, Surat, Gujarat 395001"
eae66a63-a2b9-4a13-af68-253ffe7821f3,405-867-1004-10303,Jio,NR,405,867,1004,10303,21.17255,72.82302,0.0,90.0,316.0,"Plot 47, Near Athwa Gate Circle, Athwa Lines, Ghod Dod Road, Surat, Gujarat 395001"
3a760bbf-7ead-400b-8ae0-04421f8ab212,404-20-3020-10304,Vi,LTE,404,20,3020,10304,21.17255,72.82302,120.0,90.0,316.0,"Plot 47, Near Athwa Gate Circle, Athwa Lines, Ghod Dod Road, Surat, Gujarat 395001"
5b4e6da4-1192-4b87-bfcd-2c3506d232d2,405-867-1015-10305,Jio,LTE,405,867,1015,10305,21.17255,72.82302,240.0,90.0,316.0,"Plot 47, Near Athwa Gate Circle, Athwa Lines, Ghod Dod Road, Surat, Gujarat 395001"
df923565-91a7-42b9-a124-2ab1ebdafbf7,404-81-4041-10306,BSNL,GSM,404,81,4041,10306,21.17208,72.82344,0.0,90.0,575.0,"Plot 21, Near Parle Point, Athwa Lines, Ghod Dod Road, Surat, Gujarat 395001"
5f593d07-358e-4114-ae39-74b099e666fe,405-867-1033-10307,Jio,LTE,405,867,1033,10307,21.17208,72.82344,120.0,90.0,575.0,"Plot 21, Near Parle Point, Athwa Lines, Ghod Dod Road, Surat, Gujarat 395001"
1f4f449d-07d5-4f4f-a418-a5f6336616aa,404-10-2038-10308,Airtel,LTE,404,10,2038,10308,21.17208,72.82344,240.0,90.0,575.0,"Plot 21, Near Parle Point, Athwa Lines, Ghod Dod Road, Surat, Gujarat 395001"
d22da2ee-6b9f-4d30-a7b5-5f8f99c44649,405-867-1006-10309,Jio,NR,405,867,1006,10309,21.1903,72.82096,0.0,90.0,538.0,"Plot 87, Near Dutch Garden, Athwa Lines, Ghod Dod Road, Surat, Gujarat 395001"
66e76dd9-8c89-4f19-aaee-1dadbdd0673f,405-867-1037-10310,Jio,LTE,405,867,1037,10310,21.1903,72.82096,120.0,90.0,538.0,"Plot 87, Near Dutch Garden, Athwa Lines, Ghod Dod Road, Surat, Gujarat 395001"
c338d7c3-375b-4ae9-a0a3-7effaab44a0d,405-867-1037-10311,Jio,LTE,405,867,1037,10311,21.1903,72.82096,240.0,90.0,538.0,"Plot 87, Near Dutch Garden, Athwa Lines, Ghod Dod Road, Surat, Gujarat 395001"
5326f0a4-e032-469f-aff8-73318279ca25,405-867-1044-10312,Jio,NR,405,867,1044,10312,21.1695,72.81575,0.0,90.0,404.0,"Plot 140, Near Chopati Garden, Athwa Lines, Ghod Dod Road, Surat, Gujarat 395001"
03cb9fc0-f334-4bc5-bd49-24e72bef005d,405-867-1045-10313,Jio,LTE,405,867,1045,10313,21.1695,72.81575,120.0,90.0,404.0,"Plot 140, Near Chopati Garden, Athwa Lines, Ghod Dod Road, Surat, Gujarat 395001"
b7180d06-4e04-42c4-84d0-cf487d5efbdb,405-867-1031-10314,Jio,LTE,405,867,1031,10314,21.1695,72.81575,240.0,90.0,404.0,"Plot 140, Near Chopati Garden, Athwa Lines, Ghod Dod Road, Surat, Gujarat 395001"
d1d2ceed-a241-4ec2-bd39-09b4dd5e5040,404-10-2026-10315,Airtel,NR,404,10,2026,10315,21.17165,72.81052,0.0,90.0,413.0,"Plot 81, Near Ghod Dod Road, Athwa Lines, Ghod Dod Road, Surat, Gujarat 395001"
1487b2e4-96d4-4c23-a91e-c360d89b3cfc,405-867-1036-10316,Jio,LTE,405,867,1036,10316,21.17165,72.81052,120.0,90.0,413.0,"Plot 81, Near Ghod Dod Road, Athwa Lines, Ghod Dod Road, Surat, Gujarat 395001"
a4c2cb9c-ee30-434f-8b55-3ec4e984a804,405-867-1008-10317,Jio,LTE,405,867,1008,10317,21.17165,72.81052,240.0,90.0,413.0,"Plot 81, Near Ghod Dod Road, Athwa Lines, Ghod Dod Road, Surat, Gujarat 395001"
0312e531-0fcc-409f-ab8c-57d140d37eaa,404-20-3011-10318,Vi,LTE,404,20,3011,10318,21.181,72.81771,0.0,90.0,446.0,"Plot 13, Near Athwa Lines, Athwa Lines, Ghod Dod Road, Surat, Gujarat 395001"
ebdf8477-335d-4cb4-9d72-988fcea35fb2,404-20-3021-10319,Vi,GSM,404,20,3021,10319,21.181,72.81771,120.0,90.0,446.0,"Plot 13, Near Athwa Lines, Athwa Lines, Ghod Dod Road, Surat, Gujarat 395001"
5c1ba903-ea31-433e-89d0-9a3f92b74c7d,405-867-1033-10320,Jio,LTE,405,867,1033,10320,21.181,72.81771,240.0,90.0,446.0,"Plot 13, Near Athwa Lines, Athwa Lines, Ghod Dod Road, Surat, Gujarat 395001"
a83d4893-5049-4e12-bb8f-f3d31be29519,405-867-1004-10321,Jio,LTE,405,867,1004,10321,21.16546,72.81175,137.6,90.0,373.0,"Plot 6, Near Chopati Garden, Athwa Lines, Ghod Dod Road, Surat, Gujarat 395001"
a1da4d93-b430-42dd-8f7e-ef937cbee20d,404-20-3017-10322,Vi,LTE,404,20,3017,10322,21.1941,72.81227,0.0,90.0,254.0,"Plot 121, Near Dutch Garden, Athwa Lines, Ghod Dod Road, Surat, Gujarat 395001"
3155ff4a-96f0-4e62-ad3a-2c6c9a556d05,404-10-2024-10323,Airtel,NR,404,10,2024,10323,21.1941,72.81227,120.0,90.0,254.0,"Plot 121, Near Dutch Garden, Athwa Lines, Ghod Dod Road, Surat, Gujarat 395001"
02245bc1-4e61-40df-98a8-fc84d9999747,405-867-1036-10324,Jio,LTE,405,867,1036,10324,21.1941,72.81227,240.0,90.0,254.0,"Plot 121, Near Dutch Garden, Athwa Lines, Ghod Dod Road, Surat, Gujarat 395001"
feb0168b-5a9b-4f8b-9fe9-b012f7bbba24,405-867-1044-10325,Jio,NR,405,867,1044,10325,21.18659,72.82157,0.0,90.0,531.0,"Plot 99, Near Athwa Lines, Athwa Lines, Ghod Dod Road, Surat, Gujarat 395001"
2aa9bedc-67ff-4b76-a576-68b2e5af50db,404-10-2007-10326,Airtel,LTE,404,10,2007,10326,21.18659,72.82157,120.0,90.0,531.0,"Plot 99, Near Athwa Lines, Athwa Lines, Ghod Dod Road, Surat, Gujarat 395001"
42f056e5-0245-441b-87c5-9c593bcfdb0c,405-867-1022-10327,Jio,NR,405,867,1022,10327,21.18659,72.82157,240.0,90.0,531.0,"Plot 99, Near Athwa Lines, Athwa Lines, Ghod Dod Road, Surat, Gujarat 395001"
ac69749c-59ac-4e98-b079-bd8334c00435,404-10-2009-10328,Airtel,LTE,404,10,2009,10328,21.17173,72.80381,0.0,90.0,455.0,"Plot 51, Near Ghod Dod Road, Athwa Lines, Ghod Dod Road, Surat, Gujarat 395001"
532044d1-3c61-41d2-9a99-ffd714c73fb8,404-10-2034-10329,Airtel,NR,404,10,2034,10329,21.17173,72.80381,120.0,90.0,455.0,"Plot 51, Near Ghod Dod Road, Athwa Lines, Ghod Dod Road, Surat, Gujarat 395001"
9d60e964-a00b-4a8d-9a46-a6669ecd8491,405-867-1033-10330,Jio,LTE,405,867,1033,10330,21.17173,72.80381,240.0,90.0,455.0,"Plot 51, Near Ghod Dod Road, Athwa Lines, Ghod Dod Road, Surat, Gujarat 395001"
42cea37f-1722-481a-84cf-3f488ff15e75,404-10-2022-10331,Airtel,LTE,404,10,2022,10331,21.19311,72.82236,0.0,90.0,565.0,"Plot 42, Near Parle Point, Athwa Lines, Ghod Dod Road, Surat, Gujarat 395001"
f8427ea6-3d81-4ac7-8695-5c1a2bcf697f,404-10-2032-10332,Airtel,LTE,404,10,2032,10332,21.19311,72.82236,120.0,90.0,565.0,"Plot 42, Near Parle Point, Athwa Lines, Ghod Dod Road, Surat, Gujarat 395001"
a35143f9-c79b-4249-91a7-ba620ea71ac6,404-10-2002-10333,Airtel,LTE,404,10,2002,10333,21.19311,72.82236,240.0,90.0,565.0,"Plot 42, Near Parle Point, Athwa Lines, Ghod Dod Road, Surat, Gujarat 395001"
90c7c8f9-f5ed-4a75-86d5-91205a169774,405-867-1042-10334,Jio,LTE,405,867,1042,10334,21.17196,72.8197,0.0,90.0,572.0,"Plot 150, Near Chopati Garden, Athwa Lines, Ghod Dod Road, Surat, Gujarat 395001"
8179e5be-f812-4337-8610-b46d371bce12,404-20-3037-10335,Vi,GSM,404,20,3037,10335,21.17196,72.8197,120.0,90.0,572.0,"Plot 150, Near Chopati Garden, Athwa Lines, Ghod Dod Road, Surat, Gujarat 395001"
fa132335-51bf-4dbc-bbc2-d71cda662d3d,405-867-1031-10336,Jio,LTE,405,867,1031,10336,21.17196,72.8197,240.0,90.0,572.0,"Plot 150, Near Chopati Garden, Athwa Lines, Ghod Dod Road, Surat, Gujarat 395001"
d331a301-3b5c-4fad-a89c-ca40b982881f,404-81-4002-10337,BSNL,GSM,404,81,4002,10337,21.18886,72.82149,238.3,60.0,323.0,"Plot 98, Near Athwa Gate Circle, Athwa Lines, Ghod Dod Road, Surat, Gujarat 395001"
39d9e78f-9ce8-499e-a478-6c8772841441,404-20-3004-10338,Vi,GSM,404,20,3004,10338,21.17106,72.81256,0.0,90.0,563.0,"Plot 53, Near Chopati Garden, Athwa Lines, Ghod Dod Road, Surat, Gujarat 395001"
ea6fa847-7a12-4d40-8e33-7710e2549c14,404-10-2036-10339,Airtel,LTE,404,10,2036,10339,21.17106,72.81256,120.0,90.0,563.0,"Plot 53, Near Chopati Garden, Athwa Lines, Ghod Dod Road, Surat, Gujarat 395001"
204be2be-1652-41dd-9d7e-59f525ea95fa,405-867-1034-10340,Jio,LTE,405,867,1034,10340,21.17106,72.81256,240.0,90.0,563.0,"Plot 53, Near Chopati Garden, Athwa Lines, Ghod Dod Road, Surat, Gujarat 395001"
6a4155ca-0fca-48de-86a8-b39c667416cf,404-10-2044-10341,Airtel,NR,404,10,2044,10341,21.17113,72.83954,0.0,90.0,431.0,"Plot 137, Near Khatodra GIDC, Ring Road, Majura Gate, Surat, Gujarat 395002"
7cdc9439-a2b7-4e29-8c38-c7b7d22000c3,404-10-2040-10342,Airtel,LTE,404,10,2040,10342,21.17113,72.83954,120.0,90.0,431.0,"Plot 137, Near Khatodra GIDC, Ring Road, Majura Gate, Surat, Gujarat 395002"
a6c047b2-2c7c-4eb9-b0b6-c8c6e908a788,405-867-1018-10343,Jio,NR,405,867,1018,10343,21.17113,72.83954,240.0,90.0,431.0,"Plot 137, Near Khatodra GIDC, Ring Road, Majura Gate, Surat, Gujarat 395002"
28847cca-a793-4475-be3e-cc72e7807cee,405-867-1018-10344,Jio,LTE,405,867,1018,10344,21.17607,72.82134,0.0,90.0,500.0,"Plot 74, Near New Civil Hospital, Ring Road, Majura Gate, Surat, Gujarat 395002"
cb8250b4-c138-491f-898f-5f843f8bcd9a,405-867-1035-10345,Jio,LTE,405,867,1035,10345,21.17607,72.82134,120.0,90.0,500.0,"Plot 74, Near New Civil Hospital, Ring Road, Majura Gate, Surat, Gujarat 395002"
e2fa0dfa-9464-461d-80a3-cb1f01eb8a08,405-867-1023-10346,Jio,NR,405,867,1023,10346,21.17607,72.82134,240.0,90.0,500.0,"Plot 74, Near New Civil Hospital, Ring Road, Majura Gate, Surat, Gujarat 395002"
1bb6bdff-890e-4436-9391-ef3d7feb219d,405-867-1017-10347,Jio,LTE,405,867,1017,10347,21.20208,72.81963,0.0,90.0,290.0,"Plot 11, Near New Civil Hospital, Ring Road, Majura Gate, Surat, Gujarat 395002"
951fec02-13be-4b32-9583-d27632e35e46,404-20-3035-10348,Vi,LTE,404,20,3035,10348,21.20208,72.81963,120.0,90.0,290.0,"Plot 11, Near New Civil Hospital, Ring Road, Majura Gate, Surat, Gujarat 395002"
283b9163-625e-4a48-94c5-3246dbfc0013,405-867-1018-10349,Jio,LTE,405,867,1018,10349,21.20208,72.81963,240.0,90.0,290.0,"Plot 11, Near New Civil Hospital, Ring Road, Majura Gate, Surat, Gujarat 395002"
b2dfbb71-8ca2-42d1-ac62-ae172adac888,405-867-1007-10350,Jio,LTE,405,867,1007,10350,21.19515,72.83771,0.0,90.0,521.0,"Plot 62, Near Salabatpura, Ring Road, Majura Gate, Surat, Gujarat 395002"
09b18bea-923f-4554-8182-8c573e7ffe26,405-867-1007-10351,Jio,LTE,405,867,1007,10351,21.19515,72.83771,120.0,90.0,521.0,"Plot 62, Near Salabatpura, Ring Road, Majura Gate, Surat, Gujarat 395002"
4cc95c70-663a-4403-b777-16895459a6cb,404-10-2036-10352,Airtel,LTE,404,10,2036,10352,21.19515,72.83771,240.0,90.0,521.0,"Plot 62, Near Salabatpura, Ring Road, Majura Gate, Surat, Gujarat 395002"
d2796606-58e3-48ad-994b-72f12886f7da,405-867-1006-10353,Jio,LTE,405,867,1006,10353,21.19301,72.8238,0.0,90.0,397.0,"Plot 123, Near Khatodra GIDC, Ring Road, Majura Gate, Surat, Gujarat 395002"
4ac3e337-47f0-434f-b2b2-f65b93a7ef59,404-10-2003-10354,Airtel,LTE,404,10,2003,10354,21.19301,72.8238,120.0,90.0,397.0,"Plot 123, Near Khatodra GIDC, Ring Road, Majura Gate, Surat, Gujarat 395002"
20d35249-97f5-46d9-b3a4-3f6f5c9366df,404-20-3012-10355,Vi,LTE,404,20,3012,10355,21.19301,72.8238,240.0,90.0,397.0,"Plot 123, Near Khatodra GIDC, Ring Road, Majura Gate, Surat, Gujarat 395002"
2be48604-1458-4294-8a17-a65953199e9e,404-20-3037-10356,Vi,LTE,404,20,3037,10356,21.18889,72.82316,0.0,90.0,398.0,"Plot 127, Near Khatodra GIDC, Ring Road, Majura Gate, Surat, Gujarat 395002"
56932072-51b5-4353-be5a-c84e569ee4dc,404-10-2022-10357,Airtel,GSM,404,10,2022,10357,21.18889,72.82316,120.0,90.0,398.0,"Plot 127, Near Khatodra GIDC, Ring Road, Majura Gate, Surat, Gujarat 395002"
52e1492e-0afb-45ef-9533-864c6c95f6c2,405-867-1035-10358,Jio,NR,405,867,1035,10358,21.18889,72.82316,240.0,90.0,398.0,"Plot 127, Near Khatodra GIDC, Ring Road, Majura Gate, Surat, Gujarat 395002"
10f98ce6-492e-49d0-a5e8-ec8af7327a51,404-20-3030-10359,Vi,LTE,404,20,3030,10359,21.16652,72.82195,0.0,90.0,348.0,"Plot 130, Near Ring Road Textile Market, Ring Road, Majura Gate, Surat, Gujarat 395002"
dcfcef19-942f-46e5-b830-3e115e281848,404-10-2001-10360,Airtel,NR,404,10,2001,10360,21.16652,72.82195,120.0,90.0,348.0,"Plot 130, Near Ring Road Textile Market, Ring Road, Majura Gate, Surat, Gujarat 395002"
f2e3fc6c-463c-40c7-94bb-4b618a7a220b,404-10-2037-10361,Airtel,NR,404,10,2037,10361,21.16652,72.82195,240.0,90.0,348.0,"Plot 130, Near Ring Road Textile Market, Ring Road, Majura Gate, Surat, Gujarat 395002"
9621e3c5-22ba-452f-b941-fcff73966499,405-867-1007-10362,Jio,LTE,405,867,1007,10362,21.18093,72.81652,0.0,90.0,513.0,"Plot 104, Near Salabatpura, Ring Road, Majura Gate, Surat, Gujarat 395002"
a9d56c2a-3870-4714-af8d-ae0da5b731e1,405-867-1021-10363,Jio,LTE,405,867,1021,10363,21.18093,72.81652,120.0,90.0,513.0,"Plot 104, Near Salabatpura, Ring Road, Majura Gate, Surat, Gujarat 395002"
d77b57ba-97da-4e48-9fff-7dd1846dfc89,404-20-3025-10364,Vi,LTE,404,20,3025,10364,21.18093,72.81652,240.0,90.0,513.0,"Plot 104, Near Salabatpura, Ring Road, Majura Gate, Surat, Gujarat 395002"
b2beb7ea-f407-4588-b5df-0d531ba20573,405-867-1045-10365,Jio,LTE,405,867,1045,10365,21.18657,72.84341,0.0,90.0,543.0,"Plot 78, Near New Civil Hospital, Ring Road, Majura Gate, Surat, Gujarat 395002"
b2d977e7-d783-420f-9883-da0a0dc39670,405-867-1030-10366,Jio,LTE,405,867,1030,10366,21.18657,72.84341,120.0,90.0,543.0,"Plot 78, Near New Civil Hospital, Ring Road, Majura Gate, Surat, Gujarat 395002"
a5eeb001-2cee-48d8-90f7-d0ba7a080cd0,405-867-1033-10367,Jio,LTE,405,867,1033,10367,21.18657,72.84341,240.0,90.0,543.0,"Plot 78, Near New Civil Hospital, Ring Road, Majura Gate, Surat, Gujarat 395002"
dd77c253-802c-4556-84f5-d4598095142b,405-867-1009-10368,Jio,LTE,405,867,1009,10368,21.20155,72.81569,0.0,90.0,401.0,"Plot 31, Near New Civil Hospital, Ring Road, Majura Gate, Surat, Gujarat 395002"
70cbdfdf-014e-474c-a43b-6f1216c1f599,405-867-1039-10369,Jio,LTE,405,867,1039,10369,21.20155,72.81569,120.0,90.0,401.0,"Plot 31, Near New Civil Hospital, Ring Road, Majura Gate, Surat, Gujarat 395002"
61da19cd-5da1-46f6-883c-9c39d5af5211,405-867-1031-10370,Jio,LTE,405,867,1031,10370,21.20155,72.81569,240.0,90.0,401.0,"Plot 31, Near New Civil Hospital, Ring Road, Majura Gate, Surat, Gujarat 395002"
94b84ac8-42da-49d3-a8e8-d7c46219241a,404-10-2024-10371,Airtel,LTE,404,10,2024,10371,21.18582,72.80596,0.0,90.0,291.0,"Plot 64, Near Ring Road Textile Market, Ring Road, Majura Gate, Surat, Gujarat 395002"
aab935ad-6b9d-4df5-b7d0-1af853405f36,405-867-1004-10372,Jio,LTE,405,867,1004,10372,21.18582,72.80596,120.0,90.0,291.0,"Plot 64, Near Ring Road Textile Market, Ring Road, Majura Gate, Surat, Gujarat 395002"
727e71ab-503f-4857-841b-92b5ca62107f,404-20-3013-10373,Vi,GSM,404,20,3013,10373,21.18582,72.80596,240.0,90.0,291.0,"Plot 64, Near Ring Road Textile Market, Ring Road, Majura Gate, Surat, Gujarat 395002"
2181e87b-78b9-44f7-8a71-fe7c9361ca9e,404-10-2033-10374,Airtel,LTE,404,10,2033,10374,21.17792,72.82127,0.0,90.0,355.0,"Plot 134, Near New Civil Hospital, Ring Road, Majura Gate, Surat, Gujarat 395002"
a2da44d5-f79d-414b-96c8-0d625b4c9d31,405-867-1009-10375,Jio,LTE,405,867,1009,10375,21.17792,72.82127,120.0,90.0,355.0,"Plot 134, Near New Civil Hospital, Ring Road, Majura Gate, Surat, Gujarat 395002"
ea54c6ec-011d-42d0-8b4e-f58bfce2140d,404-10-2004-10376,Airtel,LTE,404,10,2004,10376,21.17792,72.82127,240.0,90.0,355.0,"Plot 134, Near New Civil Hospital, Ring Road, Majura Gate, Surat, Gujarat 395002"
a3905061-8998-4fec-a47c-aa9732f9205f,404-20-3003-10377,Vi,LTE,404,20,3003,10377,21.1698,72.81869,0.0,90.0,251.0,"Plot 6, Near New Civil Hospital, Ring Road, Majura Gate, Surat, Gujarat 395002"
0771c6d0-f5ea-4253-87a0-3eb11ea4d330,405-867-1035-10378,Jio,LTE,405,867,1035,10378,21.1698,72.81869,120.0,90.0,251.0,"Plot 6, Near New Civil Hospital, Ring Road, Majura Gate, Surat, Gujarat 395002"
59eee843-c13a-4fa1-b398-5b3121ba1eef,404-81-4005-10379,BSNL,LTE,404,81,4005,10379,21.1698,72.81869,240.0,90.0,251.0,"Plot 6, Near New Civil Hospital, Ring Road, Majura Gate, Surat, Gujarat 395002"
f0a1d153-cff5-40c4-b6df-80292147d025,404-20-3042-10380,Vi,GSM,404,20,3042,10380,21.19864,72.82372,0.0,90.0,319.0,"Plot 105, Near New Civil Hospital, Ring Road, Majura Gate, Surat, Gujarat 395002"
cb67b84f-f769-4564-9341-100889b598e8,404-81-4025-10381,BSNL,GSM,404,81,4025,10381,21.19864,72.82372,120.0,90.0,319.0,"Plot 105, Near New Civil Hospital, Ring Road, Majura Gate, Surat, Gujarat 395002"
899236f7-77e8-4ba9-958d-7c69813c2756,405-867-1025-10382,Jio,NR,405,867,1025,10382,21.19864,72.82372,240.0,90.0,319.0,"Plot 105, Near New Civil Hospital, Ring Road, Majura Gate, Surat, Gujarat 395002"
d12c6d34-91ca-4f24-ad55-166b5f18446f,405-867-1026-10383,Jio,NR,405,867,1026,10383,21.17335,72.8374,0.0,90.0,428.0,"Plot 35, Near Salabatpura, Ring Road, Majura Gate, Surat, Gujarat 395002"
4e8e2ee6-5264-4544-8977-4d44e38d7015,404-10-2015-10384,Airtel,NR,404,10,2015,10384,21.17335,72.8374,120.0,90.0,428.0,"Plot 35, Near Salabatpura, Ring Road, Majura Gate, Surat, Gujarat 395002"
300d5094-9006-41a9-8b7b-16f1aa0eb96c,404-20-3020-10385,Vi,GSM,404,20,3020,10385,21.17335,72.8374,240.0,90.0,428.0,"Plot 35, Near Salabatpura, Ring Road, Majura Gate, Surat, Gujarat 395002"
55e398fa-c7d9-4977-8172-8c3d6d7f21b6,405-867-1018-10386,Jio,LTE,405,867,1018,10386,21.16861,72.82916,0.0,90.0,367.0,"Plot 137, Near Khatodra GIDC, Ring Road, Majura Gate, Surat, Gujarat 395002"
ab43ed83-39be-4d0a-92ea-db1a9c43f69a,405-867-1008-10387,Jio,NR,405,867,1008,10387,21.16861,72.82916,120.0,90.0,367.0,"Plot 137, Near Khatodra GIDC, Ring Road, Majura Gate, Surat, Gujarat 395002"
4cf2f8b3-7291-43ff-989c-0a328d528c67,405-867-1040-10388,Jio,LTE,405,867,1040,10388,21.16861,72.82916,240.0,90.0,367.0,"Plot 137, Near Khatodra GIDC, Ring Road, Majura Gate, Surat, Gujarat 395002"
4f182526-f701-4613-9f3a-1d780e9212cb,404-10-2044-10389,Airtel,LTE,404,10,2044,10389,21.18688,72.80511,0.0,90.0,301.0,"Plot 62, Near Majura Gate Flyover, Ring Road, Majura Gate, Surat, Gujarat 395002"
4dc531d9-2efb-4501-bfd3-5502b2c0f3ad,404-10-2003-10390,Airtel,LTE,404,10,2003,10390,21.18688,72.80511,120.0,90.0,301.0,"Plot 62, Near Majura Gate Flyover, Ring Road, Majura Gate, Surat, Gujarat 395002"
3da24827-ac38-4fc7-9660-3b696ba73b9d,405-867-1014-10391,Jio,LTE,405,867,1014,10391,21.18688,72.80511,240.0,90.0,301.0,"Plot 62, Near Majura Gate Flyover, Ring Road, Majura Gate, Surat, Gujarat 395002"
6895bf29-25fb-46ff-8e38-61292d38b310,404-20-3021-10392,Vi,LTE,404,20,3021,10392,21.18548,72.80625,0.0,90.0,369.0,"Plot 129, Near Ring Road Textile Market, Ring Road, Majura Gate, Surat, Gujarat 395002"
6dba0e51-1514-4c97-9092-6b1066ff7f8a,404-10-2021-10393,Airtel,NR,404,10,2021,10393,21.18548,72.80625,120.0,90.0,369.0,"Plot 129, Near Ring Road Textile Market, Ring Road, Majura Gate, Surat, Gujarat 395002"
59e0875c-ec93-4aa8-8f30-d9d995c471b9,405-867-1043-10394,Jio,NR,405,867,1043,10394,21.18548,72.80625,240.0,90.0,369.0,"Plot 129, Near Ring Road Textile Market, Ring Road, Majura Gate, Surat, Gujarat 395002"
af9f40a4-5dbd-45fd-912d-cbbb27259abd,404-10-2032-10395,Airtel,LTE,404,10,2032,10395,21.17228,72.82317,0.0,90.0,339.0,"Plot 16, Near New Civil Hospital, Ring Road, Majura Gate, Surat, Gujarat 395002"
e4773b8d-0010-4206-925d-a856fc49063f,405-867-1042-10396,Jio,LTE,405,867,1042,10396,21.17228,72.82317,120.0,90.0,339.0,"Plot 16, Near New Civil Hospital, Ring Road, Majura Gate, Surat, Gujarat 395002"
56b06bab-c4b0-4e08-a5d1-6097449f2d73,404-10-2021-10397,Airtel,NR,404,10,2021,10397,21.17228,72.82317,240.0,90.0,339.0,"Plot 16, Near New Civil Hospital, Ring Road, Majura Gate, Surat, Gujarat 395002"
355d2c30-efe5-401d-b4bc-de123bc852e9,405-867-1020-10398,Jio,NR,405,867,1020,10398,21.18078,72.81209,0.0,90.0,525.0,"Plot 97, Near New Civil Hospital, Ring Road, Majura Gate, Surat, Gujarat 395002"
16a1f37c-4a4a-44d1-b3e9-8ab5dc6bfc99,404-20-3030-10399,Vi,LTE,404,20,3030,10399,21.18078,72.81209,120.0,90.0,525.0,"Plot 97, Near New Civil Hospital, Ring Road, Majura Gate, Surat, Gujarat 395002"
cd08dafa-26ae-45ee-ba76-06b6e0b06ea1,404-20-3027-10400,Vi,LTE,404,20,3027,10400,21.18078,72.81209,240.0,90.0,525.0,"Plot 97, Near New Civil Hospital, Ring Road, Majura Gate, Surat, Gujarat 395002"
6aaf8900-012f-4a80-99ad-7a233d83c588,404-20-3006-10401,Vi,GSM,404,20,3006,10401,21.17799,72.82217,0.0,90.0,290.0,"Plot 66, Near Ring Road Textile Market, Ring Road, Majura Gate, Surat, Gujarat 395002"
136719d7-084b-45f5-953b-6807ade1a568,404-10-2004-10402,Airtel,NR,404,10,2004,10402,21.17799,72.82217,120.0,90.0,290.0,"Plot 66, Near Ring Road Textile Market, Ring Road, Majura Gate, Surat, Gujarat 395002"
707ba8be-45f7-4014-b599-e66507187a18,405-867-1039-10403,Jio,LTE,405,867,1039,10403,21.17799,72.82217,240.0,90.0,290.0,"Plot 66, Near Ring Road Textile Market, Ring Road, Majura Gate, Surat, Gujarat 395002"
615db2e3-4d5b-4dc3-9ba7-e2433a6f7551,404-20-3001-10404,Vi,LTE,404,20,3001,10404,21.1905,72.8265,0.0,90.0,356.0,"Plot 144, Near Salabatpura, Ring Road, Majura Gate, Surat, Gujarat 395002"
b661555c-2bd2-4019-abde-6655b2c0feee,405-867-1008-10405,Jio,LTE,405,867,1008,10405,21.1905,72.8265,120.0,90.0,356.0,"Plot 144, Near Salabatpura, Ring Road, Majura Gate, Surat, Gujarat 395002"
298eac3e-010d-4bc6-92d5-3614a9a6fdec,404-20-3016-10406,Vi,GSM,404,20,3016,10406,21.1905,72.8265,240.0,90.0,356.0,"Plot 144, Near Salabatpura, Ring Road, Majura Gate, Surat, Gujarat 395002"
389dd1d3-8398-4860-856c-89a731a96fd8,405-867-1023-10407,Jio,LTE,405,867,1023,10407,21.17942,72.80816,0.0,90.0,394.0,"Plot 62, Near Khatodra GIDC, Ring Road, Majura Gate, Surat, Gujarat 395002"
176f27e7-cfac-4ab5-add3-31c4698504a1,405-867-1032-10408,Jio,LTE,405,867,1032,10408,21.17942,72.80816,120.0,90.0,394.0,"Plot 62, Near Khatodra GIDC, Ring Road, Majura Gate, Surat, Gujarat 395002"
f606831c-d47f-4264-87bc-34c95adc596f,405-867-1031-10409,Jio,NR,405,867,1031,10409,21.17942,72.80816,240.0,90.0,394.0,"Plot 62, Near Khatodra GIDC, Ring Road, Majura Gate, Surat, Gujarat 395002"
2ce18a59-746c-4b84-a253-fe69fe83490f,404-10-2010-10410,Airtel,LTE,404,10,2010,10410,21.18583,72.81288,0.0,90.0,273.0,"Plot 95, Near Ring Road Textile Market, Ring Road, Majura Gate, Surat, Gujarat 395002"
5c81f542-2bca-45d7-b480-f113684d5a2d,405-867-1038-10411,Jio,LTE,405,867,1038,10411,21.18583,72.81288,120.0,90.0,273.0,"Plot 95, Near Ring Road Textile Market, Ring Road, Majura Gate, Surat, Gujarat 395002"
8d9a0d0f-6c4e-4981-bb1c-c30d132bf564,404-10-2010-10412,Airtel,LTE,404,10,2010,10412,21.18583,72.81288,240.0,90.0,273.0,"Plot 95, Near Ring Road Textile Market, Ring Road, Majura Gate, Surat, Gujarat 395002"
8886c4af-52ba-4771-97c7-790f8a1ccb45,405-867-1042-10413,Jio,NR,405,867,1042,10413,21.18821,72.83478,0.0,90.0,422.0,"Plot 63, Near Salabatpura, Ring Road, Majura Gate, Surat, Gujarat 395002"
45c3ce0b-9f23-46b5-9b33-9e41caf43dc6,404-10-2023-10414,Airtel,LTE,404,10,2023,10414,21.18821,72.83478,120.0,90.0,422.0,"Plot 63, Near Salabatpura, Ring Road, Majura Gate, Surat, Gujarat 395002"
dc1cdd7d-c0f2-40f5-9579-ae05465ae271,405-867-1032-10415,Jio,LTE,405,867,1032,10415,21.18821,72.83478,240.0,90.0,422.0,"Plot 63, Near Salabatpura, Ring Road, Majura Gate, Surat, Gujarat 395002"
8d0782b2-d1b7-4464-931c-8dd5142ef7cf,404-20-3041-10416,Vi,LTE,404,20,3041,10416,21.19253,72.84336,296.3,360.0,256.0,"Plot 135, Near Majura Gate Flyover, Ring Road, Majura Gate, Surat, Gujarat 395002"
26febe77-6193-48ef-9d87-65b471a36125,405-867-1040-10417,Jio,LTE,405,867,1040,10417,21.18694,72.84279,0.0,90.0,441.0,"Plot 56, Near Majura Gate Flyover, Ring Road, Majura Gate, Surat, Gujarat 395002"
3bdaca4a-3873-45b9-99fc-48a9f511d5ce,404-20-3002-10418,Vi,LTE,404,20,3002,10418,21.18694,72.84279,120.0,90.0,441.0,"Plot 56, Near Majura Gate Flyover, Ring Road, Majura Gate, Surat, Gujarat 395002"
c63b3cc7-9aae-466c-88d0-80164bc20f92,405-867-1001-10419,Jio,LTE,405,867,1001,10419,21.18694,72.84279,240.0,90.0,441.0,"Plot 56, Near Majura Gate Flyover, Ring Road, Majura Gate, Surat, Gujarat 395002"
d7a70fc6-10e2-4642-b4fc-65edad6d7186,404-20-3007-10420,Vi,GSM,404,20,3007,10420,21.20178,72.8269,284.6,360.0,305.0,"Plot 74, Near Salabatpura, Ring Road, Majura Gate, Surat, Gujarat 395002"
af466978-91fc-4ab9-b486-bc19c603a028,404-20-3026-10421,Vi,LTE,404,20,3026,10421,21.19755,72.81739,0.0,90.0,379.0,"Plot 50, Near Ring Road Textile Market, Ring Road, Majura Gate, Surat, Gujarat 395002"
f41ecc71-69db-4492-8907-5519073e3c26,405-867-1030-10422,Jio,NR,405,867,1030,10422,21.19755,72.81739,120.0,90.0,379.0,"Plot 50, Near Ring Road Textile Market, Ring Road, Majura Gate, Surat, Gujarat 395002"
e54e522a-d1c4-4a8a-b185-a3dd009d85fc,404-10-2015-10423,Airtel,GSM,404,10,2015,10423,21.19755,72.81739,240.0,90.0,379.0,"Plot 50, Near Ring Road Textile Market, Ring Road, Majura Gate, Surat, Gujarat 395002"
fd11a0d2-f40e-404b-95a7-4a553023e169,405-867-1011-10424,Jio,LTE,405,867,1011,10424,21.17942,72.84342,132.7,360.0,310.0,"Plot 9, Near Majura Gate Flyover, Ring Road, Majura Gate, Surat, Gujarat 395002"
f40d1538-f207-442a-94d4-8f705ab4c114,404-20-3015-10425,Vi,GSM,404,20,3015,10425,21.20083,72.83471,0.0,90.0,298.0,"Plot 145, Near New Civil Hospital, Ring Road, Majura Gate, Surat, Gujarat 395002"
3ccd81cb-f7b1-4a14-9b3e-6ed142efbbc1,405-867-1037-10426,Jio,NR,405,867,1037,10426,21.20083,72.83471,120.0,90.0,298.0,"Plot 145, Near New Civil Hospital, Ring Road, Majura Gate, Surat, Gujarat 395002"
b20f226f-176f-4cda-a7a1-042e84c44241,405-867-1005-10427,Jio,LTE,405,867,1005,10427,21.20083,72.83471,240.0,90.0,298.0,"Plot 145, Near New Civil Hospital, Ring Road, Majura Gate, Surat, Gujarat 395002"
5892293c-59fc-4280-9ae9-452f02e6d90b,404-20-3014-10428,Vi,LTE,404,20,3014,10428,21.18074,72.81455,0.0,90.0,341.0,"Plot 145, Near Salabatpura, Ring Road, Majura Gate, Surat, Gujarat 395002"
c93b3083-ca4a-4d3e-94dd-02f5246da4ae,404-10-2026-10429,Airtel,NR,404,10,2026,10429,21.18074,72.81455,120.0,90.0,341.0,"Plot 145, Near Salabatpura, Ring Road, Majura Gate, Surat, Gujarat 395002"
a3e7201c-9d35-431b-9f7d-4e70a41789c7,404-20-3037-10430,Vi,LTE,404,20,3037,10430,21.18074,72.81455,240.0,90.0,341.0,"Plot 145, Near Salabatpura, Ring Road, Majura Gate, Surat, Gujarat 395002"
da43ba32-8e47-4bc6-8c89-7149a8833af7,404-20-3006-10431,Vi,LTE,404,20,3006,10431,21.18608,72.8444,0.0,90.0,321.0,"Plot 139, Near Khatodra GIDC, Ring Road, Majura Gate, Surat, Gujarat 395002"
39db5181-5f6e-46a6-83f9-1bed7c4f3c73,404-10-2004-10432,Airtel,GSM,404,10,2004,10432,21.18608,72.8444,120.0,90.0,321.0,"Plot 139, Near Khatodra GIDC, Ring Road, Majura Gate, Surat, Gujarat 395002"
3c778ff2-826a-484b-8687-91ada7ddf742,405-867-1005-10433,Jio,LTE,405,867,1005,10433,21.18608,72.8444,240.0,90.0,321.0,"Plot 139, Near Khatodra GIDC, Ring Road, Majura Gate, Surat, Gujarat 395002"
3e0da808-4f8b-4c7c-9640-468d7224a6d9,405-867-1029-10434,Jio,LTE,405,867,1029,10434,21.17562,72.84072,0.0,90.0,417.0,"Plot 102, Near Salabatpura, Ring Road, Majura Gate, Surat, Gujarat 395002"
c7e9dd75-a898-4117-a8ff-8f9eb1170a5a,405-867-1025-10435,Jio,LTE,405,867,1025,10435,21.17562,72.84072,120.0,90.0,417.0,"Plot 102, Near Salabatpura, Ring Road, Majura Gate, Surat, Gujarat 395002"
1f6a9782-1d7b-439f-82b7-d64af4b8f10a,405-867-1043-10436,Jio,LTE,405,867,1043,10436,21.17562,72.84072,240.0,90.0,417.0,"Plot 102, Near Salabatpura, Ring Road, Majura Gate, Surat, Gujarat 395002"
5bd8bd25-580d-4de1-879c-45029eb58e2e,405-867-1041-10437,Jio,LTE,405,867,1041,10437,21.17228,72.8378,0.0,90.0,292.0,"Plot 64, Near New Civil Hospital, Ring Road, Majura Gate, Surat, Gujarat 395002"
feaeb1fd-a9df-4bcc-8da3-47312fc10031,405-867-1024-10438,Jio,LTE,405,867,1024,10438,21.17228,72.8378,120.0,90.0,292.0,"Plot 64, Near New Civil Hospital, Ring Road, Majura Gate, Surat, Gujarat 395002"
a104067a-c402-499d-924a-0a0eaca8f08f,405-867-1020-10439,Jio,LTE,405,867,1020,10439,21.17228,72.8378,240.0,90.0,292.0,"Plot 64, Near New Civil Hospital, Ring Road, Majura Gate, Surat, Gujarat 395002"
9389088a-80e1-4f1c-98ad-e54f754998da,404-10-2006-10440,Airtel,LTE,404,10,2006,10440,21.16871,72.83132,150.8,360.0,321.0,"Plot 34, Near Majura Gate Flyover, Ring Road, Majura Gate, Surat, Gujarat 395002"
1ebffb3b-b61c-4d3a-9341-a73059bdf5fd,405-867-1006-10441,Jio,LTE,405,867,1006,10441,21.18115,72.8304,0.0,90.0,256.0,"Plot 84, Near Salabatpura, Ring Road, Majura Gate, Surat, Gujarat 395002"
a3c01cdf-4b2b-46c1-adfa-33a374e27775,404-10-2016-10442,Airtel,LTE,404,10,2016,10442,21.18115,72.8304,120.0,90.0,256.0,"Plot 84, Near Salabatpura, Ring Road, Majura Gate, Surat, Gujarat 395002"
7f1a0126-48f3-4840-8e19-01cc6f61f0da,404-10-2025-10443,Airtel,LTE,404,10,2025,10443,21.18115,72.8304,240.0,90.0,256.0,"Plot 84, Near Salabatpura, Ring Road, Majura Gate, Surat, Gujarat 395002"
4f5db806-61c4-412d-a06c-2274477bea43,405-867-1024-10444,Jio,NR,405,867,1024,10444,21.19005,72.83477,58.5,90.0,303.0,"Plot 127, Near New Civil Hospital, Ring Road, Majura Gate, Surat, Gujarat 395002"
c6c13568-21a0-48e6-b85d-7ea6752c5425,405-867-1022-10445,Jio,NR,405,867,1022,10445,21.18489,72.83571,0.0,90.0,319.0,"Plot 51, Near Khatodra GIDC, Ring Road, Majura Gate, Surat, Gujarat 395002"
2e6b85b6-e4a5-4c02-9959-0861819d69d7,404-20-3022-10446,Vi,LTE,404,20,3022,10446,21.18489,72.83571,120.0,90.0,319.0,"Plot 51, Near Khatodra GIDC, Ring Road, Majura Gate, Surat, Gujarat 395002"
25ae0815-1a01-491f-a478-403bda02183c,405-867-1042-10447,Jio,LTE,405,867,1042,10447,21.18489,72.83571,240.0,90.0,319.0,"Plot 51, Near Khatodra GIDC, Ring Road, Majura Gate, Surat, Gujarat 395002"
7b132679-9f13-4d74-b6f9-2d79a972e666,404-81-4019-10448,BSNL,LTE,404,81,4019,10448,21.19244,72.8237,0.0,90.0,340.0,"Plot 52, Near New Civil Hospital, Ring Road, Majura Gate, Surat, Gujarat 395002"
b0ff6c07-3a83-4ff4-ac69-75202e3c305e,404-10-2037-10449,Airtel,LTE,404,10,2037,10449,21.19244,72.8237,120.0,90.0,340.0,"Plot 52, Near New Civil Hospital, Ring Road, Majura Gate, Surat, Gujarat 395002"
b10c3a09-e122-4173-aaa3-f8612e7862fb,404-20-3018-10450,Vi,LTE,404,20,3018,10450,21.19244,72.8237,240.0,90.0,340.0,"Plot 52, Near New Civil Hospital, Ring Road, Majura Gate, Surat, Gujarat 395002"
e5c344dc-c752-4bdc-a9df-6c01b95ba52e,405-867-1002-10451,Jio,NR,405,867,1002,10451,21.19008,72.81273,0.0,90.0,529.0,"Plot 145, Near Majura Gate Flyover, Ring Road, Majura Gate, Surat, Gujarat 395002"
ff1ed72f-fb41-48e2-8407-5332901d061a,404-81-4014-10452,BSNL,GSM,404,81,4014,10452,21.19008,72.81273,120.0,90.0,529.0,"Plot 145, Near Majura Gate Flyover, Ring Road, Majura Gate, Surat, Gujarat 395002"
f2c6dc6b-56ae-41f9-8983-af428f493ba1,405-867-1045-10453,Jio,LTE,405,867,1045,10453,21.19008,72.81273,240.0,90.0,529.0,"Plot 145, Near Majura Gate Flyover, Ring Road, Majura Gate, Surat, Gujarat 395002"
9c678fe0-c564-4fc1-b03c-7ba24e41fac0,405-867-1025-10454,Jio,LTE,405,867,1025,10454,21.20157,72.83325,106.0,90.0,334.0,"Plot 128, Near Khatodra GIDC, Ring Road, Majura Gate, Surat, Gujarat 395002"
a3a4f6f5-c259-48c8-ae79-4c1d2ce5ed55,404-20-3027-10455,Vi,GSM,404,20,3027,10455,21.20264,72.83448,0.0,90.0,509.0,"Plot 150, Near Khatodra GIDC, Ring Road, Majura Gate, Surat, Gujarat 395002"
3f698f38-1522-47a1-a4f2-2ad1662d6188,404-10-2024-10456,Airtel,NR,404,10,2024,10456,21.20264,72.83448,120.0,90.0,509.0,"Plot 150, Near Khatodra GIDC, Ring Road, Majura Gate, Surat, Gujarat 395002"
673a55cb-6de1-4049-af28-76475c12ec95,404-10-2039-10457,Airtel,NR,404,10,2039,10457,21.20264,72.83448,240.0,90.0,509.0,"Plot 150, Near Khatodra GIDC, Ring Road, Majura Gate, Surat, Gujarat 395002"
723f1028-c79d-4e33-85bd-7de39b28caed,404-10-2042-10458,Airtel,LTE,404,10,2042,10458,21.18107,72.82002,0.0,90.0,272.0,"Plot 91, Near Ring Road Textile Market, Ring Road, Majura Gate, Surat, Gujarat 395002"
6a58f43d-eb6d-4f6c-9aff-f69df210c2d4,405-867-1028-10459,Jio,NR,405,867,1028,10459,21.18107,72.82002,120.0,90.0,272.0,"Plot 91, Near Ring Road Textile Market, Ring Road, Majura Gate, Surat, Gujarat 395002"
4dfd6491-f51e-4be2-ad34-a75883fa49d6,405-867-1015-10460,Jio,LTE,405,867,1015,10460,21.18107,72.82002,240.0,90.0,272.0,"Plot 91, Near Ring Road Textile Market, Ring Road, Majura Gate, Surat, Gujarat 395002"
b2904067-1812-4ed3-8d35-da062c95f176,405-867-1038-10461,Jio,NR,405,867,1038,10461,21.17069,72.82397,0.0,90.0,441.0,"Plot 148, Near Salabatpura, Ring Road, Majura Gate, Surat, Gujarat 395002"
2d681cba-7bcb-4dff-bc7e-6339c1087e70,404-10-2002-10462,Airtel,LTE,404,10,2002,10462,21.17069,72.82397,120.0,90.0,441.0,"Plot 148, Near Salabatpura, Ring Road, Majura Gate, Surat, Gujarat 395002"
bc4f5d8a-89c0-4c45-b8db-57cad8750716,405-867-1006-10463,Jio,LTE,405,867,1006,10463,21.17069,72.82397,240.0,90.0,441.0,"Plot 148, Near Salabatpura, Ring Road, Majura Gate, Surat, Gujarat 395002"
c7cbc9e6-0d30-4514-9118-664ab4164ebb,404-20-3023-10464,Vi,LTE,404,20,3023,10464,21.19934,72.83874,0.0,90.0,483.0,"Plot 90, Near Ring Road Textile Market, Ring Road, Majura Gate, Surat, Gujarat 395002"
56581ee4-9892-4554-a2e7-ead6bc3a3bb7,405-867-1045-10465,Jio,LTE,405,867,1045,10465,21.19934,72.83874,120.0,90.0,483.0,"Plot 90, Near Ring Road Textile Market, Ring Road, Majura Gate, Surat, Gujarat 395002"
f911c60c-3c84-4773-bfdd-c9f0795deb35,405-867-1003-10466,Jio,LTE,405,867,1003,10466,21.19934,72.83874,240.0,90.0,483.0,"Plot 90, Near Ring Road Textile Market, Ring Road, Majura Gate, Surat, Gujarat 395002"
6d6f9212-2d92-4db8-810b-d416cca52c23,404-20-3034-10467,Vi,LTE,404,20,3034,10467,21.18758,72.81805,0.0,90.0,334.0,"Plot 28, Near New Civil Hospital, Ring Road, Majura Gate, Surat, Gujarat 395002"
1c41cbc6-b412-40df-a890-71c1cf5026e6,405-867-1036-10468,Jio,LTE,405,867,1036,10468,21.18758,72.81805,120.0,90.0,334.0,"Plot 28, Near New Civil Hospital, Ring Road, Majura Gate, Surat, Gujarat 395002"
d7570220-4cf5-4a48-9a67-546e3ed9500d,405-867-1026-10469,Jio,LTE,405,867,1026,10469,21.18758,72.81805,240.0,90.0,334.0,"Plot 28, Near New Civil Hospital, Ring Road, Majura Gate, Surat, Gujarat 395002"
d98aab24-75f7-4d13-bd61-3aaffa60fd55,404-10-2014-10470,Airtel,LTE,404,10,2014,10470,21.17901,72.81818,214.9,60.0,307.0,"Plot 102, Near Khatodra GIDC, Ring Road, Majura Gate, Surat, Gujarat 395002"
e59ce986-c5af-4b4c-9434-8665cfeebb55,405-867-1017-10471,Jio,LTE,405,867,1017,10471,21.18972,72.84276,305.2,60.0,296.0,"Plot 148, Near Majura Gate Flyover, Ring Road, Majura Gate, Surat, Gujarat 395002"
628e5038-491b-435c-86c3-85d25eadd432,405-867-1030-10472,Jio,LTE,405,867,1030,10472,21.17834,72.81187,0.0,90.0,550.0,"Plot 100, Near New Civil Hospital, Ring Road, Majura Gate, Surat, Gujarat 395002"
4a0a5afc-dac6-43b2-872a-73216e205bcd,404-10-2020-10473,Airtel,NR,404,10,2020,10473,21.17834,72.81187,120.0,90.0,550.0,"Plot 100, Near New Civil Hospital, Ring Road, Majura Gate, Surat, Gujarat 395002"
0328292b-85ae-4476-8197-dc3414ad406b,404-20-3044-10474,Vi,LTE,404,20,3044,10474,21.17834,72.81187,240.0,90.0,550.0,"Plot 100, Near New Civil Hospital, Ring Road, Majura Gate, Surat, Gujarat 395002"
e5e2fe6b-99dd-4c57-9db1-c715ad32be6a,404-10-2009-10475,Airtel,LTE,404,10,2009,10475,21.1897,72.83064,0.0,90.0,322.0,"Plot 30, Near New Civil Hospital, Ring Road, Majura Gate, Surat, Gujarat 395002"
3409bea5-97b9-4448-8227-8219d804b2e1,404-10-2032-10476,Airtel,LTE,404,10,2032,10476,21.1897,72.83064,120.0,90.0,322.0,"Plot 30, Near New Civil Hospital, Ring Road, Majura Gate, Surat, Gujarat 395002"
bf78188c-ddff-4528-a5e2-d9eb1dc5b22e,404-10-2042-10477,Airtel,LTE,404,10,2042,10477,21.1897,72.83064,240.0,90.0,322.0,"Plot 30, Near New Civil Hospital, Ring Road, Majura Gate, Surat, Gujarat 395002"
9bcaba9a-7364-4b92-9873-937f17a12373,405-867-1004-10478,Jio,LTE,405,867,1004,10478,21.19266,72.82118,0.0,90.0,345.0,"Plot 126, Near Ring Road Textile Market, Ring Road, Majura Gate, Surat, Gujarat 395002"
7869f6f7-ed8e-403b-a7b1-ea15fd86b32a,404-20-3032-10479,Vi,GSM,404,20,3032,10479,21.19266,72.82118,120.0,90.0,345.0,"Plot 126, Near Ring Road Textile Market, Ring Road, Majura Gate, Surat, Gujarat 395002"
e91ceb22-9733-44f9-af21-1fbcd638d737,405-867-1036-10480,Jio,NR,405,867,1036,10480,21.19266,72.82118,240.0,90.0,345.0,"Plot 126, Near Ring Road Textile Market, Ring Road, Majura Gate, Surat, Gujarat 395002"
2182ff36-cee1-4aae-989c-6b523487006a,405-867-1002-10481,Jio,LTE,405,867,1002,10481,21.17099,72.82449,0.0,90.0,477.0,"Plot 107, Near Khatodra GIDC, Ring Road, Majura Gate, Surat, Gujarat 395002"
184493b5-e070-438e-a8ee-49f89be5f30c,404-20-3003-10482,Vi,LTE,404,20,3003,10482,21.17099,72.82449,120.0,90.0,477.0,"Plot 107, Near Khatodra GIDC, Ring Road, Majura Gate, Surat, Gujarat 395002"
8599bfbb-c597-4ca3-953e-6c7577af3446,405-867-1011-10483,Jio,LTE,405,867,1011,10483,21.17099,72.82449,240.0,90.0,477.0,"Plot 107, Near Khatodra GIDC, Ring Road, Majura Gate, Surat, Gujarat 395002"
309d8c53-29a2-4c11-9a4e-4d4f767cdd0d,405-867-1024-10484,Jio,NR,405,867,1024,10484,21.18787,72.80925,0.0,90.0,543.0,"Plot 141, Near Khatodra GIDC, Ring Road, Majura Gate, Surat, Gujarat 395002"
ddf1bcf9-4071-4ae5-ab5c-7f6d3c90de79,404-10-2029-10485,Airtel,NR,404,10,2029,10485,21.18787,72.80925,120.0,90.0,543.0,"Plot 141, Near Khatodra GIDC, Ring Road, Majura Gate, Surat, Gujarat 395002"
d674d129-1283-437d-8efd-05f791132625,404-10-2007-10486,Airtel,GSM,404,10,2007,10486,21.18787,72.80925,240.0,90.0,543.0,"Plot 141, Near Khatodra GIDC, Ring Road, Majura Gate, Surat, Gujarat 395002"
e147bc4e-66d3-478e-97ef-abe2e93f89ad,405-867-1006-10487,Jio,LTE,405,867,1006,10487,21.18359,72.80784,0.0,90.0,266.0,"Plot 77, Near Ring Road Textile Market, Ring Road, Majura Gate, Surat, Gujarat 395002"
ebede91d-c0be-4cdf-8360-308f8c1e09d4,405-867-1016-10488,Jio,NR,405,867,1016,10488,21.18359,72.80784,120.0,90.0,266.0,"Plot 77, Near Ring Road Textile Market, Ring Road, Majura Gate, Surat, Gujarat 395002"
8f906920-7a3c-4dd1-b46d-4994389d6812,405-867-1045-10489,Jio,LTE,405,867,1045,10489,21.18359,72.80784,240.0,90.0,266.0,"Plot 77, Near Ring Road Textile Market, Ring Road, Majura Gate, Surat, Gujarat 395002"
fc9b713b-c1ad-4f38-ba0b-cdc5753e9235,404-20-3037-10490,Vi,GSM,404,20,3037,10490,21.1751,72.83949,0.0,90.0,355.0,"Plot 43, Near Khatodra GIDC, Ring Road, Majura Gate, Surat, Gujarat 395002"
8cabc3ee-dae0-43c2-927c-8d179c0c6356,405-867-1035-10491,Jio,LTE,405,867,1035,10491,21.1751,72.83949,120.0,90.0,355.0,"Plot 43, Near Khatodra GIDC, Ring Road, Majura Gate, Surat, Gujarat 395002"
65913bf7-c780-40ce-8d24-38b86ab06771,405-867-1019-10492,Jio,NR,405,867,1019,10492,21.1751,72.83949,240.0,90.0,355.0,"Plot 43, Near Khatodra GIDC, Ring Road, Majura Gate, Surat, Gujarat 395002"
78097757-88c5-45f4-8c0a-0364fb1cd6e0,405-867-1042-10493,Jio,LTE,405,867,1042,10493,21.18246,72.8358,262.5,90.0,367.0,"Plot 25, Near Salabatpura, Ring Road, Majura Gate, Surat, Gujarat 395002"
f3ac9852-d79e-4c11-94f7-1daaa50972da,404-20-3032-10494,Vi,LTE,404,20,3032,10494,21.1979,72.83916,0.0,90.0,376.0,"Plot 38, Near Ring Road Textile Market, Ring Road, Majura Gate, Surat, Gujarat 395002"
aa3d515b-aa79-4d44-af5f-035853b13e12,405-867-1041-10495,Jio,LTE,405,867,1041,10495,21.1979,72.83916,120.0,90.0,376.0,"Plot 38, Near Ring Road Textile Market, Ring Road, Majura Gate, Surat, Gujarat 395002"
3bcbb3fc-d677-463a-be88-6b9723de471d,405-867-1041-10496,Jio,LTE,405,867,1041,10496,21.1979,72.83916,240.0,90.0,376.0,"Plot 38, Near Ring Road Textile Market, Ring Road, Majura Gate, Surat, Gujarat 395002"
6090b43c-df7b-48bb-86ad-b99d3cdf4e59,405-867-1038-10497,Jio,LTE,405,867,1038,10497,21.18981,72.80706,0.0,90.0,438.0,"Plot 132, Near Khatodra GIDC, Ring Road, Majura Gate, Surat, Gujarat 395002"
f1afd60f-9f16-4972-814a-7065be0f00a0,405-867-1006-10498,Jio,NR,405,867,1006,10498,21.18981,72.80706,120.0,90.0,438.0,"Plot 132, Near Khatodra GIDC, Ring Road, Majura Gate, Surat, Gujarat 395002"
27fb138a-f4dc-4974-a23f-882cc814fc10,404-10-2043-10499,Airtel,LTE,404,10,2043,10499,21.18981,72.80706,240.0,90.0,438.0,"Plot 132, Near Khatodra GIDC, Ring Road, Majura Gate, Surat, Gujarat 395002"
78619d4f-3da7-47cb-b3a5-279edff9319d,404-20-3021-10500,Vi,LTE,404,20,3021,10500,21.17905,72.80645,0.0,90.0,469.0,"Plot 102, Near Salabatpura, Ring Road, Majura Gate, Surat, Gujarat 395002"
a45dfb05-138d-46f5-b616-6e4cb6383ac5,404-20-3037-10501,Vi,LTE,404,20,3037,10501,21.17905,72.80645,120.0,90.0,469.0,"Plot 102, Near Salabatpura, Ring Road, Majura Gate, Surat, Gujarat 395002"
9afb2e8c-4f1d-4452-a4e1-486f4c6ae7e7,405-867-1022-10502,Jio,NR,405,867,1022,10502,21.17905,72.80645,240.0,90.0,469.0,"Plot 102, Near Salabatpura, Ring Road, Majura Gate, Surat, Gujarat 395002"
3cffc9c7-e281-4bc0-aae5-71de6daeeb83,405-867-1011-10503,Jio,NR,405,867,1011,10503,21.19864,72.81353,0.0,90.0,485.0,"Plot 26, Near Majura Gate Flyover, Ring Road, Majura Gate, Surat, Gujarat 395002"
5a8b9cad-cdac-4ccb-a89b-f18ac6c93c0d,405-867-1028-10504,Jio,LTE,405,867,1028,10504,21.19864,72.81353,120.0,90.0,485.0,"Plot 26, Near Majura Gate Flyover, Ring Road, Majura Gate, Surat, Gujarat 395002"
37352e84-3413-4c32-a917-2c474cc2ef97,405-867-1009-10505,Jio,LTE,405,867,1009,10505,21.19864,72.81353,240.0,90.0,485.0,"Plot 26, Near Majura Gate Flyover, Ring Road, Majura Gate, Surat, Gujarat 395002"
064c401e-5440-476c-870b-a734fdead70d,405-867-1042-10506,Jio,LTE,405,867,1042,10506,21.19313,72.81703,0.0,90.0,378.0,"Plot 24, Near New Civil Hospital, Ring Road, Majura Gate, Surat, Gujarat 395002"
e0dd713e-97b8-4407-b8f3-fb8fd41258cc,405-867-1020-10507,Jio,LTE,405,867,1020,10507,21.19313,72.81703,120.0,90.0,378.0,"Plot 24, Near New Civil Hospital, Ring Road, Majura Gate, Surat, Gujarat 395002"
1b799fbf-54fb-4b11-b779-888bc0d79fda,404-10-2028-10508,Airtel,NR,404,10,2028,10508,21.19313,72.81703,240.0,90.0,378.0,"Plot 24, Near New Civil Hospital, Ring Road, Majura Gate, Surat, Gujarat 395002"
d6d0678a-5055-43e4-a932-586a790b2f87,404-10-2029-10509,Airtel,LTE,404,10,2029,10509,21.17568,72.81019,0.0,90.0,317.0,"Plot 55, Near Majura Gate Flyover, Ring Road, Majura Gate, Surat, Gujarat 395002"
edd5d231-c55e-4dde-9bf8-41166b54ec2b,405-867-1008-10510,Jio,LTE,405,867,1008,10510,21.17568,72.81019,120.0,90.0,317.0,"Plot 55, Near Majura Gate Flyover, Ring Road, Majura Gate, Surat, Gujarat 395002"
211bc8c6-8588-4de9-9869-577714e425d9,404-81-4009-10511,BSNL,GSM,404,81,4009,10511,21.17568,72.81019,240.0,90.0,317.0,"Plot 55, Near Majura Gate Flyover, Ring Road, Majura Gate, Surat, Gujarat 395002"
d6b2e354-63c3-4aa9-972c-7e4306719f1a,405-867-1009-10512,Jio,NR,405,867,1009,10512,21.17545,72.82644,128.6,90.0,267.0,"Plot 27, Near Majura Gate Flyover, Ring Road, Majura Gate, Surat, Gujarat 395002"
c8a7339e-050e-49ad-b4c3-ae2a17d95e1c,405-867-1041-10513,Jio,LTE,405,867,1041,10513,21.1747,72.81138,0.0,90.0,334.0,"Plot 136, Near Majura Gate Flyover, Ring Road, Majura Gate, Surat, Gujarat 395002"
8066dd64-6048-473e-bdb9-e647e04e4d26,404-20-3040-10514,Vi,GSM,404,20,3040,10514,21.1747,72.81138,120.0,90.0,334.0,"Plot 136, Near Majura Gate Flyover, Ring Road, Majura Gate, Surat, Gujarat 395002"
a4643d12-bc19-48f2-a723-2232720090c7,404-10-2006-10515,Airtel,NR,404,10,2006,10515,21.1747,72.81138,240.0,90.0,334.0,"Plot 136, Near Majura Gate Flyover, Ring Road, Majura Gate, Surat, Gujarat 395002"
2668ae28-a222-4da8-8a7e-0e0a830118e2,405-867-1018-10516,Jio,LTE,405,867,1018,10516,21.19108,72.82004,0.0,90.0,469.0,"Plot 99, Near Majura Gate Flyover, Ring Road, Majura Gate, Surat, Gujarat 395002"
7667009b-c0f1-4877-a109-783280fb1c64,404-10-2039-10517,Airtel,LTE,404,10,2039,10517,21.19108,72.82004,120.0,90.0,469.0,"Plot 99, Near Majura Gate Flyover, Ring Road, Majura Gate, Surat, Gujarat 395002"
25caeef1-5224-4cc4-86c6-57e9c9b9a066,404-10-2045-10518,Airtel,LTE,404,10,2045,10518,21.19108,72.82004,240.0,90.0,469.0,"Plot 99, Near Majura Gate Flyover, Ring Road, Majura Gate, Surat, Gujarat 395002"
6ef7d6ff-019b-4b82-922d-3b576bdfe8fe,405-867-1042-10519,Jio,LTE,405,867,1042,10519,21.203,72.82828,0.0,90.0,510.0,"Plot 53, Near New Civil Hospital, Ring Road, Majura Gate, Surat, Gujarat 395002"
b2d9ae9e-249b-4646-847e-d3cfeeac072f,405-867-1016-10520,Jio,NR,405,867,1016,10520,21.203,72.82828,120.0,90.0,510.0,"Plot 53, Near New Civil Hospital, Ring Road, Majura Gate, Surat, Gujarat 395002"
76c3682d-d3b0-4ae8-bfaf-b5b8087c5138,405-867-1032-10521,Jio,LTE,405,867,1032,10521,21.203,72.82828,240.0,90.0,510.0,"Plot 53, Near New Civil Hospital, Ring Road, Majura Gate, Surat, Gujarat 395002"
e7ef3311-9a88-4093-8a8d-571f227acd9f,405-867-1027-10522,Jio,NR,405,867,1027,10522,21.18137,72.82041,0.0,90.0,317.0,"Plot 93, Near Majura Gate Flyover, Ring Road, Majura Gate, Surat, Gujarat 395002"
c4fc539a-6cb0-4cf2-81a2-62e69e261d87,405-867-1031-10523,Jio,LTE,405,867,1031,10523,21.18137,72.82041,120.0,90.0,317.0,"Plot 93, Near Majura Gate Flyover, Ring Road, Majura Gate, Surat, Gujarat 395002"
696fd745-d87c-46ec-9bd8-93e5d06a2340,404-81-4002-10524,BSNL,LTE,404,81,4002,10524,21.18137,72.82041,240.0,90.0,317.0,"Plot 93, Near Majura Gate Flyover, Ring Road, Majura Gate, Surat, Gujarat 395002"
18725ec7-a607-4862-9484-e1e62529d84d,404-10-2033-10525,Airtel,LTE,404,10,2033,10525,21.1824,72.82329,0.0,90.0,453.0,"Plot 11, Near Ring Road Textile Market, Ring Road, Majura Gate, Surat, Gujarat 395002"
8babe02a-275e-475d-8e64-1c66a2c212b9,404-20-3026-10526,Vi,LTE,404,20,3026,10526,21.1824,72.82329,120.0,90.0,453.0,"Plot 11, Near Ring Road Textile Market, Ring Road, Majura Gate, Surat, Gujarat 395002"
8bcb672d-8cfc-4aa4-97ff-071cf265c354,405-867-1040-10527,Jio,LTE,405,867,1040,10527,21.1824,72.82329,240.0,90.0,453.0,"Plot 11, Near Ring Road Textile Market, Ring Road, Majura Gate, Surat, Gujarat 395002"
3e80c02f-d045-4417-8475-fd38e275e8b9,404-10-2041-10528,Airtel,LTE,404,10,2041,10528,21.18847,72.8303,0.0,90.0,329.0,"Plot 131, Near Majura Gate Flyover, Ring Road, Majura Gate, Surat, Gujarat 395002"
a506275a-bd76-4c56-8636-ea85ea9d10bd,404-20-3042-10529,Vi,LTE,404,20,3042,10529,21.18847,72.8303,120.0,90.0,329.0,"Plot 131, Near Majura Gate Flyover, Ring Road, Majura Gate, Surat, Gujarat 395002"
84484878-1370-4a33-bfb6-c0940c5f89bd,405-867-1016-10530,Jio,LTE,405,867,1016,10530,21.18847,72.8303,240.0,90.0,329.0,"Plot 131, Near Majura Gate Flyover, Ring Road, Majura Gate, Surat, Gujarat 395002"
5dee5082-b827-43e2-8f87-634935f13f4d,405-867-1012-10531,Jio,LTE,405,867,1012,10531,21.19072,72.82734,0.0,90.0,278.0,"Plot 30, Near Khatodra GIDC, Ring Road, Majura Gate, Surat, Gujarat 395002"
e01c5326-21d3-4055-8b13-eaa1fda71f2a,405-867-1045-10532,Jio,LTE,405,867,1045,10532,21.19072,72.82734,120.0,90.0,278.0,"Plot 30, Near Khatodra GIDC, Ring Road, Majura Gate, Surat, Gujarat 395002"
2ccf71a2-ec2b-4fcc-890b-87239712fc45,405-867-1023-10533,Jio,LTE,405,867,1023,10533,21.19072,72.82734,240.0,90.0,278.0,"Plot 30, Near Khatodra GIDC, Ring Road, Majura Gate, Surat, Gujarat 395002"
d7e35568-9c37-43ee-8f17-34422ed45507,404-10-2002-10534,Airtel,LTE,404,10,2002,10534,21.16762,72.82229,0.0,90.0,387.0,"Plot 43, Near New Civil Hospital, Ring Road, Majura Gate, Surat, Gujarat 395002"
3e21b4b4-a2b8-4ed0-8562-bf866e652390,405-867-1034-10535,Jio,LTE,405,867,1034,10535,21.16762,72.82229,120.0,90.0,387.0,"Plot 43, Near New Civil Hospital, Ring Road, Majura Gate, Surat, Gujarat 395002"
df4745c3-3ef4-47ff-8a3e-3ebd0d8a2e01,405-867-1037-10536,Jio,LTE,405,867,1037,10536,21.16762,72.82229,240.0,90.0,387.0,"Plot 43, Near New Civil Hospital, Ring Road, Majura Gate, Surat, Gujarat 395002"
8649f9f2-2ffe-4527-945d-d78beee95fe3,405-867-1037-10537,Jio,NR,405,867,1037,10537,21.17524,72.81419,300.8,60.0,297.0,"Plot 93, Near Salabatpura, Ring Road, Majura Gate, Surat, Gujarat 395002"
862dafde-983f-4711-94fe-340e281a3bfd,405-867-1010-10538,Jio,LTE,405,867,1010,10538,21.18179,72.81834,302.0,60.0,255.0,"Plot 1, Near Salabatpura, Ring Road, Majura Gate, Surat, Gujarat 395002"
86a16cbd-244b-4af8-b105-cdb0b4fd5127,405-867-1021-10539,Jio,LTE,405,867,1021,10539,21.19339,72.84379,0.0,90.0,464.0,"Plot 142, Near Majura Gate Flyover, Ring Road, Majura Gate, Surat, Gujarat 395002"
f87f9149-e1fe-447f-837a-312b6ff5977c,405-867-1024-10540,Jio,LTE,405,867,1024,10540,21.19339,72.84379,120.0,90.0,464.0,"Plot 142, Near Majura Gate Flyover, Ring Road, Majura Gate, Surat, Gujarat 395002"
2cdb9379-805f-4cf3-811a-0a0e659d49ef,405-867-1004-10541,Jio,LTE,405,867,1004,10541,21.19339,72.84379,240.0,90.0,464.0,"Plot 142, Near Majura Gate Flyover, Ring Road, Majura Gate, Surat, Gujarat 395002"
4d7fc3d3-c09d-4805-ac84-bc677760ee92,404-20-3036-10542,Vi,LTE,404,20,3036,10542,21.19264,72.84224,162.8,90.0,349.0,"Plot 103, Near Majura Gate Flyover, Ring Road, Majura Gate, Surat, Gujarat 395002"
00fca036-034e-4f5e-b7a8-ee2052669103,405-867-1032-10543,Jio,LTE,405,867,1032,10543,21.1733,72.8285,0.0,90.0,374.0,"Plot 145, Near New Civil Hospital, Ring Road, Majura Gate, Surat, Gujarat 395002"
53c25fb8-d59e-4a2d-bf28-94dde408ece6,404-81-4035-10544,BSNL,LTE,404,81,4035,10544,21.1733,72.8285,120.0,90.0,374.0,"Plot 145, Near New Civil Hospital, Ring Road, Majura Gate, Surat, Gujarat 395002"
cecd887b-b582-45be-b4f4-c120b8cbee29,404-20-3001-10545,Vi,LTE,404,20,3001,10545,21.1733,72.8285,240.0,90.0,374.0,"Plot 145, Near New Civil Hospital, Ring Road, Majura Gate, Surat, Gujarat 395002"
7e4e240c-6511-40ce-8ea9-79bfd3f3d160,404-81-4043-10546,BSNL,GSM,404,81,4043,10546,21.18831,72.82339,0.0,90.0,254.0,"Plot 89, Near Salabatpura, Ring Road, Majura Gate, Surat, Gujarat 395002"
d1a26bb8-b8eb-4075-9f17-4170d39fae73,405-867-1020-10547,Jio,LTE,405,867,1020,10547,21.18831,72.82339,120.0,90.0,254.0,"Plot 89, Near Salabatpura, Ring Road, Majura Gate, Surat, Gujarat 395002"
96cf4181-a6bd-4b0d-84fa-5bc660cc089f,405-867-1016-10548,Jio,LTE,405,867,1016,10548,21.18831,72.82339,240.0,90.0,254.0,"Plot 89, Near Salabatpura, Ring Road, Majura Gate, Surat, Gujarat 395002"
3a615c6d-08ae-49b3-9cd8-612717bc73f1,404-10-2006-10549,Airtel,LTE,404,10,2006,10549,21.16798,72.83506,322.4,360.0,302.0,"Plot 72, Near Ring Road Textile Market, Ring Road, Majura Gate, Surat, Gujarat 395002"
db3dc607-3874-462c-b2b8-784c6b1d3b11,405-867-1016-10550,Jio,NR,405,867,1016,10550,21.17263,72.81762,0.0,90.0,281.0,"Plot 20, Near Khatodra GIDC, Ring Road, Majura Gate, Surat, Gujarat 395002"
f3d674cb-f1f1-41dc-a8ff-aaf83945e384,405-867-1026-10551,Jio,NR,405,867,1026,10551,21.17263,72.81762,120.0,90.0,281.0,"Plot 20, Near Khatodra GIDC, Ring Road, Majura Gate, Surat, Gujarat 395002"
f5dd04f7-bbf1-4d00-b6d6-05c7281a296f,404-10-2021-10552,Airtel,NR,404,10,2021,10552,21.17263,72.81762,240.0,90.0,281.0,"Plot 20, Near Khatodra GIDC, Ring Road, Majura Gate, Surat, Gujarat 395002"
0380bd13-ff3e-4069-bf9c-d654c16df867,405-867-1029-10553,Jio,LTE,405,867,1029,10553,21.17569,72.82805,0.0,90.0,549.0,"Plot 35, Near Ring Road Textile Market, Ring Road, Majura Gate, Surat, Gujarat 395002"
6256e887-e715-44ac-8e20-6499b299c3d8,405-867-1035-10554,Jio,LTE,405,867,1035,10554,21.17569,72.82805,120.0,90.0,549.0,"Plot 35, Near Ring Road Textile Market, Ring Road, Majura Gate, Surat, Gujarat 395002"
093c9572-1981-42cb-b1da-adcd51705484,405-867-1029-10555,Jio,NR,405,867,1029,10555,21.17569,72.82805,240.0,90.0,549.0,"Plot 35, Near Ring Road Textile Market, Ring Road, Majura Gate, Surat, Gujarat 395002"
d3efaa63-2e06-478e-90e2-f2db6c3c2ac6,404-20-3003-10556,Vi,LTE,404,20,3003,10556,21.18129,72.83536,0.0,90.0,405.0,"Plot 24, Near Majura Gate Flyover, Ring Road, Majura Gate, Surat, Gujarat 395002"
63f7b972-eed7-467b-8bf8-45004622c352,405-867-1010-10557,Jio,NR,405,867,1010,10557,21.18129,72.83536,120.0,90.0,405.0,"Plot 24, Near Majura Gate Flyover, Ring Road, Majura Gate, Surat, Gujarat 395002"
44aa002e-00d4-46ed-a9d9-6851dcc91871,405-867-1023-10558,Jio,LTE,405,867,1023,10558,21.18129,72.83536,240.0,90.0,405.0,"Plot 24, Near Majura Gate Flyover, Ring Road, Majura Gate, Surat, Gujarat 395002"
9f4cb137-fe19-49e9-9e6b-39242d96228f,405-867-1029-10559,Jio,LTE,405,867,1029,10559,21.18119,72.82812,0.0,90.0,339.0,"Plot 67, Near New Civil Hospital, Ring Road, Majura Gate, Surat, Gujarat 395002"
43cf1a85-56a8-4cc8-be1b-adfc6ad417b3,404-10-2007-10560,Airtel,LTE,404,10,2007,10560,21.18119,72.82812,120.0,90.0,339.0,"Plot 67, Near New Civil Hospital, Ring Road, Majura Gate, Surat, Gujarat 395002"
a03051a3-34fa-4279-92dc-6d0c9f7cf63c,405-867-1009-10561,Jio,NR,405,867,1009,10561,21.18119,72.82812,240.0,90.0,339.0,"Plot 67, Near New Civil Hospital, Ring Road, Majura Gate, Surat, Gujarat 395002"
e2dd57e7-3054-44ca-b659-36f04c01a333,405-867-1042-10562,Jio,LTE,405,867,1042,10562,21.18882,72.82892,0.0,90.0,455.0,"Plot 34, Near Ring Road Textile Market, Ring Road, Majura Gate, Surat, Gujarat 395002"
3f072fe4-b336-48ce-8b81-feba4c3498a0,405-867-1005-10563,Jio,LTE,405,867,1005,10563,21.18882,72.82892,120.0,90.0,455.0,"Plot 34, Near Ring Road Textile Market, Ring Road, Majura Gate, Surat, Gujarat 395002"
c3fe600d-93e3-4bb0-92c1-8b0a3d49b449,405-867-1042-10564,Jio,LTE,405,867,1042,10564,21.18882,72.82892,240.0,90.0,455.0,"Plot 34, Near Ring Road Textile Market, Ring Road, Majura Gate, Surat, Gujarat 395002"
2e0f4a9e-6b3d-42e0-bbab-d703a8d68203,404-10-2026-10565,Airtel,NR,404,10,2026,10565,21.17811,72.82774,161.3,60.0,368.0,"Plot 32, Near New Civil Hospital, Ring Road, Majura Gate, Surat, Gujarat 395002"
6c1b311f-92b9-4b58-98f6-a2bfefcd5179,405-867-1010-10566,Jio,LTE,405,867,1010,10566,21.17264,72.82532,0.0,90.0,345.0,"Plot 45, Near Khatodra GIDC, Ring Road, Majura Gate, Surat, Gujarat 395002"
84af6961-97ef-4f15-8f36-986af18fe167,405-867-1016-10567,Jio,LTE,405,867,1016,10567,21.17264,72.82532,120.0,90.0,345.0,"Plot 45, Near Khatodra GIDC, Ring Road, Majura Gate, Surat, Gujarat 395002"
9a7c4b74-3b19-4c31-9f00-755a1661b60e,404-10-2036-10568,Airtel,LTE,404,10,2036,10568,21.17264,72.82532,240.0,90.0,345.0,"Plot 45, Near Khatodra GIDC, Ring Road, Majura Gate, Surat, Gujarat 395002"
52447f8f-0bd6-4b28-8d60-fab083d39c17,405-867-1035-10569,Jio,NR,405,867,1035,10569,21.17889,72.82587,0.0,90.0,519.0,"Plot 36, Near Khatodra GIDC, Ring Road, Majura Gate, Surat, Gujarat 395002"
bec9362a-4ffd-4cb8-a51e-46cd40afcc49,404-20-3023-10570,Vi,GSM,404,20,3023,10570,21.17889,72.82587,120.0,90.0,519.0,"Plot 36, Near Khatodra GIDC, Ring Road, Majura Gate, Surat, Gujarat 395002"
d41ffd10-a1fd-4619-ba95-2f54330d354f,405-867-1023-10571,Jio,NR,405,867,1023,10571,21.17889,72.82587,240.0,90.0,519.0,"Plot 36, Near Khatodra GIDC, Ring Road, Majura Gate, Surat, Gujarat 395002"
57756e07-bd88-4c1d-80b3-47ef61e59927,404-10-2018-10572,Airtel,LTE,404,10,2018,10572,21.19705,72.8171,0.0,90.0,413.0,"Plot 70, Near Khatodra GIDC, Ring Road, Majura Gate, Surat, Gujarat 395002"
9d5c5519-f3c5-41dc-9751-1be23330b900,405-867-1034-10573,Jio,NR,405,867,1034,10573,21.19705,72.8171,120.0,90.0,413.0,"Plot 70, Near Khatodra GIDC, Ring Road, Majura Gate, Surat, Gujarat 395002"
ce6ab1a0-726f-4aa7-a051-43688e63955f,405-867-1015-10574,Jio,LTE,405,867,1015,10574,21.19705,72.8171,240.0,90.0,413.0,"Plot 70, Near Khatodra GIDC, Ring Road, Majura Gate, Surat, Gujarat 395002"
e79b253b-e0f8-4697-bcaa-c2631775e241,404-20-3037-10575,Vi,GSM,404,20,3037,10575,21.19146,72.82386,0.0,90.0,278.0,"Plot 69, Near Ring Road Textile Market, Ring Road, Majura Gate, Surat, Gujarat 395002"
15599644-e723-4eaa-b0b7-07c667f845d6,404-20-3023-10576,Vi,GSM,404,20,3023,10576,21.19146,72.82386,120.0,90.0,278.0,"Plot 69, Near Ring Road Textile Market, Ring Road, Majura Gate, Surat, Gujarat 395002"
3af7f9f7-8366-40b6-941b-b99b8d122daf,404-20-3012-10577,Vi,GSM,404,20,3012,10577,21.19146,72.82386,240.0,90.0,278.0,"Plot 69, Near Ring Road Textile Market, Ring Road, Majura Gate, Surat, Gujarat 395002"
eedaba0f-c136-4668-9d49-15e3e9db2e02,404-81-4037-10578,BSNL,LTE,404,81,4037,10578,21.19186,72.83968,0.0,90.0,430.0,"Plot 8, Near New Civil Hospital, Ring Road, Majura Gate, Surat, Gujarat 395002"
844b063e-8d4b-42fc-8a58-be30d5dfab13,404-81-4032-10579,BSNL,LTE,404,81,4032,10579,21.19186,72.83968,120.0,90.0,430.0,"Plot 8, Near New Civil Hospital, Ring Road, Majura Gate, Surat, Gujarat 395002"
e509e5d8-eed3-4cc6-b572-b34ff38a56f7,404-10-2003-10580,Airtel,LTE,404,10,2003,10580,21.19186,72.83968,240.0,90.0,430.0,"Plot 8, Near New Civil Hospital, Ring Road, Majura Gate, Surat, Gujarat 395002"
84dd57b9-9750-4383-9cad-5a28c384a091,405-867-1009-10581,Jio,LTE,405,867,1009,10581,21.19319,72.8306,0.0,90.0,250.0,"Plot 6, Near Ring Road Textile Market, Ring Road, Majura Gate, Surat, Gujarat 395002"
3a32516a-8e82-4484-aafe-dd19e2b54165,405-867-1021-10582,Jio,LTE,405,867,1021,10582,21.19319,72.8306,120.0,90.0,250.0,"Plot 6, Near Ring Road Textile Market, Ring Road, Majura Gate, Surat, Gujarat 395002"
eafca22e-72fb-4da5-825a-836837ac6a54,405-867-1010-10583,Jio,LTE,405,867,1010,10583,21.19319,72.8306,240.0,90.0,250.0,"Plot 6, Near Ring Road Textile Market, Ring Road, Majura Gate, Surat, Gujarat 395002"
f80cd524-95ee-4e74-9405-a22a9822dc20,404-10-2021-10584,Airtel,LTE,404,10,2021,10584,21.18778,72.80565,0.0,90.0,452.0,"Plot 19, Near New Civil Hospital, Ring Road, Majura Gate, Surat, Gujarat 395002"
aac494de-7974-40a3-93c3-541b214908f7,405-867-1028-10585,Jio,LTE,405,867,1028,10585,21.18778,72.80565,120.0,90.0,452.0,"Plot 19, Near New Civil Hospital, Ring Road, Majura Gate, Surat, Gujarat 395002"
d9312e27-4997-4e89-b638-697613c59f34,404-20-3042-10586,Vi,GSM,404,20,3042,10586,21.18778,72.80565,240.0,90.0,452.0,"Plot 19, Near New Civil Hospital, Ring Road, Majura Gate, Surat, Gujarat 395002"
ea5c5599-3ba7-4f41-8299-1cc5c5bf734c,405-867-1019-10587,Jio,LTE,405,867,1019,10587,21.17815,72.84134,0.0,90.0,339.0,"Plot 92, Near Salabatpura, Ring Road, Majura Gate, Surat, Gujarat 395002"
bed24345-4611-42de-b630-fd0bc0b95d24,405-867-1045-10588,Jio,LTE,405,867,1045,10588,21.17815,72.84134,120.0,90.0,339.0,"Plot 92, Near Salabatpura, Ring Road, Majura Gate, Surat, Gujarat 395002"
60a7d7d4-250b-4bde-ac8c-3fcd53694e66,404-81-4037-10589,BSNL,GSM,404,81,4037,10589,21.17815,72.84134,240.0,90.0,339.0,"Plot 92, Near Salabatpura, Ring Road, Majura Gate, Surat, Gujarat 395002"
a5567f07-a0ad-4753-bd47-671216af19a8,404-20-3005-10590,Vi,LTE,404,20,3005,10590,21.20012,72.82834,0.0,90.0,303.0,"Plot 57, Near Salabatpura, Ring Road, Majura Gate, Surat, Gujarat 395002"
f36debf5-ff57-4346-a02f-39ad8f2e5476,405-867-1011-10591,Jio,NR,405,867,1011,10591,21.20012,72.82834,120.0,90.0,303.0,"Plot 57, Near Salabatpura, Ring Road, Majura Gate, Surat, Gujarat 395002"
5d28c62b-e1f1-406e-bd9a-5b44c9d13c16,404-10-2043-10592,Airtel,GSM,404,10,2043,10592,21.20012,72.82834,240.0,90.0,303.0,"Plot 57, Near Salabatpura, Ring Road, Majura Gate, Surat, Gujarat 395002"
146fde31-33e6-4c9b-95f2-b53645829ff9,404-10-2007-10593,Airtel,LTE,404,10,2007,10593,21.17302,72.80964,0.0,90.0,377.0,"Plot 3, Near Khatodra GIDC, Ring Road, Majura Gate, Surat, Gujarat 395002"
dc685f1d-0113-4dff-95d6-cc2b1deea232,404-10-2029-10594,Airtel,LTE,404,10,2029,10594,21.17302,72.80964,120.0,90.0,377.0,"Plot 3, Near Khatodra GIDC, Ring Road, Majura Gate, Surat, Gujarat 395002"
e4096f29-adce-4112-ae7b-5e917c23d6da,404-10-2027-10595,Airtel,GSM,404,10,2027,10595,21.17302,72.80964,240.0,90.0,377.0,"Plot 3, Near Khatodra GIDC, Ring Road, Majura Gate, Surat, Gujarat 395002"
7538ff97-2731-49f2-840f-4559e7143398,404-20-3029-10596,Vi,LTE,404,20,3029,10596,21.19283,72.84152,167.8,360.0,283.0,"Plot 97, Near Saharanpur Gate, Station Road, Delhi Gate, Surat, Gujarat 395003"
80c38bf2-bfa4-4dc8-9e81-3ebcfeed335b,405-867-1025-10597,Jio,LTE,405,867,1025,10597,21.21884,72.84895,0.0,90.0,253.0,"Plot 6, Near Sumul Dairy Road, Station Road, Delhi Gate, Surat, Gujarat 395003"
957719e9-c768-448a-b8f2-f4c3e5a68502,405-867-1006-10598,Jio,LTE,405,867,1006,10598,21.21884,72.84895,120.0,90.0,253.0,"Plot 6, Near Sumul Dairy Road, Station Road, Delhi Gate, Surat, Gujarat 395003"
50957433-c48e-482c-9d22-9eadcb2f2328,405-867-1031-10599,Jio,NR,405,867,1031,10599,21.21884,72.84895,240.0,90.0,253.0,"Plot 6, Near Sumul Dairy Road, Station Road, Delhi Gate, Surat, Gujarat 395003"
ed7a6b55-7083-444b-99be-f908692c114e,405-867-1027-10600,Jio,NR,405,867,1027,10600,21.20064,72.82874,0.0,90.0,251.0,"Plot 112, Near Delhi Gate, Station Road, Delhi Gate, Surat, Gujarat 395003"
01a86a2e-18b5-46af-a382-592bdcd9a129,404-10-2035-10601,Airtel,NR,404,10,2035,10601,21.20064,72.82874,120.0,90.0,251.0,"Plot 112, Near Delhi Gate, Station Road, Delhi Gate, Surat, Gujarat 395003"
26f621a3-aa39-41b0-a342-a15eb1fd6736,405-867-1016-10602,Jio,LTE,405,867,1016,10602,21.20064,72.82874,240.0,90.0,251.0,"Plot 112, Near Delhi Gate, Station Road, Delhi Gate, Surat, Gujarat 395003"
bdd0c1ae-d91d-4e23-aaa0-4e7301c68a95,405-867-1043-10603,Jio,LTE,405,867,1043,10603,21.21338,72.84792,0.0,90.0,384.0,"Plot 126, Near Saharanpur Gate, Station Road, Delhi Gate, Surat, Gujarat 395003"
95edf58f-a809-4aa1-864f-bdae329c7d5b,404-10-2007-10604,Airtel,LTE,404,10,2007,10604,21.21338,72.84792,120.0,90.0,384.0,"Plot 126, Near Saharanpur Gate, Station Road, Delhi Gate, Surat, Gujarat 395003"
c607b9a2-40ed-47ae-b14a-09b3c7a52175,405-867-1019-10605,Jio,LTE,405,867,1019,10605,21.21338,72.84792,240.0,90.0,384.0,"Plot 126, Near Saharanpur Gate, Station Road, Delhi Gate, Surat, Gujarat 395003"
5f35b300-f182-4744-b0f5-7efefa66a143,405-867-1006-10606,Jio,LTE,405,867,1006,10606,21.21634,72.83908,0.0,90.0,441.0,"Plot 79, Near Surat Railway Station, Station Road, Delhi Gate, Surat, Gujarat 395003"
c7804097-76b5-4b82-b119-148ba49ae74a,404-10-2024-10607,Airtel,LTE,404,10,2024,10607,21.21634,72.83908,120.0,90.0,441.0,"Plot 79, Near Surat Railway Station, Station Road, Delhi Gate, Surat, Gujarat 395003"
54d47f15-014d-431d-9798-62bd03e8f310,404-20-3029-10608,Vi,LTE,404,20,3029,10608,21.21634,72.83908,240.0,90.0,441.0,"Plot 79, Near Surat Railway Station, Station Road, Delhi Gate, Surat, Gujarat 395003"
59ea9f30-2287-42c7-b636-a504a9bde4a2,405-867-1043-10609,Jio,NR,405,867,1043,10609,21.21555,72.84457,0.0,90.0,488.0,"Plot 58, Near Sumul Dairy Road, Station Road, Delhi Gate, Surat, Gujarat 395003"
15d01675-3751-4c96-afef-e2b218e408fc,405-867-1035-10610,Jio,LTE,405,867,1035,10610,21.21555,72.84457,120.0,90.0,488.0,"Plot 58, Near Sumul Dairy Road, Station Road, Delhi Gate, Surat, Gujarat 395003"
f9330d4f-f978-4cea-bb06-1ffa9b201838,405-867-1015-10611,Jio,NR,405,867,1015,10611,21.21555,72.84457,240.0,90.0,488.0,"Plot 58, Near Sumul Dairy Road, Station Road, Delhi Gate, Surat, Gujarat 395003"
656cb934-a648-43bd-85c6-f82911131f2b,404-10-2020-10612,Airtel,LTE,404,10,2020,10612,21.18839,72.83514,0.0,90.0,443.0,"Plot 108, Near Saharanpur Gate, Station Road, Delhi Gate, Surat, Gujarat 395003"
c81b2066-36cc-44c7-a82f-2b0b89921c84,405-867-1003-10613,Jio,NR,405,867,1003,10613,21.18839,72.83514,120.0,90.0,443.0,"Plot 108, Near Saharanpur Gate, Station Road, Delhi Gate, Surat, Gujarat 395003"
39891700-e521-439e-98ed-67a7502f6a35,404-10-2037-10614,Airtel,GSM,404,10,2037,10614,21.18839,72.83514,240.0,90.0,443.0,"Plot 108, Near Saharanpur Gate, Station Road, Delhi Gate, Surat, Gujarat 395003"
7941406d-08af-4047-92ef-aabcc3087ff8,404-81-4009-10615,BSNL,LTE,404,81,4009,10615,21.19774,72.82729,0.0,90.0,285.0,"Plot 115, Near Surat Railway Station, Station Road, Delhi Gate, Surat, Gujarat 395003"
6769d383-f5de-435b-a1e5-4b5eea5c24eb,405-867-1044-10616,Jio,LTE,405,867,1044,10616,21.19774,72.82729,120.0,90.0,285.0,"Plot 115, Near Surat Railway Station, Station Road, Delhi Gate, Surat, Gujarat 395003"
98f2ba32-3db0-4328-87d3-d9409659194e,405-867-1041-10617,Jio,NR,405,867,1041,10617,21.19774,72.82729,240.0,90.0,285.0,"Plot 115, Near Surat Railway Station, Station Road, Delhi Gate, Surat, Gujarat 395003"
57f5c6e1-1f1e-47bb-8fd7-7e86e9a78404,404-20-3001-10618,Vi,LTE,404,20,3001,10618,21.21235,72.85298,194.7,360.0,241.0,"Plot 18, Near Sumul Dairy Road, Station Road, Delhi Gate, Surat, Gujarat 395003"
a04e4649-403f-4546-be14-eb090ad66ab0,404-10-2007-10619,Airtel,GSM,404,10,2007,10619,21.20725,72.8261,52.4,360.0,275.0,"Plot 108, Near Saharanpur Gate, Station Road, Delhi Gate, Surat, Gujarat 395003"
0178701f-aaa7-4719-b6f9-38f5f1a73b34,404-20-3042-10620,Vi,LTE,404,20,3042,10620,21.21609,72.83439,0.0,90.0,376.0,"Plot 74, Near Surat Railway Station, Station Road, Delhi Gate, Surat, Gujarat 395003"
2703607b-5ca5-44ab-a574-06233de6c1ee,405-867-1003-10621,Jio,LTE,405,867,1003,10621,21.21609,72.83439,120.0,90.0,376.0,"Plot 74, Near Surat Railway Station, Station Road, Delhi Gate, Surat, Gujarat 395003"
ccfef34f-a892-4999-9c51-b5adc2bb4151,405-867-1040-10622,Jio,LTE,405,867,1040,10622,21.21609,72.83439,240.0,90.0,376.0,"Plot 74, Near Surat Railway Station, Station Road, Delhi Gate, Surat, Gujarat 395003"
ff075077-07e3-47af-87f1-c380b0663036,404-10-2031-10623,Airtel,LTE,404,10,2031,10623,21.19233,72.83082,0.0,90.0,369.0,"Plot 102, Near Surat Railway Station, Station Road, Delhi Gate, Surat, Gujarat 395003"
4fb82767-b48e-4cc3-ac20-b73438c191c3,404-20-3002-10624,Vi,GSM,404,20,3002,10624,21.19233,72.83082,120.0,90.0,369.0,"Plot 102, Near Surat Railway Station, Station Road, Delhi Gate, Surat, Gujarat 395003"
aaadfd9c-f70d-4a45-bbef-f54d5e897f55,405-867-1020-10625,Jio,NR,405,867,1020,10625,21.19233,72.83082,240.0,90.0,369.0,"Plot 102, Near Surat Railway Station, Station Road, Delhi Gate, Surat, Gujarat 395003"
8b1b6eb8-c892-4341-a843-5ec6a077cb25,404-20-3027-10626,Vi,LTE,404,20,3027,10626,21.20159,72.85437,341.0,90.0,299.0,"Plot 59, Near Surat Railway Station, Station Road, Delhi Gate, Surat, Gujarat 395003"
0d60e083-6729-481a-a84d-2cb7e5c25622,404-20-3024-10627,Vi,GSM,404,20,3024,10627,21.19953,72.83729,0.0,90.0,408.0,"Plot 55, Near Bombay Market, Station Road, Delhi Gate, Surat, Gujarat 395003"
0a80d3fc-c64e-4af3-934c-f9354864b964,404-20-3011-10628,Vi,LTE,404,20,3011,10628,21.19953,72.83729,120.0,90.0,408.0,"Plot 55, Near Bombay Market, Station Road, Delhi Gate, Surat, Gujarat 395003"
dd6f44ce-5601-4b6b-b69e-e911833c9261,405-867-1026-10629,Jio,LTE,405,867,1026,10629,21.19953,72.83729,240.0,90.0,408.0,"Plot 55, Near Bombay Market, Station Road, Delhi Gate, Surat, Gujarat 395003"
78d13f04-ee93-4e54-a939-9a92a6fe58b2,404-20-3030-10630,Vi,LTE,404,20,3030,10630,21.21495,72.85444,0.0,90.0,302.0,"Plot 8, Near Saharanpur Gate, Station Road, Delhi Gate, Surat, Gujarat 395003"
ea53dce3-426a-428e-b2d9-2aa803b15829,405-867-1013-10631,Jio,LTE,405,867,1013,10631,21.21495,72.85444,120.0,90.0,302.0,"Plot 8, Near Saharanpur Gate, Station Road, Delhi Gate, Surat, Gujarat 395003"
4d2f0a73-8351-4552-93bd-2bbcad9cdbe4,405-867-1033-10632,Jio,NR,405,867,1033,10632,21.21495,72.85444,240.0,90.0,302.0,"Plot 8, Near Saharanpur Gate, Station Road, Delhi Gate, Surat, Gujarat 395003"
25fd1e4b-afc5-423f-8578-c851210af431,405-867-1038-10633,Jio,NR,405,867,1038,10633,21.19019,72.85221,0.0,90.0,428.0,"Plot 62, Near Surat Railway Station, Station Road, Delhi Gate, Surat, Gujarat 395003"
8fe565e7-eba0-4026-ae05-7f7ea0ffe9c3,404-10-2017-10634,Airtel,LTE,404,10,2017,10634,21.19019,72.85221,120.0,90.0,428.0,"Plot 62, Near Surat Railway Station, Station Road, Delhi Gate, Surat, Gujarat 395003"
977cb61b-280a-4a6c-8dcd-3665b64df1d5,404-20-3019-10635,Vi,LTE,404,20,3019,10635,21.19019,72.85221,240.0,90.0,428.0,"Plot 62, Near Surat Railway Station, Station Road, Delhi Gate, Surat, Gujarat 395003"
1f044787-d1e9-4d2a-a38e-97d9eda01d73,404-10-2027-10636,Airtel,LTE,404,10,2027,10636,21.20832,72.84181,0.0,90.0,315.0,"Plot 55, Near Saharanpur Gate, Station Road, Delhi Gate, Surat, Gujarat 395003"
53fce216-be0e-450b-baba-e728b550a7ae,404-10-2044-10637,Airtel,NR,404,10,2044,10637,21.20832,72.84181,120.0,90.0,315.0,"Plot 55, Near Saharanpur Gate, Station Road, Delhi Gate, Surat, Gujarat 395003"
1c4ab2d1-9ee7-47b1-be4b-fe5363d3d99a,405-867-1042-10638,Jio,NR,405,867,1042,10638,21.20832,72.84181,240.0,90.0,315.0,"Plot 55, Near Saharanpur Gate, Station Road, Delhi Gate, Surat, Gujarat 395003"
0ba0864c-9a90-4648-a6d2-1260ea47a913,404-10-2018-10639,Airtel,NR,404,10,2018,10639,21.21149,72.85634,0.0,90.0,356.0,"Plot 65, Near Delhi Gate, Station Road, Delhi Gate, Surat, Gujarat 395003"
d6ab4063-713a-40b7-9300-3853423a7354,405-867-1023-10640,Jio,LTE,405,867,1023,10640,21.21149,72.85634,120.0,90.0,356.0,"Plot 65, Near Delhi Gate, Station Road, Delhi Gate, Surat, Gujarat 395003"
0278eaf2-a48e-4d89-b159-f4e2f3e91941,405-867-1020-10641,Jio,LTE,405,867,1020,10641,21.21149,72.85634,240.0,90.0,356.0,"Plot 65, Near Delhi Gate, Station Road, Delhi Gate, Surat, Gujarat 395003"
0c324cb4-3b24-4bd7-8233-b52d973504e1,404-10-2019-10642,Airtel,LTE,404,10,2019,10642,21.19677,72.82524,179.0,360.0,247.0,"Plot 150, Near Bombay Market, Station Road, Delhi Gate, Surat, Gujarat 395003"
40d360fc-52f1-4c05-b563-2bd745a71027,404-20-3042-10643,Vi,LTE,404,20,3042,10643,21.20215,72.84731,0.0,90.0,366.0,"Plot 87, Near Surat Railway Station, Station Road, Delhi Gate, Surat, Gujarat 395003"
4f41e664-afe4-4106-84dc-f05d6adc63f9,405-867-1016-10644,Jio,LTE,405,867,1016,10644,21.20215,72.84731,120.0,90.0,366.0,"Plot 87, Near Surat Railway Station, Station Road, Delhi Gate, Surat, Gujarat 395003"
c0c8bad1-23a7-4cfd-a3c1-85d5ea92716d,404-20-3039-10645,Vi,GSM,404,20,3039,10645,21.20215,72.84731,240.0,90.0,366.0,"Plot 87, Near Surat Railway Station, Station Road, Delhi Gate, Surat, Gujarat 395003"
4fa3c62e-036f-4c3e-875c-ba51a96bdc0f,405-867-1025-10646,Jio,LTE,405,867,1025,10646,21.19552,72.84726,0.0,90.0,351.0,"Plot 7, Near Delhi Gate, Station Road, Delhi Gate, Surat, Gujarat 395003"
86f630b0-07d5-40fc-95de-ad00c69afb0e,404-10-2037-10647,Airtel,LTE,404,10,2037,10647,21.19552,72.84726,120.0,90.0,351.0,"Plot 7, Near Delhi Gate, Station Road, Delhi Gate, Surat, Gujarat 395003"
ba2c12ce-7987-403f-bfd9-b1ef5871bbe8,404-20-3015-10648,Vi,LTE,404,20,3015,10648,21.19552,72.84726,240.0,90.0,351.0,"Plot 7, Near Delhi Gate, Station Road, Delhi Gate, Surat, Gujarat 395003"
7f9acf01-2702-45d1-ae38-be79df40b664,404-20-3012-10649,Vi,GSM,404,20,3012,10649,21.19838,72.82674,0.0,90.0,287.0,"Plot 92, Near Bombay Market, Station Road, Delhi Gate, Surat, Gujarat 395003"
ac3eb70d-058b-4037-8aed-1541d652e089,405-867-1017-10650,Jio,LTE,405,867,1017,10650,21.19838,72.82674,120.0,90.0,287.0,"Plot 92, Near Bombay Market, Station Road, Delhi Gate, Surat, Gujarat 395003"
514d519c-cbd3-4dd9-af12-27e82a128516,404-10-2012-10651,Airtel,LTE,404,10,2012,10651,21.19838,72.82674,240.0,90.0,287.0,"Plot 92, Near Bombay Market, Station Road, Delhi Gate, Surat, Gujarat 395003"
9d7261fa-a9dc-4bd9-98bb-a68efc6ae44b,405-867-1024-10652,Jio,NR,405,867,1024,10652,21.22016,72.835,0.0,90.0,357.0,"Plot 57, Near Surat Railway Station, Station Road, Delhi Gate, Surat, Gujarat 395003"
e00c4f3d-b0a3-440a-811c-3c93732a7061,405-867-1008-10653,Jio,LTE,405,867,1008,10653,21.22016,72.835,120.0,90.0,357.0,"Plot 57, Near Surat Railway Station, Station Road, Delhi Gate, Surat, Gujarat 395003"
ec4a31cd-37d2-481e-b56d-35d12590042b,405-867-1038-10654,Jio,NR,405,867,1038,10654,21.22016,72.835,240.0,90.0,357.0,"Plot 57, Near Surat Railway Station, Station Road, Delhi Gate, Surat, Gujarat 395003"
0bf872f3-432f-468b-a31d-577b7d80082f,404-10-2010-10655,Airtel,LTE,404,10,2010,10655,21.19154,72.83362,0.0,90.0,395.0,"Plot 50, Near Bombay Market, Station Road, Delhi Gate, Surat, Gujarat 395003"
b25963c9-07e5-42ae-97b1-9945d26dd198,405-867-1027-10656,Jio,LTE,405,867,1027,10656,21.19154,72.83362,120.0,90.0,395.0,"Plot 50, Near Bombay Market, Station Road, Delhi Gate, Surat, Gujarat 395003"
664851b0-b625-42d4-a57e-83437cf2c711,404-81-4030-10657,BSNL,LTE,404,81,4030,10657,21.19154,72.83362,240.0,90.0,395.0,"Plot 50, Near Bombay Market, Station Road, Delhi Gate, Surat, Gujarat 395003"
2b54ea5c-d6cd-4d4a-bbda-11d0b6dbccc9,405-867-1029-10658,Jio,LTE,405,867,1029,10658,21.21441,72.85507,0.0,90.0,290.0,"Plot 21, Near Delhi Gate, Station Road, Delhi Gate, Surat, Gujarat 395003"
525160ff-c220-4277-9242-3d999f722978,405-867-1011-10659,Jio,NR,405,867,1011,10659,21.21441,72.85507,120.0,90.0,290.0,"Plot 21, Near Delhi Gate, Station Road, Delhi Gate, Surat, Gujarat 395003"
17c77459-1aef-4c4a-8b01-ed1ffcda3f8a,404-10-2006-10660,Airtel,LTE,404,10,2006,10660,21.21441,72.85507,240.0,90.0,290.0,"Plot 21, Near Delhi Gate, Station Road, Delhi Gate, Surat, Gujarat 395003"
979ad2a4-276c-40a1-9bd3-950f1d66a3b8,405-867-1013-10661,Jio,LTE,405,867,1013,10661,21.21221,72.85031,0.0,90.0,444.0,"Plot 104, Near Bombay Market, Station Road, Delhi Gate, Surat, Gujarat 395003"
08f5426e-791e-45c3-bdb1-0ae61b57f551,404-10-2021-10662,Airtel,GSM,404,10,2021,10662,21.21221,72.85031,120.0,90.0,444.0,"Plot 104, Near Bombay Market, Station Road, Delhi Gate, Surat, Gujarat 395003"
39ac3f9f-a4e4-49e5-875e-9b89b9011185,404-20-3002-10663,Vi,LTE,404,20,3002,10663,21.21221,72.85031,240.0,90.0,444.0,"Plot 104, Near Bombay Market, Station Road, Delhi Gate, Surat, Gujarat 395003"
1156d462-4054-495d-b2e8-6aaf74d95fd8,405-867-1033-10664,Jio,LTE,405,867,1033,10664,21.19765,72.82725,0.0,90.0,376.0,"Plot 58, Near Delhi Gate, Station Road, Delhi Gate, Surat, Gujarat 395003"
52d7e12f-7cc6-4ed1-9523-44cfe81432f7,404-10-2003-10665,Airtel,LTE,404,10,2003,10665,21.19765,72.82725,120.0,90.0,376.0,"Plot 58, Near Delhi Gate, Station Road, Delhi Gate, Surat, Gujarat 395003"
2e2e4d5b-bf34-4f6b-b674-c27dab31af1c,405-867-1034-10666,Jio,LTE,405,867,1034,10666,21.19765,72.82725,240.0,90.0,376.0,"Plot 58, Near Delhi Gate, Station Road, Delhi Gate, Surat, Gujarat 395003"
b28bf07a-8ace-4fbc-9514-a1fa1c673763,405-867-1026-10667,Jio,LTE,405,867,1026,10667,21.19531,72.83454,0.0,90.0,450.0,"Plot 88, Near Delhi Gate, Station Road, Delhi Gate, Surat, Gujarat 395003"
331f1b41-9763-44a1-ba2c-584e9527654f,405-867-1009-10668,Jio,LTE,405,867,1009,10668,21.19531,72.83454,120.0,90.0,450.0,"Plot 88, Near Delhi Gate, Station Road, Delhi Gate, Surat, Gujarat 395003"
720926b0-9fbe-470b-90b7-9cab83e32c2f,405-867-1033-10669,Jio,LTE,405,867,1033,10669,21.19531,72.83454,240.0,90.0,450.0,"Plot 88, Near Delhi Gate, Station Road, Delhi Gate, Surat, Gujarat 395003"
4371b898-33b5-4c10-9f4a-3ae965e83726,404-20-3039-10670,Vi,LTE,404,20,3039,10670,21.20936,72.85131,0.0,90.0,330.0,"Plot 97, Near Surat Railway Station, Station Road, Delhi Gate, Surat, Gujarat 395003"
4ba9bd23-35f9-46ed-8786-111790e42f0f,404-81-4042-10671,BSNL,LTE,404,81,4042,10671,21.20936,72.85131,120.0,90.0,330.0,"Plot 97, Near Surat Railway Station, Station Road, Delhi Gate, Surat, Gujarat 395003"
5f2dde02-9410-4d42-8de8-e4b72ece9383,404-20-3008-10672,Vi,LTE,404,20,3008,10672,21.20936,72.85131,240.0,90.0,330.0,"Plot 97, Near Surat Railway Station, Station Road, Delhi Gate, Surat, Gujarat 395003"
4d3323cd-226e-45ac-aeed-517cbf71c6db,405-867-1001-10673,Jio,LTE,405,867,1001,10673,21.1943,72.847,0.0,90.0,278.0,"Plot 65, Near Saharanpur Gate, Station Road, Delhi Gate, Surat, Gujarat 395003"
51930f1b-e90c-48bb-8747-671580162620,405-867-1043-10674,Jio,LTE,405,867,1043,10674,21.1943,72.847,120.0,90.0,278.0,"Plot 65, Near Saharanpur Gate, Station Road, Delhi Gate, Surat, Gujarat 395003"
a74e6036-e142-41e9-b271-4d3109fcaf97,404-10-2045-10675,Airtel,LTE,404,10,2045,10675,21.1943,72.847,240.0,90.0,278.0,"Plot 65, Near Saharanpur Gate, Station Road, Delhi Gate, Surat, Gujarat 395003"
542057f5-e032-4049-a430-2bbc5f2722ed,405-867-1032-10676,Jio,NR,405,867,1032,10676,21.2147,72.85438,0.0,90.0,260.0,"Plot 131, Near Surat Railway Station, Station Road, Delhi Gate, Surat, Gujarat 395003"
643b3647-4d13-4b39-b310-4d7ef5d47f9b,405-867-1017-10677,Jio,LTE,405,867,1017,10677,21.2147,72.85438,120.0,90.0,260.0,"Plot 131, Near Surat Railway Station, Station Road, Delhi Gate, Surat, Gujarat 395003"
a850e6b3-4578-453b-a0c7-5f26f112e337,404-20-3023-10678,Vi,GSM,404,20,3023,10678,21.2147,72.85438,240.0,90.0,260.0,"Plot 131, Near Surat Railway Station, Station Road, Delhi Gate, Surat, Gujarat 395003"
dc665ddd-4f53-4879-8955-cb3ed7fdd44d,404-10-2016-10679,Airtel,LTE,404,10,2016,10679,21.20114,72.83082,0.0,90.0,306.0,"Plot 141, Near Surat Railway Station, Station Road, Delhi Gate, Surat, Gujarat 395003"
eb31c405-fe7c-4382-a2e6-4c5517d28eba,405-867-1008-10680,Jio,LTE,405,867,1008,10680,21.20114,72.83082,120.0,90.0,306.0,"Plot 141, Near Surat Railway Station, Station Road, Delhi Gate, Surat, Gujarat 395003"
432dacfc-9da6-4b66-aad6-1b3816fec27a,404-20-3010-10681,Vi,LTE,404,20,3010,10681,21.20114,72.83082,240.0,90.0,306.0,"Plot 141, Near Surat Railway Station, Station Road, Delhi Gate, Surat, Gujarat 395003"
256ca190-736a-4de6-a676-f4ca81149db9,405-867-1017-10682,Jio,NR,405,867,1017,10682,21.21913,72.83566,0.0,90.0,318.0,"Plot 26, Near Surat Railway Station, Station Road, Delhi Gate, Surat, Gujarat 395003"
b47764e7-6098-477e-8486-c439a38d84ff,405-867-1012-10683,Jio,LTE,405,867,1012,10683,21.21913,72.83566,120.0,90.0,318.0,"Plot 26, Near Surat Railway Station, Station Road, Delhi Gate, Surat, Gujarat 395003"
79b616a0-6aa9-4d09-8bd1-7960abbcc422,404-20-3024-10684,Vi,GSM,404,20,3024,10684,21.21913,72.83566,240.0,90.0,318.0,"Plot 26, Near Surat Railway Station, Station Road, Delhi Gate, Surat, Gujarat 395003"
da12d7ec-36f1-4522-afda-912b0f931d40,405-867-1042-10685,Jio,LTE,405,867,1042,10685,21.20724,72.83064,0.0,90.0,223.0,"Plot 25, Near Surat Railway Station, Station Road, Delhi Gate, Surat, Gujarat 395003"
c0c4de4b-2999-4102-8664-2a4c154eadd4,405-867-1029-10686,Jio,LTE,405,867,1029,10686,21.20724,72.83064,120.0,90.0,223.0,"Plot 25, Near Surat Railway Station, Station Road, Delhi Gate, Surat, Gujarat 395003"
da22d7ba-52c4-4525-9f45-007268fca4b2,404-81-4006-10687,BSNL,GSM,404,81,4006,10687,21.20724,72.83064,240.0,90.0,223.0,"Plot 25, Near Surat Railway Station, Station Road, Delhi Gate, Surat, Gujarat 395003"
bc32eada-7a01-40f9-b591-22078717d7bf,405-867-1031-10688,Jio,LTE,405,867,1031,10688,21.19658,72.8492,0.0,90.0,433.0,"Plot 103, Near Surat Railway Station, Station Road, Delhi Gate, Surat, Gujarat 395003"
18f18328-40f0-469c-b5b6-7c52b2c2b3a9,404-20-3011-10689,Vi,LTE,404,20,3011,10689,21.19658,72.8492,120.0,90.0,433.0,"Plot 103, Near Surat Railway Station, Station Road, Delhi Gate, Surat, Gujarat 395003"
73cc79a2-3a7f-4840-94fd-1b4af29f6a74,405-867-1004-10690,Jio,LTE,405,867,1004,10690,21.19658,72.8492,240.0,90.0,433.0,"Plot 103, Near Surat Railway Station, Station Road, Delhi Gate, Surat, Gujarat 395003"
a84712f1-f321-49f5-9054-7edb221d0968,404-20-3012-10691,Vi,LTE,404,20,3012,10691,21.22046,72.83895,0.0,90.0,447.0,"Plot 107, Near Surat Railway Station, Station Road, Delhi Gate, Surat, Gujarat 395003"
0caf756a-4ef7-48f6-b6af-95c54650e5fe,404-10-2040-10692,Airtel,NR,404,10,2040,10692,21.22046,72.83895,120.0,90.0,447.0,"Plot 107, Near Surat Railway Station, Station Road, Delhi Gate, Surat, Gujarat 395003"
b135211f-4a4e-4e02-878b-54250046404c,405-867-1009-10693,Jio,LTE,405,867,1009,10693,21.22046,72.83895,240.0,90.0,447.0,"Plot 107, Near Surat Railway Station, Station Road, Delhi Gate, Surat, Gujarat 395003"
1a828cd0-dcde-4e3c-b418-6456cc8096e9,404-10-2037-10694,Airtel,LTE,404,10,2037,10694,21.19142,72.84244,91.6,90.0,201.0,"Plot 113, Near Bombay Market, Station Road, Delhi Gate, Surat, Gujarat 395003"
6b70ee11-c830-4b6e-b40e-ca6c29e57c25,405-867-1031-10695,Jio,LTE,405,867,1031,10695,21.20258,72.83182,0.0,90.0,248.0,"Plot 133, Near Sumul Dairy Road, Station Road, Delhi Gate, Surat, Gujarat 395003"
23cab839-6883-450a-9adc-3bd6a3146b60,405-867-1025-10696,Jio,LTE,405,867,1025,10696,21.20258,72.83182,120.0,90.0,248.0,"Plot 133, Near Sumul Dairy Road, Station Road, Delhi Gate, Surat, Gujarat 395003"
85825f92-b0b8-43c9-aac9-5da5bf05d0fe,405-867-1040-10697,Jio,NR,405,867,1040,10697,21.20258,72.83182,240.0,90.0,248.0,"Plot 133, Near Sumul Dairy Road, Station Road, Delhi Gate, Surat, Gujarat 395003"
5d33d161-d540-412a-9e9b-eb52b2a1dd67,404-20-3032-10698,Vi,LTE,404,20,3032,10698,21.21765,72.84623,0.0,90.0,453.0,"Plot 130, Near Delhi Gate, Station Road, Delhi Gate, Surat, Gujarat 395003"
2451e8ba-9e0b-47e8-ad81-c4449936f0a8,405-867-1018-10699,Jio,LTE,405,867,1018,10699,21.21765,72.84623,120.0,90.0,453.0,"Plot 130, Near Delhi Gate, Station Road, Delhi Gate, Surat, Gujarat 395003"
d0c41ef4-9985-4dc1-80c1-2f9b01f858e5,405-867-1042-10700,Jio,LTE,405,867,1042,10700,21.21765,72.84623,240.0,90.0,453.0,"Plot 130, Near Delhi Gate, Station Road, Delhi Gate, Surat, Gujarat 395003"
ff70a990-e4d0-4073-8824-545dd0adac65,405-867-1029-10701,Jio,NR,405,867,1029,10701,21.19221,72.85308,0.0,90.0,493.0,"Plot 118, Near Surat Railway Station, Station Road, Delhi Gate, Surat, Gujarat 395003"
15f7f0ca-6006-4a97-9853-a1fc9235b399,405-867-1042-10702,Jio,NR,405,867,1042,10702,21.19221,72.85308,120.0,90.0,493.0,"Plot 118, Near Surat Railway Station, Station Road, Delhi Gate, Surat, Gujarat 395003"
4d4f9b9f-4dc9-433e-8446-ad815f52042c,405-867-1003-10703,Jio,LTE,405,867,1003,10703,21.19221,72.85308,240.0,90.0,493.0,"Plot 118, Near Surat Railway Station, Station Road, Delhi Gate, Surat, Gujarat 395003"
83fe9a0d-ff3f-4c7f-b6b0-d08ceeed4164,405-867-1022-10704,Jio,LTE,405,867,1022,10704,21.2023,72.84032,0.0,90.0,487.0,"Plot 78, Near Surat Railway Station, Station Road, Delhi Gate, Surat, Gujarat 395003"
e103381f-1dfe-43de-abb9-e823459e79dc,405-867-1015-10705,Jio,LTE,405,867,1015,10705,21.2023,72.84032,120.0,90.0,487.0,"Plot 78, Near Surat Railway Station, Station Road, Delhi Gate, Surat, Gujarat 395003"
a1d26a1c-72ff-4791-9e3e-970bed3b8760,404-20-3040-10706,Vi,LTE,404,20,3040,10706,21.2023,72.84032,240.0,90.0,487.0,"Plot 78, Near Surat Railway Station, Station Road, Delhi Gate, Surat, Gujarat 395003"
28390b3a-0695-4d41-bffe-65c0250a3e7d,405-867-1019-10707,Jio,NR,405,867,1019,10707,21.19163,72.83137,265.8,60.0,200.0,"Plot 116, Near Sumul Dairy Road, Station Road, Delhi Gate, Surat, Gujarat 395003"
02bf1e19-be07-4e94-a920-80312cd20bbb,405-867-1027-10708,Jio,LTE,405,867,1027,10708,21.19339,72.83748,0.0,90.0,452.0,"Plot 12, Near Surat Railway Station, Station Road, Delhi Gate, Surat, Gujarat 395003"
54ff48c8-cfd9-4c3b-bdda-bf67b43e3975,405-867-1013-10709,Jio,LTE,405,867,1013,10709,21.19339,72.83748,120.0,90.0,452.0,"Plot 12, Near Surat Railway Station, Station Road, Delhi Gate, Surat, Gujarat 395003"
07c10bc7-1299-4850-be09-edac5e167d79,405-867-1014-10710,Jio,NR,405,867,1014,10710,21.19339,72.83748,240.0,90.0,452.0,"Plot 12, Near Surat Railway Station, Station Road, Delhi Gate, Surat, Gujarat 395003"
093a3754-d5e1-448c-8b6f-12ec28f7a909,404-20-3038-10711,Vi,GSM,404,20,3038,10711,21.18863,72.84556,0.0,90.0,223.0,"Plot 28, Near Sumul Dairy Road, Station Road, Delhi Gate, Surat, Gujarat 395003"
5fda9d02-dd85-4dce-954f-f9b477f67b6d,405-867-1030-10712,Jio,NR,405,867,1030,10712,21.18863,72.84556,120.0,90.0,223.0,"Plot 28, Near Sumul Dairy Road, Station Road, Delhi Gate, Surat, Gujarat 395003"
387a558a-8195-4372-9233-d566322420b7,404-10-2009-10713,Airtel,GSM,404,10,2009,10713,21.18863,72.84556,240.0,90.0,223.0,"Plot 28, Near Sumul Dairy Road, Station Road, Delhi Gate, Surat, Gujarat 395003"
91be5dd2-6229-4d6d-b3a4-12b6f95d9d71,405-867-1012-10714,Jio,LTE,405,867,1012,10714,21.2061,72.84048,0.0,90.0,499.0,"Plot 142, Near Surat Railway Station, Station Road, Delhi Gate, Surat, Gujarat 395003"
cd4ff49a-f318-49fb-bbde-f35dc33030b9,404-10-2009-10715,Airtel,LTE,404,10,2009,10715,21.2061,72.84048,120.0,90.0,499.0,"Plot 142, Near Surat Railway Station, Station Road, Delhi Gate, Surat, Gujarat 395003"
3734fd1b-ff6e-4455-b2c6-52c297f37b17,405-867-1039-10716,Jio,LTE,405,867,1039,10716,21.2061,72.84048,240.0,90.0,499.0,"Plot 142, Near Surat Railway Station, Station Road, Delhi Gate, Surat, Gujarat 395003"
06f57da5-927f-4100-8625-bfb9427ba802,405-867-1019-10717,Jio,NR,405,867,1019,10717,21.21352,72.83173,0.0,90.0,327.0,"Plot 108, Near Bombay Market, Station Road, Delhi Gate, Surat, Gujarat 395003"
b926c06f-6b26-46cb-956b-123f3f299c83,405-867-1027-10718,Jio,LTE,405,867,1027,10718,21.21352,72.83173,120.0,90.0,327.0,"Plot 108, Near Bombay Market, Station Road, Delhi Gate, Surat, Gujarat 395003"
cb493144-9c79-4e2e-834b-652200285f2e,404-10-2033-10719,Airtel,NR,404,10,2033,10719,21.21352,72.83173,240.0,90.0,327.0,"Plot 108, Near Bombay Market, Station Road, Delhi Gate, Surat, Gujarat 395003"
6a60311d-0757-42d9-a799-95e77e919631,405-867-1044-10720,Jio,LTE,405,867,1044,10720,21.19943,72.85646,0.0,90.0,302.0,"Plot 142, Near Sumul Dairy Road, Station Road, Delhi Gate, Surat, Gujarat 395003"
7ecabb32-0317-467e-bbfa-e1adf206fa83,405-867-1042-10721,Jio,LTE,405,867,1042,10721,21.19943,72.85646,120.0,90.0,302.0,"Plot 142, Near Sumul Dairy Road, Station Road, Delhi Gate, Surat, Gujarat 395003"
129e4ad3-2142-45fd-9ecd-a88e22861143,404-81-4035-10722,BSNL,GSM,404,81,4035,10722,21.19943,72.85646,240.0,90.0,302.0,"Plot 142, Near Sumul Dairy Road, Station Road, Delhi Gate, Surat, Gujarat 395003"
b429bf22-1b66-4584-b064-013bc23128e5,404-10-2027-10723,Airtel,LTE,404,10,2027,10723,21.20046,72.83058,0.0,90.0,498.0,"Plot 91, Near Surat Railway Station, Station Road, Delhi Gate, Surat, Gujarat 395003"
4a0c73ad-8f22-41bc-9077-da0e53f91c72,404-10-2035-10724,Airtel,NR,404,10,2035,10724,21.20046,72.83058,120.0,90.0,498.0,"Plot 91, Near Surat Railway Station, Station Road, Delhi Gate, Surat, Gujarat 395003"
7e0e2559-56db-4e58-a9e6-8dbc05bc724e,405-867-1001-10725,Jio,NR,405,867,1001,10725,21.20046,72.83058,240.0,90.0,498.0,"Plot 91, Near Surat Railway Station, Station Road, Delhi Gate, Surat, Gujarat 395003"
e5271d61-d335-48c1-8c38-ad03ee1eff68,405-867-1019-10726,Jio,NR,405,867,1019,10726,21.20066,72.84049,0.0,90.0,302.0,"Plot 14, Near Delhi Gate, Station Road, Delhi Gate, Surat, Gujarat 395003"
f1c9e38f-c36c-4282-805e-94c95167322e,404-10-2004-10727,Airtel,LTE,404,10,2004,10727,21.20066,72.84049,120.0,90.0,302.0,"Plot 14, Near Delhi Gate, Station Road, Delhi Gate, Surat, Gujarat 395003"
26b56806-7205-49dc-8ae2-f723d572cbec,404-10-2035-10728,Airtel,LTE,404,10,2035,10728,21.20066,72.84049,240.0,90.0,302.0,"Plot 14, Near Delhi Gate, Station Road, Delhi Gate, Surat, Gujarat 395003"
3f74be8f-d951-4c51-8bfc-be5f29b9170e,405-867-1045-10729,Jio,LTE,405,867,1045,10729,21.21994,72.84452,0.0,90.0,487.0,"Plot 144, Near Surat Railway Station, Station Road, Delhi Gate, Surat, Gujarat 395003"
36b83f69-1d11-4bf9-a2a1-c8d36cd85559,405-867-1025-10730,Jio,LTE,405,867,1025,10730,21.21994,72.84452,120.0,90.0,487.0,"Plot 144, Near Surat Railway Station, Station Road, Delhi Gate, Surat, Gujarat 395003"
f0110521-6960-4506-b82e-40340097dea5,405-867-1044-10731,Jio,NR,405,867,1044,10731,21.21994,72.84452,240.0,90.0,487.0,"Plot 144, Near Surat Railway Station, Station Road, Delhi Gate, Surat, Gujarat 395003"
e51e6a1e-e587-41a9-b995-533a35ef0d12,404-20-3042-10732,Vi,GSM,404,20,3042,10732,21.19884,72.85432,0.0,90.0,426.0,"Plot 65, Near Surat Railway Station, Station Road, Delhi Gate, Surat, Gujarat 395003"
cb4a2d7c-ca50-43c7-8b61-539b7718fdd0,405-867-1039-10733,Jio,LTE,405,867,1039,10733,21.19884,72.85432,120.0,90.0,426.0,"Plot 65, Near Surat Railway Station, Station Road, Delhi Gate, Surat, Gujarat 395003"
d0c64c12-96b5-485f-b23e-5e2d98b0dad0,405-867-1013-10734,Jio,LTE,405,867,1013,10734,21.19884,72.85432,240.0,90.0,426.0,"Plot 65, Near Surat Railway Station, Station Road, Delhi Gate, Surat, Gujarat 395003"
a36d1df9-382d-41f0-9d29-0e2c930b4c54,405-867-1018-10735,Jio,LTE,405,867,1018,10735,21.20187,72.84901,0.0,90.0,463.0,"Plot 48, Near Surat Railway Station, Station Road, Delhi Gate, Surat, Gujarat 395003"
760014cc-196f-4233-ad6f-c75a8c5eafbd,404-10-2038-10736,Airtel,LTE,404,10,2038,10736,21.20187,72.84901,120.0,90.0,463.0,"Plot 48, Near Surat Railway Station, Station Road, Delhi Gate, Surat, Gujarat 395003"
7b772bd1-2810-48bf-ab49-2ceb52d61f8a,404-20-3030-10737,Vi,LTE,404,20,3030,10737,21.20187,72.84901,240.0,90.0,463.0,"Plot 48, Near Surat Railway Station, Station Road, Delhi Gate, Surat, Gujarat 395003"
246fb0c1-bd67-4eed-b1ed-c447d26dfe14,405-867-1023-10738,Jio,LTE,405,867,1023,10738,21.20218,72.83344,0.0,90.0,354.0,"Plot 83, Near Delhi Gate, Station Road, Delhi Gate, Surat, Gujarat 395003"
80a26a96-1f2e-420b-8d93-53e45a6ec63c,405-867-1034-10739,Jio,LTE,405,867,1034,10739,21.20218,72.83344,120.0,90.0,354.0,"Plot 83, Near Delhi Gate, Station Road, Delhi Gate, Surat, Gujarat 395003"
ad7f42b1-1167-472f-8c43-e5914c40c0b5,405-867-1005-10740,Jio,LTE,405,867,1005,10740,21.20218,72.83344,240.0,90.0,354.0,"Plot 83, Near Delhi Gate, Station Road, Delhi Gate, Surat, Gujarat 395003"
eace2d02-6d8c-45bd-ae11-ef62c8a28582,405-867-1022-10741,Jio,LTE,405,867,1022,10741,21.20567,72.83329,0.0,90.0,378.0,"Plot 138, Near Saharanpur Gate, Station Road, Delhi Gate, Surat, Gujarat 395003"
ede14237-34ed-49e9-822b-1199676f1ade,405-867-1040-10742,Jio,LTE,405,867,1040,10742,21.20567,72.83329,120.0,90.0,378.0,"Plot 138, Near Saharanpur Gate, Station Road, Delhi Gate, Surat, Gujarat 395003"
e12fbf43-e3c8-40dd-84ab-66dfe407c414,404-10-2042-10743,Airtel,GSM,404,10,2042,10743,21.20567,72.83329,240.0,90.0,378.0,"Plot 138, Near Saharanpur Gate, Station Road, Delhi Gate, Surat, Gujarat 395003"
9289af7a-371c-43be-9298-730346adbc3f,404-81-4021-10744,BSNL,LTE,404,81,4021,10744,21.21875,72.84188,0.0,90.0,324.0,"Plot 62, Near Bombay Market, Station Road, Delhi Gate, Surat, Gujarat 395003"
f6eec871-822d-4133-a50f-6da4c5709793,405-867-1008-10745,Jio,NR,405,867,1008,10745,21.21875,72.84188,120.0,90.0,324.0,"Plot 62, Near Bombay Market, Station Road, Delhi Gate, Surat, Gujarat 395003"
17420128-fd73-44a2-b0b4-dfa5ca867eda,405-867-1019-10746,Jio,LTE,405,867,1019,10746,21.21875,72.84188,240.0,90.0,324.0,"Plot 62, Near Bombay Market, Station Road, Delhi Gate, Surat, Gujarat 395003"
be2ac1c6-25fd-4cf7-b37c-dccb96305f52,405-867-1042-10747,Jio,LTE,405,867,1042,10747,21.21686,72.84316,0.0,90.0,428.0,"Plot 132, Near Sumul Dairy Road, Station Road, Delhi Gate, Surat, Gujarat 395003"
3b674226-5ac9-4b33-85e3-14b406aeee25,405-867-1007-10748,Jio,LTE,405,867,1007,10748,21.21686,72.84316,120.0,90.0,428.0,"Plot 132, Near Sumul Dairy Road, Station Road, Delhi Gate, Surat, Gujarat 395003"
2683e1d6-bb0f-4d52-a065-f05f786b16d3,405-867-1035-10749,Jio,NR,405,867,1035,10749,21.21686,72.84316,240.0,90.0,428.0,"Plot 132, Near Sumul Dairy Road, Station Road, Delhi Gate, Surat, Gujarat 395003"
df3d8067-b42c-4d1f-87b1-ffd1c9833372,404-20-3045-10750,Vi,LTE,404,20,3045,10750,21.19,72.83782,0.0,90.0,417.0,"Plot 55, Near Delhi Gate, Station Road, Delhi Gate, Surat, Gujarat 395003"
64354806-02b9-49a9-bdec-fb1e3cc49144,404-20-3028-10751,Vi,LTE,404,20,3028,10751,21.19,72.83782,120.0,90.0,417.0,"Plot 55, Near Delhi Gate, Station Road, Delhi Gate, Surat, Gujarat 395003"
1382fc32-7e85-416a-9cee-f0635032adb4,404-10-2044-10752,Airtel,GSM,404,10,2044,10752,21.19,72.83782,240.0,90.0,417.0,"Plot 55, Near Delhi Gate, Station Road, Delhi Gate, Surat, Gujarat 395003"
38e59fc1-4927-4dc7-9997-6a68eeb76452,405-867-1017-10753,Jio,NR,405,867,1017,10753,21.21098,72.85184,19.0,90.0,271.0,"Plot 10, Near Sumul Dairy Road, Station Road, Delhi Gate, Surat, Gujarat 395003"
2f7ea480-5336-49b9-99aa-d80516e284bb,404-10-2042-10754,Airtel,LTE,404,10,2042,10754,21.19382,72.84816,0.0,90.0,399.0,"Plot 111, Near Bombay Market, Station Road, Delhi Gate, Surat, Gujarat 395003"
4bbbe351-11c3-49d7-9dec-ef97198e41c6,404-10-2038-10755,Airtel,LTE,404,10,2038,10755,21.19382,72.84816,120.0,90.0,399.0,"Plot 111, Near Bombay Market, Station Road, Delhi Gate, Surat, Gujarat 395003"
777b3ca7-e548-474c-bc37-488e41c2f004,405-867-1023-10756,Jio,NR,405,867,1023,10756,21.19382,72.84816,240.0,90.0,399.0,"Plot 111, Near Bombay Market, Station Road, Delhi Gate, Surat, Gujarat 395003"
59a9867d-7e11-4973-b5e8-39e46e46ad5c,405-867-1002-10757,Jio,NR,405,867,1002,10757,21.2095,72.83814,0.0,90.0,424.0,"Plot 23, Near Sumul Dairy Road, Station Road, Delhi Gate, Surat, Gujarat 395003"
595b5c02-d94d-46f9-9c37-44ca31302b51,405-867-1009-10758,Jio,LTE,405,867,1009,10758,21.2095,72.83814,120.0,90.0,424.0,"Plot 23, Near Sumul Dairy Road, Station Road, Delhi Gate, Surat, Gujarat 395003"
d36928b2-9def-46a0-a192-ed0970ab2fa6,404-20-3035-10759,Vi,GSM,404,20,3035,10759,21.2095,72.83814,240.0,90.0,424.0,"Plot 23, Near Sumul Dairy Road, Station Road, Delhi Gate, Surat, Gujarat 395003"
a91d64ee-bc97-4604-87b1-15f09ee5d368,404-10-2008-10760,Airtel,LTE,404,10,2008,10760,21.19999,72.85582,0.0,90.0,205.0,"Plot 96, Near Sumul Dairy Road, Station Road, Delhi Gate, Surat, Gujarat 395003"
2072be37-ff35-411f-b15e-d8ecda05ae0d,405-867-1026-10761,Jio,LTE,405,867,1026,10761,21.19999,72.85582,120.0,90.0,205.0,"Plot 96, Near Sumul Dairy Road, Station Road, Delhi Gate, Surat, Gujarat 395003"
69422253-5fe3-4a1d-bfbe-6c473c98dfb8,404-10-2020-10762,Airtel,GSM,404,10,2020,10762,21.19999,72.85582,240.0,90.0,205.0,"Plot 96, Near Sumul Dairy Road, Station Road, Delhi Gate, Surat, Gujarat 395003"
bf6eff51-eaa7-4e36-acdb-70141277256b,405-867-1040-10763,Jio,LTE,405,867,1040,10763,21.20786,72.85715,0.0,90.0,462.0,"Plot 55, Near Sumul Dairy Road, Station Road, Delhi Gate, Surat, Gujarat 395003"
7a0615aa-3c2c-4fe7-8f64-6cde0371b415,404-20-3012-10764,Vi,LTE,404,20,3012,10764,21.20786,72.85715,120.0,90.0,462.0,"Plot 55, Near Sumul Dairy Road, Station Road, Delhi Gate, Surat, Gujarat 395003"
07ace70a-ca27-4d02-92a8-a76767b6265a,404-10-2004-10765,Airtel,LTE,404,10,2004,10765,21.20786,72.85715,240.0,90.0,462.0,"Plot 55, Near Sumul Dairy Road, Station Road, Delhi Gate, Surat, Gujarat 395003"
6d2b30e0-2d5a-453b-9e62-d4267bc3c53b,405-867-1007-10766,Jio,LTE,405,867,1007,10766,21.21435,72.82599,0.0,90.0,237.0,"Plot 119, Near Saharanpur Gate, Station Road, Delhi Gate, Surat, Gujarat 395003"
84fb1bd4-f51b-4be0-b3fe-3de1b1ab718e,405-867-1022-10767,Jio,LTE,405,867,1022,10767,21.21435,72.82599,120.0,90.0,237.0,"Plot 119, Near Saharanpur Gate, Station Road, Delhi Gate, Surat, Gujarat 395003"
7d5394f3-bf93-4ca6-a05b-17b1084fc118,405-867-1016-10768,Jio,LTE,405,867,1016,10768,21.21435,72.82599,240.0,90.0,237.0,"Plot 119, Near Saharanpur Gate, Station Road, Delhi Gate, Surat, Gujarat 395003"
194f2b1c-ac82-4216-a502-8e34d0a93e4e,404-10-2038-10769,Airtel,LTE,404,10,2038,10769,21.21551,72.84997,0.0,90.0,368.0,"Plot 82, Near Delhi Gate, Station Road, Delhi Gate, Surat, Gujarat 395003"
1a810269-32f3-4bc1-bb45-b692acda6972,405-867-1021-10770,Jio,LTE,405,867,1021,10770,21.21551,72.84997,120.0,90.0,368.0,"Plot 82, Near Delhi Gate, Station Road, Delhi Gate, Surat, Gujarat 395003"
50f5d0b1-8ae0-4cc4-8df4-adf967a218e4,404-81-4021-10771,BSNL,GSM,404,81,4021,10771,21.21551,72.84997,240.0,90.0,368.0,"Plot 82, Near Delhi Gate, Station Road, Delhi Gate, Surat, Gujarat 395003"
8275a119-1544-416f-9e57-6367ba14415f,404-10-2031-10772,Airtel,LTE,404,10,2031,10772,21.20421,72.85025,0.0,90.0,268.0,"Plot 71, Near Bombay Market, Station Road, Delhi Gate, Surat, Gujarat 395003"
0a820e00-2b71-471e-a609-f6b053abe586,405-867-1020-10773,Jio,LTE,405,867,1020,10773,21.20421,72.85025,120.0,90.0,268.0,"Plot 71, Near Bombay Market, Station Road, Delhi Gate, Surat, Gujarat 395003"
59a22616-b02f-4b2d-841e-014d81cc41ab,405-867-1042-10774,Jio,LTE,405,867,1042,10774,21.20421,72.85025,240.0,90.0,268.0,"Plot 71, Near Bombay Market, Station Road, Delhi Gate, Surat, Gujarat 395003"
bae52387-f2fe-4d63-bba9-95f588f72b58,404-10-2033-10775,Airtel,NR,404,10,2033,10775,21.19103,72.82998,0.0,90.0,239.0,"Plot 138, Near Delhi Gate, Station Road, Delhi Gate, Surat, Gujarat 395003"
fd2d77c8-0dee-4da2-ad44-e51ecd457683,404-10-2038-10776,Airtel,NR,404,10,2038,10776,21.19103,72.82998,120.0,90.0,239.0,"Plot 138, Near Delhi Gate, Station Road, Delhi Gate, Surat, Gujarat 395003"
c8b17b5c-d74b-4bf8-b0c1-19e312f3d383,405-867-1003-10777,Jio,LTE,405,867,1003,10777,21.19103,72.82998,240.0,90.0,239.0,"Plot 138, Near Delhi Gate, Station Road, Delhi Gate, Surat, Gujarat 395003"
d8953a2b-d51e-4341-ab21-2153797d16ea,405-867-1038-10778,Jio,LTE,405,867,1038,10778,21.19136,72.83644,0.0,90.0,276.0,"Plot 121, Near Saharanpur Gate, Station Road, Delhi Gate, Surat, Gujarat 395003"
26816362-f62a-471f-b082-84b72a0a0a41,404-10-2030-10779,Airtel,LTE,404,10,2030,10779,21.19136,72.83644,120.0,90.0,276.0,"Plot 121, Near Saharanpur Gate, Station Road, Delhi Gate, Surat, Gujarat 395003"
85ff591d-b758-418e-b718-8dba71bfe5a6,404-10-2024-10780,Airtel,LTE,404,10,2024,10780,21.19136,72.83644,240.0,90.0,276.0,"Plot 121, Near Saharanpur Gate, Station Road, Delhi Gate, Surat, Gujarat 395003"
c98ff72f-7178-43ea-8f17-2f82d7951772,405-867-1037-10781,Jio,LTE,405,867,1037,10781,21.1893,72.84079,0.0,90.0,271.0,"Plot 43, Near Saharanpur Gate, Station Road, Delhi Gate, Surat, Gujarat 395003"
5d1ed31d-4af9-48c9-aa81-e8200eba2df7,404-10-2031-10782,Airtel,GSM,404,10,2031,10782,21.1893,72.84079,120.0,90.0,271.0,"Plot 43, Near Saharanpur Gate, Station Road, Delhi Gate, Surat, Gujarat 395003"
e51a6235-8d44-455a-9bd9-f22cc31b8c3f,404-20-3032-10783,Vi,LTE,404,20,3032,10783,21.1893,72.84079,240.0,90.0,271.0,"Plot 43, Near Saharanpur Gate, Station Road, Delhi Gate, Surat, Gujarat 395003"
493f6a16-f10e-4a6d-8460-7a372063dd80,404-20-3031-10784,Vi,LTE,404,20,3031,10784,21.20507,72.85101,0.0,90.0,465.0,"Plot 11, Near Delhi Gate, Station Road, Delhi Gate, Surat, Gujarat 395003"
c73c01d3-9ad8-41e4-a7ae-cd413ce677eb,404-20-3003-10785,Vi,GSM,404,20,3003,10785,21.20507,72.85101,120.0,90.0,465.0,"Plot 11, Near Delhi Gate, Station Road, Delhi Gate, Surat, Gujarat 395003"
42a8ba8f-b428-42b3-a36e-fdd1eda21e40,404-81-4034-10786,BSNL,GSM,404,81,4034,10786,21.20507,72.85101,240.0,90.0,465.0,"Plot 11, Near Delhi Gate, Station Road, Delhi Gate, Surat, Gujarat 395003"
57a47062-79e0-47b4-9b47-20a2e6d2429b,405-867-1038-10787,Jio,LTE,405,867,1038,10787,21.19762,72.83338,0.0,90.0,289.0,"Plot 149, Near Sumul Dairy Road, Station Road, Delhi Gate, Surat, Gujarat 395003"
99224587-3047-4a17-baed-17c106b87e89,404-10-2034-10788,Airtel,NR,404,10,2034,10788,21.19762,72.83338,120.0,90.0,289.0,"Plot 149, Near Sumul Dairy Road, Station Road, Delhi Gate, Surat, Gujarat 395003"
9d0312d5-d60d-42e1-907a-1bf01f43de51,405-867-1015-10789,Jio,NR,405,867,1015,10789,21.19762,72.83338,240.0,90.0,289.0,"Plot 149, Near Sumul Dairy Road, Station Road, Delhi Gate, Surat, Gujarat 395003"
50f7dbe9-c867-4436-8fbf-d63927d04dc2,404-10-2011-10790,Airtel,LTE,404,10,2011,10790,21.19326,72.83981,0.0,90.0,203.0,"Plot 125, Near Sumul Dairy Road, Station Road, Delhi Gate, Surat, Gujarat 395003"
2a76e7b7-b1ee-48d5-b42c-36ddcc117da0,405-867-1018-10791,Jio,LTE,405,867,1018,10791,21.19326,72.83981,120.0,90.0,203.0,"Plot 125, Near Sumul Dairy Road, Station Road, Delhi Gate, Surat, Gujarat 395003"
d9a9c73a-4e2d-4342-85e8-aef8e25cd90f,405-867-1024-10792,Jio,LTE,405,867,1024,10792,21.19326,72.83981,240.0,90.0,203.0,"Plot 125, Near Sumul Dairy Road, Station Road, Delhi Gate, Surat, Gujarat 395003"
e07613a8-e396-488f-8da6-16c01ee6cdf5,405-867-1014-10793,Jio,LTE,405,867,1014,10793,21.19093,72.83054,0.0,90.0,258.0,"Plot 107, Near Delhi Gate, Station Road, Delhi Gate, Surat, Gujarat 395003"
ab883b7c-1966-4c0b-954b-bc447e787406,404-10-2027-10794,Airtel,LTE,404,10,2027,10794,21.19093,72.83054,120.0,90.0,258.0,"Plot 107, Near Delhi Gate, Station Road, Delhi Gate, Surat, Gujarat 395003"
9c709e8a-fbd8-4ed7-92cf-fac4e2b6fae9,405-867-1037-10795,Jio,LTE,405,867,1037,10795,21.19093,72.83054,240.0,90.0,258.0,"Plot 107, Near Delhi Gate, Station Road, Delhi Gate, Surat, Gujarat 395003"
4fd5f9f2-2daa-4e4f-8b57-82b692bd7a08,405-867-1012-10796,Jio,LTE,405,867,1012,10796,21.19829,72.83699,0.0,90.0,275.0,"Plot 11, Near Saharanpur Gate, Station Road, Delhi Gate, Surat, Gujarat 395003"
48e90844-deb5-4e61-be29-561064230a52,404-10-2037-10797,Airtel,LTE,404,10,2037,10797,21.19829,72.83699,120.0,90.0,275.0,"Plot 11, Near Saharanpur Gate, Station Road, Delhi Gate, Surat, Gujarat 395003"
18baa8c9-b67a-4fc8-bea7-4c9f4c7ba04c,404-10-2043-10798,Airtel,NR,404,10,2043,10798,21.19829,72.83699,240.0,90.0,275.0,"Plot 11, Near Saharanpur Gate, Station Road, Delhi Gate, Surat, Gujarat 395003"
fc0506a4-b6b7-44f6-bd29-d73187981d9d,404-20-3027-10799,Vi,LTE,404,20,3027,10799,21.2116,72.82404,0.0,90.0,441.0,"Plot 115, Near Delhi Gate, Station Road, Delhi Gate, Surat, Gujarat 395003"
5fc42ef6-0ac2-4f6b-a23f-638e53a4f1c2,404-10-2012-10800,Airtel,NR,404,10,2012,10800,21.2116,72.82404,120.0,90.0,441.0,"Plot 115, Near Delhi Gate, Station Road, Delhi Gate, Surat, Gujarat 395003"
72759d3c-198b-407f-90cc-0e2780b82a5c,404-10-2011-10801,Airtel,LTE,404,10,2011,10801,21.2116,72.82404,240.0,90.0,441.0,"Plot 115, Near Delhi Gate, Station Road, Delhi Gate, Surat, Gujarat 395003"
1a191a31-c307-45cc-a4b6-080dc030b9b0,405-867-1034-10802,Jio,LTE,405,867,1034,10802,21.20228,72.82973,0.0,90.0,397.0,"Plot 18, Near Bombay Market, Station Road, Delhi Gate, Surat, Gujarat 395003"
4464b5da-3015-4538-92bd-93e0c575f03a,404-20-3027-10803,Vi,LTE,404,20,3027,10803,21.20228,72.82973,120.0,90.0,397.0,"Plot 18, Near Bombay Market, Station Road, Delhi Gate, Surat, Gujarat 395003"
f7cc14ef-f3a6-4f8e-9a4a-0408d2a574e9,404-20-3012-10804,Vi,LTE,404,20,3012,10804,21.20228,72.82973,240.0,90.0,397.0,"Plot 18, Near Bombay Market, Station Road, Delhi Gate, Surat, Gujarat 395003"
447c72e7-d60c-444a-9076-eb7b92f8575e,405-867-1039-10805,Jio,LTE,405,867,1039,10805,21.18999,72.8433,0.0,90.0,260.0,"Plot 137, Near Surat Railway Station, Station Road, Delhi Gate, Surat, Gujarat 395003"
a8b9e1fb-306f-48dc-a396-360ac337c85a,404-10-2044-10806,Airtel,LTE,404,10,2044,10806,21.18999,72.8433,120.0,90.0,260.0,"Plot 137, Near Surat Railway Station, Station Road, Delhi Gate, Surat, Gujarat 395003"
6158d50f-a601-40c9-83f6-e2eb3f3e15af,404-10-2024-10807,Airtel,LTE,404,10,2024,10807,21.18999,72.8433,240.0,90.0,260.0,"Plot 137, Near Surat Railway Station, Station Road, Delhi Gate, Surat, Gujarat 395003"
1d1784ff-6d39-42b0-917b-df325191e347,404-20-3038-10808,Vi,LTE,404,20,3038,10808,21.21465,72.82955,0.0,90.0,446.0,"Plot 59, Near Bombay Market, Station Road, Delhi Gate, Surat, Gujarat 395003"
d6b0f00c-a8af-4b23-8d1d-4dd025c9ef57,404-20-3045-10809,Vi,GSM,404,20,3045,10809,21.21465,72.82955,120.0,90.0,446.0,"Plot 59, Near Bombay Market, Station Road, Delhi Gate, Surat, Gujarat 395003"
2cda57cd-8b40-41de-8767-5fbf1a4c737d,404-10-2017-10810,Airtel,LTE,404,10,2017,10810,21.21465,72.82955,240.0,90.0,446.0,"Plot 59, Near Bombay Market, Station Road, Delhi Gate, Surat, Gujarat 395003"
e4d258c9-1e3a-413e-86b3-816037ade003,405-867-1001-10811,Jio,LTE,405,867,1001,10811,21.19526,72.84236,0.0,90.0,478.0,"Plot 73, Near Surat Railway Station, Station Road, Delhi Gate, Surat, Gujarat 395003"
00bb0776-890d-4507-ab64-6e721dae8916,404-10-2001-10812,Airtel,LTE,404,10,2001,10812,21.19526,72.84236,120.0,90.0,478.0,"Plot 73, Near Surat Railway Station, Station Road, Delhi Gate, Surat, Gujarat 395003"
3eeb7495-a0d1-4e39-8d6a-087fd5235265,405-867-1021-10813,Jio,LTE,405,867,1021,10813,21.19526,72.84236,240.0,90.0,478.0,"Plot 73, Near Surat Railway Station, Station Road, Delhi Gate, Surat, Gujarat 395003"
bd355dc1-fc09-4618-b1d5-4185426e28f7,405-867-1018-10814,Jio,LTE,405,867,1018,10814,21.19885,72.84456,0.0,90.0,474.0,"Plot 150, Near Bombay Market, Station Road, Delhi Gate, Surat, Gujarat 395003"
9a0ff4c1-c69c-4b5e-ab6f-37cf1ec53308,404-81-4014-10815,BSNL,GSM,404,81,4014,10815,21.19885,72.84456,120.0,90.0,474.0,"Plot 150, Near Bombay Market, Station Road, Delhi Gate, Surat, Gujarat 395003"
c98083ca-4ba3-469f-83ee-018272a8c6eb,405-867-1031-10816,Jio,NR,405,867,1031,10816,21.19885,72.84456,240.0,90.0,474.0,"Plot 150, Near Bombay Market, Station Road, Delhi Gate, Surat, Gujarat 395003"
c6fa78f6-c275-4021-add1-1c7c9ca88c00,405-867-1009-10817,Jio,LTE,405,867,1009,10817,21.20986,72.85408,0.0,90.0,495.0,"Plot 65, Near Bombay Market, Station Road, Delhi Gate, Surat, Gujarat 395003"
daf33831-0f75-4797-ace4-a3a9cae85132,404-20-3015-10818,Vi,LTE,404,20,3015,10818,21.20986,72.85408,120.0,90.0,495.0,"Plot 65, Near Bombay Market, Station Road, Delhi Gate, Surat, Gujarat 395003"
ecc166f4-25c2-4867-a24b-f1fe32914872,405-867-1011-10819,Jio,LTE,405,867,1011,10819,21.20986,72.85408,240.0,90.0,495.0,"Plot 65, Near Bombay Market, Station Road, Delhi Gate, Surat, Gujarat 395003"
60235487-c0b0-4792-8901-d8fb06a6c5b1,405-867-1001-10820,Jio,NR,405,867,1001,10820,21.21443,72.84916,0.0,90.0,226.0,"Plot 141, Near Sumul Dairy Road, Station Road, Delhi Gate, Surat, Gujarat 395003"
c2089ea1-afa9-4a83-94cd-e7dce563e32c,404-20-3031-10821,Vi,GSM,404,20,3031,10821,21.21443,72.84916,120.0,90.0,226.0,"Plot 141, Near Sumul Dairy Road, Station Road, Delhi Gate, Surat, Gujarat 395003"
81760008-a2d9-4fb7-ae81-258ca7f03adf,404-20-3005-10822,Vi,LTE,404,20,3005,10822,21.21443,72.84916,240.0,90.0,226.0,"Plot 141, Near Sumul Dairy Road, Station Road, Delhi Gate, Surat, Gujarat 395003"
5697c061-1e81-443b-8099-213d30086fc3,404-10-2039-10823,Airtel,LTE,404,10,2039,10823,21.20309,72.85283,0.0,90.0,405.0,"Plot 10, Near Saharanpur Gate, Station Road, Delhi Gate, Surat, Gujarat 395003"
fd3385a7-fdbf-4f10-9604-d5bcdf901226,405-867-1012-10824,Jio,NR,405,867,1012,10824,21.20309,72.85283,120.0,90.0,405.0,"Plot 10, Near Saharanpur Gate, Station Road, Delhi Gate, Surat, Gujarat 395003"
53f64ac3-5a19-4ed8-8a70-97a7c8229948,404-10-2013-10825,Airtel,LTE,404,10,2013,10825,21.20309,72.85283,240.0,90.0,405.0,"Plot 10, Near Saharanpur Gate, Station Road, Delhi Gate, Surat, Gujarat 395003"
5a2a4de9-6228-4b0e-bdec-82fa2ab8d110,404-10-2011-10826,Airtel,LTE,404,10,2011,10826,21.21427,72.82595,0.0,90.0,461.0,"Plot 74, Near Saharanpur Gate, Station Road, Delhi Gate, Surat, Gujarat 395003"
2def142a-ae43-43b6-982a-8f4060efaaed,404-10-2042-10827,Airtel,LTE,404,10,2042,10827,21.21427,72.82595,120.0,90.0,461.0,"Plot 74, Near Saharanpur Gate, Station Road, Delhi Gate, Surat, Gujarat 395003"
2b1fbd93-759a-43f5-8c6e-9511663ca98c,405-867-1018-10828,Jio,LTE,405,867,1018,10828,21.21427,72.82595,240.0,90.0,461.0,"Plot 74, Near Saharanpur Gate, Station Road, Delhi Gate, Surat, Gujarat 395003"
95fff3d5-f9f2-4e65-9771-df388e0faf64,405-867-1006-10829,Jio,LTE,405,867,1006,10829,21.206,72.82961,0.0,90.0,465.0,"Plot 104, Near Bombay Market, Station Road, Delhi Gate, Surat, Gujarat 395003"
321d1457-2ae9-4a57-a203-70268fde2b7e,404-10-2036-10830,Airtel,NR,404,10,2036,10830,21.206,72.82961,120.0,90.0,465.0,"Plot 104, Near Bombay Market, Station Road, Delhi Gate, Surat, Gujarat 395003"
af04b595-1cb0-457e-bf8c-e59aa599975b,404-20-3018-10831,Vi,LTE,404,20,3018,10831,21.206,72.82961,240.0,90.0,465.0,"Plot 104, Near Bombay Market, Station Road, Delhi Gate, Surat, Gujarat 395003"
61b0a9e9-7b76-45a3-ab4b-36bf2dbcc5bd,405-867-1036-10832,Jio,LTE,405,867,1036,10832,21.20662,72.85976,0.0,90.0,333.0,"Plot 104, Near Bombay Market, Station Road, Delhi Gate, Surat, Gujarat 395003"
bd777f5f-0b85-43f2-8d41-a054dfbace8e,405-867-1008-10833,Jio,LTE,405,867,1008,10833,21.20662,72.85976,120.0,90.0,333.0,"Plot 104, Near Bombay Market, Station Road, Delhi Gate, Surat, Gujarat 395003"
941f50f8-7d07-4a7b-8ab1-327760091750,404-20-3035-10834,Vi,GSM,404,20,3035,10834,21.20662,72.85976,240.0,90.0,333.0,"Plot 104, Near Bombay Market, Station Road, Delhi Gate, Surat, Gujarat 395003"
6b36edc2-1ed2-457d-8340-684354348ea2,404-20-3030-10835,Vi,GSM,404,20,3030,10835,21.2093,72.82743,0.0,90.0,324.0,"Plot 97, Near Bombay Market, Station Road, Delhi Gate, Surat, Gujarat 395003"
3d09f7a8-b2da-4756-8aa4-663a0860f189,404-10-2002-10836,Airtel,NR,404,10,2002,10836,21.2093,72.82743,120.0,90.0,324.0,"Plot 97, Near Bombay Market, Station Road, Delhi Gate, Surat, Gujarat 395003"
116e2943-e5ca-48e9-bc5d-cb7d7d0d606a,405-867-1025-10837,Jio,LTE,405,867,1025,10837,21.2093,72.82743,240.0,90.0,324.0,"Plot 97, Near Bombay Market, Station Road, Delhi Gate, Surat, Gujarat 395003"
6923fa68-c4f2-4e6c-bda8-a6cee66a1113,404-10-2017-10838,Airtel,LTE,404,10,2017,10838,21.19201,72.82665,0.0,90.0,380.0,"Plot 81, Near Delhi Gate, Station Road, Delhi Gate, Surat, Gujarat 395003"
03cef356-38ad-4120-8451-0cd138b0125a,405-867-1044-10839,Jio,LTE,405,867,1044,10839,21.19201,72.82665,120.0,90.0,380.0,"Plot 81, Near Delhi Gate, Station Road, Delhi Gate, Surat, Gujarat 395003"
4cc2dc60-d7b6-47cb-ac06-7791750e28be,404-20-3036-10840,Vi,LTE,404,20,3036,10840,21.19201,72.82665,240.0,90.0,380.0,"Plot 81, Near Delhi Gate, Station Road, Delhi Gate, Surat, Gujarat 395003"
26f4dc78-8e26-4a4f-8a04-afd4165d1434,405-867-1013-10841,Jio,LTE,405,867,1013,10841,21.21536,72.8354,0.0,90.0,337.0,"Plot 56, Near Sumul Dairy Road, Station Road, Delhi Gate, Surat, Gujarat 395003"
5bed2aab-c310-4c8d-89bf-7e68a18cc3fc,405-867-1016-10842,Jio,LTE,405,867,1016,10842,21.21536,72.8354,120.0,90.0,337.0,"Plot 56, Near Sumul Dairy Road, Station Road, Delhi Gate, Surat, Gujarat 395003"
6e069bb4-cd09-429d-85fd-af21d25985ac,404-20-3013-10843,Vi,LTE,404,20,3013,10843,21.21536,72.8354,240.0,90.0,337.0,"Plot 56, Near Sumul Dairy Road, Station Road, Delhi Gate, Surat, Gujarat 395003"
105fff5d-9fa9-47fc-99ea-5ac402c92d52,404-20-3043-10844,Vi,LTE,404,20,3043,10844,21.21239,72.82577,0.0,90.0,261.0,"Plot 40, Near Sumul Dairy Road, Station Road, Delhi Gate, Surat, Gujarat 395003"
dd3eafb0-261b-425d-b71f-89f2a7f030da,405-867-1035-10845,Jio,LTE,405,867,1035,10845,21.21239,72.82577,120.0,90.0,261.0,"Plot 40, Near Sumul Dairy Road, Station Road, Delhi Gate, Surat, Gujarat 395003"
fa971693-f7a6-4159-a468-b963dbc7330c,404-81-4024-10846,BSNL,LTE,404,81,4024,10846,21.21239,72.82577,240.0,90.0,261.0,"Plot 40, Near Sumul Dairy Road, Station Road, Delhi Gate, Surat, Gujarat 395003"
20d19af1-2800-423c-9fdf-1ca2f083cdd9,405-867-1037-10847,Jio,LTE,405,867,1037,10847,21.19477,72.83163,0.0,90.0,461.0,"Plot 71, Near Saharanpur Gate, Station Road, Delhi Gate, Surat, Gujarat 395003"
22b624f5-9af5-45e7-9880-b44c0f026a3a,405-867-1028-10848,Jio,LTE,405,867,1028,10848,21.19477,72.83163,120.0,90.0,461.0,"Plot 71, Near Saharanpur Gate, Station Road, Delhi Gate, Surat, Gujarat 395003"
71c959cd-7614-46c3-8d14-e54a665c6bf2,405-867-1033-10849,Jio,LTE,405,867,1033,10849,21.19477,72.83163,240.0,90.0,461.0,"Plot 71, Near Saharanpur Gate, Station Road, Delhi Gate, Surat, Gujarat 395003"
f3b333e2-1095-4f08-ad2b-ed1697e78520,405-867-1001-10850,Jio,LTE,405,867,1001,10850,21.1944,72.85569,0.0,90.0,465.0,"Plot 118, Near Delhi Gate, Station Road, Delhi Gate, Surat, Gujarat 395003"
fe226580-90c1-41b7-b7de-35d3ea8d7bc0,404-10-2007-10851,Airtel,LTE,404,10,2007,10851,21.1944,72.85569,120.0,90.0,465.0,"Plot 118, Near Delhi Gate, Station Road, Delhi Gate, Surat, Gujarat 395003"
375d2077-d732-460b-a98f-f373fd6e2a0d,405-867-1017-10852,Jio,LTE,405,867,1017,10852,21.1944,72.85569,240.0,90.0,465.0,"Plot 118, Near Delhi Gate, Station Road, Delhi Gate, Surat, Gujarat 395003"
3e084d33-4398-4cbe-a571-6c96a73226a9,405-867-1014-10853,Jio,LTE,405,867,1014,10853,21.2076,72.85027,0.0,90.0,375.0,"Plot 121, Near Sumul Dairy Road, Station Road, Delhi Gate, Surat, Gujarat 395003"
f26a454c-f5a5-4278-9659-ce0ed9ea60f5,405-867-1024-10854,Jio,NR,405,867,1024,10854,21.2076,72.85027,120.0,90.0,375.0,"Plot 121, Near Sumul Dairy Road, Station Road, Delhi Gate, Surat, Gujarat 395003"
88ae45e3-de03-4ef4-8bb7-9d2a18941198,404-20-3012-10855,Vi,LTE,404,20,3012,10855,21.2076,72.85027,240.0,90.0,375.0,"Plot 121, Near Sumul Dairy Road, Station Road, Delhi Gate, Surat, Gujarat 395003"
e84bae28-932c-437f-a49d-918aabef424f,404-10-2013-10856,Airtel,NR,404,10,2013,10856,21.18793,72.8327,0.0,90.0,320.0,"Plot 26, Near Delhi Gate, Station Road, Delhi Gate, Surat, Gujarat 395003"
0420c421-4d89-48b6-bd5e-dd3fc57434c9,405-867-1010-10857,Jio,NR,405,867,1010,10857,21.18793,72.8327,120.0,90.0,320.0,"Plot 26, Near Delhi Gate, Station Road, Delhi Gate, Surat, Gujarat 395003"
8a2da03c-af14-47d6-96e0-4aecb9c3c517,405-867-1027-10858,Jio,LTE,405,867,1027,10858,21.18793,72.8327,240.0,90.0,320.0,"Plot 26, Near Delhi Gate, Station Road, Delhi Gate, Surat, Gujarat 395003"
d2b26a3f-3de7-4283-a8bb-3a83c16266ba,405-867-1037-10859,Jio,LTE,405,867,1037,10859,21.18602,72.84105,0.0,90.0,449.0,"Plot 137, Near Saharanpur Gate, Station Road, Delhi Gate, Surat, Gujarat 395003"
56558c1d-8bfc-42a3-87df-4f768b844db3,405-867-1011-10860,Jio,LTE,405,867,1011,10860,21.18602,72.84105,120.0,90.0,449.0,"Plot 137, Near Saharanpur Gate, Station Road, Delhi Gate, Surat, Gujarat 395003"
d8d90aa4-fd30-4131-99fe-f435c8dc4e29,405-867-1031-10861,Jio,NR,405,867,1031,10861,21.18602,72.84105,240.0,90.0,449.0,"Plot 137, Near Saharanpur Gate, Station Road, Delhi Gate, Surat, Gujarat 395003"
2f044193-b9e6-4f1a-915e-69c283eafd35,404-10-2023-10862,Airtel,NR,404,10,2023,10862,21.2071,72.83568,0.0,90.0,486.0,"Plot 67, Near Sumul Dairy Road, Station Road, Delhi Gate, Surat, Gujarat 395003"
85bf2fdd-7bf2-4c77-9085-39011e03c074,405-867-1044-10863,Jio,LTE,405,867,1044,10863,21.2071,72.83568,120.0,90.0,486.0,"Plot 67, Near Sumul Dairy Road, Station Road, Delhi Gate, Surat, Gujarat 395003"
de82e42f-7314-42f2-acc1-caf71529b0ff,404-81-4037-10864,BSNL,GSM,404,81,4037,10864,21.2071,72.83568,240.0,90.0,486.0,"Plot 67, Near Sumul Dairy Road, Station Road, Delhi Gate, Surat, Gujarat 395003"
23efe942-13e5-4d94-a51a-b0885c2b82e0,405-867-1006-10865,Jio,LTE,405,867,1006,10865,21.19619,72.82948,0.0,90.0,461.0,"Plot 91, Near Sumul Dairy Road, Station Road, Delhi Gate, Surat, Gujarat 395003"
8c98314c-f05a-4379-be07-6380734be25c,405-867-1041-10866,Jio,LTE,405,867,1041,10866,21.19619,72.82948,120.0,90.0,461.0,"Plot 91, Near Sumul Dairy Road, Station Road, Delhi Gate, Surat, Gujarat 395003"
0879fa1f-0077-40a1-a085-b4cedb57dd18,404-81-4041-10867,BSNL,LTE,404,81,4041,10867,21.19619,72.82948,240.0,90.0,461.0,"Plot 91, Near Sumul Dairy Road, Station Road, Delhi Gate, Surat, Gujarat 395003"
2affc28f-d305-4c4e-a87e-42a4306f08f7,405-867-1021-10868,Jio,LTE,405,867,1021,10868,21.20775,72.8304,0.0,90.0,236.0,"Plot 147, Near Saharanpur Gate, Station Road, Delhi Gate, Surat, Gujarat 395003"
b7018318-6421-46c2-9357-6210869ab49a,405-867-1018-10869,Jio,LTE,405,867,1018,10869,21.20775,72.8304,120.0,90.0,236.0,"Plot 147, Near Saharanpur Gate, Station Road, Delhi Gate, Surat, Gujarat 395003"
35f0987b-21a2-429b-abdc-008adf90fc22,404-10-2029-10870,Airtel,LTE,404,10,2029,10870,21.20775,72.8304,240.0,90.0,236.0,"Plot 147, Near Saharanpur Gate, Station Road, Delhi Gate, Surat, Gujarat 395003"
04cf0f8c-4b23-48db-8607-4eb8c9c065ec,405-867-1009-10871,Jio,NR,405,867,1009,10871,21.20738,72.82262,0.0,90.0,411.0,"Plot 134, Near Saharanpur Gate, Station Road, Delhi Gate, Surat, Gujarat 395003"
1009a6fe-7bfb-4e75-b59c-ddb73b36eafd,404-10-2045-10872,Airtel,LTE,404,10,2045,10872,21.20738,72.82262,120.0,90.0,411.0,"Plot 134, Near Saharanpur Gate, Station Road, Delhi Gate, Surat, Gujarat 395003"
5bd7ef1f-ac90-4347-a461-c2fcddd827cb,404-20-3026-10873,Vi,LTE,404,20,3026,10873,21.20738,72.82262,240.0,90.0,411.0,"Plot 134, Near Saharanpur Gate, Station Road, Delhi Gate, Surat, Gujarat 395003"
ab283ede-ba66-4dbe-a3c9-ab02578b4b7d,404-81-4040-10874,BSNL,GSM,404,81,4040,10874,21.20789,72.84415,269.8,360.0,297.0,"Plot 141, Near Bombay Market, Station Road, Delhi Gate, Surat, Gujarat 395003"
5dce6265-aa4b-4d0f-a4be-25058d01329f,405-867-1034-10875,Jio,LTE,405,867,1034,10875,21.2122,72.85398,0.0,90.0,345.0,"Plot 80, Near Bombay Market, Station Road, Delhi Gate, Surat, Gujarat 395003"
c1de50ec-123f-4d6f-b548-26fc3d066089,404-20-3043-10876,Vi,LTE,404,20,3043,10876,21.2122,72.85398,120.0,90.0,345.0,"Plot 80, Near Bombay Market, Station Road, Delhi Gate, Surat, Gujarat 395003"
471f7665-360d-47d0-8d5d-b63c49150fd1,405-867-1031-10877,Jio,NR,405,867,1031,10877,21.2122,72.85398,240.0,90.0,345.0,"Plot 80, Near Bombay Market, Station Road, Delhi Gate, Surat, Gujarat 395003"
7e44d475-a21f-4884-8623-207059412ae0,405-867-1041-10878,Jio,LTE,405,867,1041,10878,21.18753,72.84469,0.0,90.0,476.0,"Plot 141, Near Sumul Dairy Road, Station Road, Delhi Gate, Surat, Gujarat 395003"
3b8640c3-4e0c-425c-a857-cbf4b0c9316b,404-20-3028-10879,Vi,GSM,404,20,3028,10879,21.18753,72.84469,120.0,90.0,476.0,"Plot 141, Near Sumul Dairy Road, Station Road, Delhi Gate, Surat, Gujarat 395003"
31670fa8-6fa8-4ad1-aea7-e91b25ebaeb6,404-10-2020-10880,Airtel,LTE,404,10,2020,10880,21.18753,72.84469,240.0,90.0,476.0,"Plot 141, Near Sumul Dairy Road, Station Road, Delhi Gate, Surat, Gujarat 395003"
c0ee05b3-eb25-48ee-8606-0fab9f39e46c,405-867-1001-10881,Jio,LTE,405,867,1001,10881,21.21457,72.8337,0.0,90.0,387.0,"Plot 23, Near Delhi Gate, Station Road, Delhi Gate, Surat, Gujarat 395003"
9527078f-6396-44e0-a846-b88532e6af50,405-867-1009-10882,Jio,NR,405,867,1009,10882,21.21457,72.8337,120.0,90.0,387.0,"Plot 23, Near Delhi Gate, Station Road, Delhi Gate, Surat, Gujarat 395003"
1b3d8cdc-fa92-4335-bab5-a33cacf0ff5f,405-867-1001-10883,Jio,LTE,405,867,1001,10883,21.21457,72.8337,240.0,90.0,387.0,"Plot 23, Near Delhi Gate, Station Road, Delhi Gate, Surat, Gujarat 395003"
e7bbc4c3-8ad1-4b3d-b127-897f39a5cb7b,405-867-1024-10884,Jio,LTE,405,867,1024,10884,21.19916,72.8284,150.7,90.0,276.0,"Plot 77, Near Bombay Market, Station Road, Delhi Gate, Surat, Gujarat 395003"
255a14e2-d3e6-4873-a16c-27203e9dc308,404-20-3006-10885,Vi,LTE,404,20,3006,10885,21.21038,72.85783,0.0,90.0,399.0,"Plot 102, Near Bombay Market, Station Road, Delhi Gate, Surat, Gujarat 395003"
96f79c99-cebc-401b-80bd-9e86d283ccbe,405-867-1040-10886,Jio,LTE,405,867,1040,10886,21.21038,72.85783,120.0,90.0,399.0,"Plot 102, Near Bombay Market, Station Road, Delhi Gate, Surat, Gujarat 395003"
9182588a-5bdf-45d4-83e3-a2b3dc202049,404-20-3019-10887,Vi,LTE,404,20,3019,10887,21.21038,72.85783,240.0,90.0,399.0,"Plot 102, Near Bombay Market, Station Road, Delhi Gate, Surat, Gujarat 395003"
4b76fbee-26b2-433e-b849-73e14457bbb5,405-867-1041-10888,Jio,LTE,405,867,1041,10888,21.19614,72.82963,0.0,90.0,235.0,"Plot 106, Near Sumul Dairy Road, Station Road, Delhi Gate, Surat, Gujarat 395003"
4b00920c-c11f-49b8-8162-2382be0c64e5,405-867-1045-10889,Jio,LTE,405,867,1045,10889,21.19614,72.82963,120.0,90.0,235.0,"Plot 106, Near Sumul Dairy Road, Station Road, Delhi Gate, Surat, Gujarat 395003"
0e6027bf-5995-44be-a122-6c1ec72b5876,404-10-2002-10890,Airtel,LTE,404,10,2002,10890,21.19614,72.82963,240.0,90.0,235.0,"Plot 106, Near Sumul Dairy Road, Station Road, Delhi Gate, Surat, Gujarat 395003"
cc43490f-4f24-4019-895f-1001169b330e,405-867-1001-10891,Jio,LTE,405,867,1001,10891,21.21424,72.85655,0.0,90.0,344.0,"Plot 48, Near Surat Railway Station, Station Road, Delhi Gate, Surat, Gujarat 395003"
b98bedba-0ae2-4d4b-b82e-7a9625b7570f,405-867-1032-10892,Jio,LTE,405,867,1032,10892,21.21424,72.85655,120.0,90.0,344.0,"Plot 48, Near Surat Railway Station, Station Road, Delhi Gate, Surat, Gujarat 395003"
3deab422-db71-4037-b7b3-32635efbe947,405-867-1032-10893,Jio,LTE,405,867,1032,10893,21.21424,72.85655,240.0,90.0,344.0,"Plot 48, Near Surat Railway Station, Station Road, Delhi Gate, Surat, Gujarat 395003"
210002c0-35a6-48dd-9cde-44781abdd1e7,405-867-1035-10894,Jio,LTE,405,867,1035,10894,21.21634,72.84083,262.7,60.0,207.0,"Plot 85, Near Surat Railway Station, Station Road, Delhi Gate, Surat, Gujarat 395003"
672a013c-f640-42c3-9f6b-efb088111597,404-81-4025-10895,BSNL,LTE,404,81,4025,10895,21.19608,72.84261,0.0,90.0,262.0,"Plot 98, Near Sumul Dairy Road, Station Road, Delhi Gate, Surat, Gujarat 395003"
95b503d0-abe5-4321-a9cc-496e76ae6eda,404-20-3003-10896,Vi,LTE,404,20,3003,10896,21.19608,72.84261,120.0,90.0,262.0,"Plot 98, Near Sumul Dairy Road, Station Road, Delhi Gate, Surat, Gujarat 395003"
0c4b4b63-cddc-4878-8f06-bff8e26d147a,405-867-1007-10897,Jio,LTE,405,867,1007,10897,21.19608,72.84261,240.0,90.0,262.0,"Plot 98, Near Sumul Dairy Road, Station Road, Delhi Gate, Surat, Gujarat 395003"
eb8eb351-c785-4c3c-b1f3-3eecdf2c18af,404-20-3003-10898,Vi,LTE,404,20,3003,10898,21.1863,72.83846,0.0,90.0,359.0,"Plot 100, Near Bombay Market, Station Road, Delhi Gate, Surat, Gujarat 395003"
95178705-f7bf-4cd8-a5f0-06a57a97bd8e,404-20-3008-10899,Vi,LTE,404,20,3008,10899,21.1863,72.83846,120.0,90.0,359.0,"Plot 100, Near Bombay Market, Station Road, Delhi Gate, Surat, Gujarat 395003"
693bf996-9350-46ef-b51b-6a8342376d12,405-867-1013-10900,Jio,LTE,405,867,1013,10900,21.1863,72.83846,240.0,90.0,359.0,"Plot 100, Near Bombay Market, Station Road, Delhi Gate, Surat, Gujarat 395003"
8fe5be51-03ca-49c1-8293-0404114a9dbe,405-867-1018-10901,Jio,LTE,405,867,1018,10901,21.20114,72.84469,0.0,90.0,422.0,"Plot 29, Near Delhi Gate, Station Road, Delhi Gate, Surat, Gujarat 395003"
c02f1c66-d5d6-4cbb-bdc2-089b3d792f3e,404-10-2016-10902,Airtel,LTE,404,10,2016,10902,21.20114,72.84469,120.0,90.0,422.0,"Plot 29, Near Delhi Gate, Station Road, Delhi Gate, Surat, Gujarat 395003"
0a4b5037-b959-45c2-8129-ca8ecec1bea2,405-867-1045-10903,Jio,LTE,405,867,1045,10903,21.20114,72.84469,240.0,90.0,422.0,"Plot 29, Near Delhi Gate, Station Road, Delhi Gate, Surat, Gujarat 395003"
5612db7c-471e-459a-957d-9150cac5dd86,405-867-1041-10904,Jio,LTE,405,867,1041,10904,21.19731,72.86848,0.0,90.0,555.0,"Plot 23, Near Sarthana Nature Park, Varachha Main Road, Sarthana, Surat, Gujarat 395006"
709f1325-d486-4010-9a68-dfdfaac9f252,405-867-1010-10905,Jio,LTE,405,867,1010,10905,21.19731,72.86848,120.0,90.0,555.0,"Plot 23, Near Sarthana Nature Park, Varachha Main Road, Sarthana, Surat, Gujarat 395006"
2dff73f8-40c4-4301-b91f-4e6a49ebb02b,404-10-2009-10906,Airtel,NR,404,10,2009,10906,21.19731,72.86848,240.0,90.0,555.0,"Plot 23, Near Sarthana Nature Park, Varachha Main Road, Sarthana, Surat, Gujarat 395006"
933584ee-daea-474d-b5dd-312c4c9906fd,404-10-2025-10907,Airtel,LTE,404,10,2025,10907,21.20267,72.86626,0.0,90.0,524.0,"Plot 89, Near Kapodra, Varachha Main Road, Sarthana, Surat, Gujarat 395006"
e37f3fe8-6e40-416e-93e4-0fca18136632,405-867-1003-10908,Jio,LTE,405,867,1003,10908,21.20267,72.86626,120.0,90.0,524.0,"Plot 89, Near Kapodra, Varachha Main Road, Sarthana, Surat, Gujarat 395006"
0e17ee85-9560-4dcf-ad4c-730c7063b7db,405-867-1019-10909,Jio,LTE,405,867,1019,10909,21.20267,72.86626,240.0,90.0,524.0,"Plot 89, Near Kapodra, Varachha Main Road, Sarthana, Surat, Gujarat 395006"
2a50115c-969e-4657-baa4-6a9f10ec0aa0,404-10-2039-10910,Airtel,LTE,404,10,2039,10910,21.19966,72.85959,0.0,90.0,465.0,"Plot 48, Near Kapodra, Varachha Main Road, Sarthana, Surat, Gujarat 395006"
5ec74321-bc48-48fc-a53a-9dae6b507544,404-20-3005-10911,Vi,LTE,404,20,3005,10911,21.19966,72.85959,120.0,90.0,465.0,"Plot 48, Near Kapodra, Varachha Main Road, Sarthana, Surat, Gujarat 395006"
a28f7561-0b91-4f6f-a412-fffdc68a50e3,404-10-2017-10912,Airtel,LTE,404,10,2017,10912,21.19966,72.85959,240.0,90.0,465.0,"Plot 48, Near Kapodra, Varachha Main Road, Sarthana, Surat, Gujarat 395006"
e703cc19-263d-45f9-af9f-e5ed7c4b0a94,404-10-2040-10913,Airtel,LTE,404,10,2040,10913,21.2003,72.85992,0.0,90.0,309.0,"Plot 98, Near Kapodra, Varachha Main Road, Sarthana, Surat, Gujarat 395006"
7ed9500e-e4ee-4014-9ecc-d86473e13564,405-867-1043-10914,Jio,LTE,405,867,1043,10914,21.2003,72.85992,120.0,90.0,309.0,"Plot 98, Near Kapodra, Varachha Main Road, Sarthana, Surat, Gujarat 395006"
af700fa9-be48-48a9-957f-9d49a9862699,404-81-4013-10915,BSNL,LTE,404,81,4013,10915,21.2003,72.85992,240.0,90.0,309.0,"Plot 98, Near Kapodra, Varachha Main Road, Sarthana, Surat, Gujarat 395006"
d5d8188c-b284-4e6f-8776-a5a9170bfb63,405-867-1007-10916,Jio,LTE,405,867,1007,10916,21.19906,72.8619,0.0,90.0,465.0,"Plot 40, Near Kapodra, Varachha Main Road, Sarthana, Surat, Gujarat 395006"
7a3ea02a-f7d9-46b6-af95-4939f0aa696b,404-10-2009-10917,Airtel,LTE,404,10,2009,10917,21.19906,72.8619,120.0,90.0,465.0,"Plot 40, Near Kapodra, Varachha Main Road, Sarthana, Surat, Gujarat 395006"
ebec0da4-8500-434b-bce9-94d71e5b430b,405-867-1007-10918,Jio,LTE,405,867,1007,10918,21.19906,72.8619,240.0,90.0,465.0,"Plot 40, Near Kapodra, Varachha Main Road, Sarthana, Surat, Gujarat 395006"
7654ff11-28dc-42d0-ac98-993c6e689213,404-10-2004-10919,Airtel,LTE,404,10,2004,10919,21.20917,72.86587,0.0,90.0,569.0,"Plot 100, Near Kapodra, Varachha Main Road, Sarthana, Surat, Gujarat 395006"
eeaaa3cf-193e-4198-947c-604cc341adbf,405-867-1005-10920,Jio,LTE,405,867,1005,10920,21.20917,72.86587,120.0,90.0,569.0,"Plot 100, Near Kapodra, Varachha Main Road, Sarthana, Surat, Gujarat 395006"
2e5c71cd-b06a-401c-8cf6-2666eb9f577f,405-867-1042-10921,Jio,NR,405,867,1042,10921,21.20917,72.86587,240.0,90.0,569.0,"Plot 100, Near Kapodra, Varachha Main Road, Sarthana, Surat, Gujarat 395006"
63896fbf-1d00-48ef-83db-bd567c3161f4,405-867-1027-10922,Jio,LTE,405,867,1027,10922,21.19253,72.86648,0.0,90.0,331.0,"Plot 120, Near Varachha Main Road, Varachha Main Road, Sarthana, Surat, Gujarat 395006"
0dd1c2d3-9013-49eb-bed5-b6c08b02b3d9,404-20-3004-10923,Vi,GSM,404,20,3004,10923,21.19253,72.86648,120.0,90.0,331.0,"Plot 120, Near Varachha Main Road, Varachha Main Road, Sarthana, Surat, Gujarat 395006"
269209eb-50df-4270-9501-db2f741b1dfb,404-20-3003-10924,Vi,LTE,404,20,3003,10924,21.19253,72.86648,240.0,90.0,331.0,"Plot 120, Near Varachha Main Road, Varachha Main Road, Sarthana, Surat, Gujarat 395006"
7da98cc6-6942-4442-8f7f-9ce9487edb74,405-867-1025-10925,Jio,LTE,405,867,1025,10925,21.21557,72.83862,0.0,90.0,349.0,"Plot 56, Near Varachha Main Road, Varachha Main Road, Sarthana, Surat, Gujarat 395006"
04068717-ba18-4cb5-9d8b-3bfe0788985e,405-867-1016-10926,Jio,LTE,405,867,1016,10926,21.21557,72.83862,120.0,90.0,349.0,"Plot 56, Near Varachha Main Road, Varachha Main Road, Sarthana, Surat, Gujarat 395006"
ddee4c92-afee-42bc-8f44-64b80ece6ea6,404-10-2036-10927,Airtel,GSM,404,10,2036,10927,21.21557,72.83862,240.0,90.0,349.0,"Plot 56, Near Varachha Main Road, Varachha Main Road, Sarthana, Surat, Gujarat 395006"
4801fcfc-a6b6-48a7-8864-5ecb2d066e6e,404-10-2007-10928,Airtel,LTE,404,10,2007,10928,21.21791,72.84619,0.0,90.0,534.0,"Plot 148, Near Varachha Main Road, Varachha Main Road, Sarthana, Surat, Gujarat 395006"
b8d80884-ef1d-4eac-aba1-d0043be34eae,405-867-1026-10929,Jio,LTE,405,867,1026,10929,21.21791,72.84619,120.0,90.0,534.0,"Plot 148, Near Varachha Main Road, Varachha Main Road, Sarthana, Surat, Gujarat 395006"
dea3ad2e-2de3-4a13-bdde-3a3136e635f6,404-10-2035-10930,Airtel,LTE,404,10,2035,10930,21.21791,72.84619,240.0,90.0,534.0,"Plot 148, Near Varachha Main Road, Varachha Main Road, Sarthana, Surat, Gujarat 395006"
57e0b6aa-3833-4376-a7ba-2138860504fb,404-20-3041-10931,Vi,LTE,404,20,3041,10931,21.2361,72.86481,0.0,90.0,466.0,"Plot 81, Near Sarthana Nature Park, Varachha Main Road, Sarthana, Surat, Gujarat 395006"
f25e034a-95ca-46b0-ab0d-9cc76b5d5119,405-867-1039-10932,Jio,LTE,405,867,1039,10932,21.2361,72.86481,120.0,90.0,466.0,"Plot 81, Near Sarthana Nature Park, Varachha Main Road, Sarthana, Surat, Gujarat 395006"
619af7d9-04bd-4e35-a12f-bf1f440ffe7c,405-867-1025-10933,Jio,LTE,405,867,1025,10933,21.2361,72.86481,240.0,90.0,466.0,"Plot 81, Near Sarthana Nature Park, Varachha Main Road, Sarthana, Surat, Gujarat 395006"
ed0bcd92-c221-41bf-8d04-7fc249488176,404-81-4003-10934,BSNL,GSM,404,81,4003,10934,21.22056,72.83722,0.0,90.0,529.0,"Plot 93, Near Sarthana Nature Park, Varachha Main Road, Sarthana, Surat, Gujarat 395006"
8cb6a3f0-cdc9-408a-9cf2-fac66f885a59,404-81-4034-10935,BSNL,LTE,404,81,4034,10935,21.22056,72.83722,120.0,90.0,529.0,"Plot 93, Near Sarthana Nature Park, Varachha Main Road, Sarthana, Surat, Gujarat 395006"
f6b437a0-d1ed-4c1b-bd86-b8c3222048ed,405-867-1001-10936,Jio,NR,405,867,1001,10936,21.22056,72.83722,240.0,90.0,529.0,"Plot 93, Near Sarthana Nature Park, Varachha Main Road, Sarthana, Surat, Gujarat 395006"
fc6816cb-c02b-48fc-93df-b348467a7eda,404-20-3033-10937,Vi,GSM,404,20,3033,10937,21.21397,72.87821,0.0,90.0,653.0,"Plot 6, Near Sarthana Nature Park, Varachha Main Road, Sarthana, Surat, Gujarat 395006"
5d336af4-2315-4dd3-af0d-fd8a3d81a2b4,404-10-2010-10938,Airtel,GSM,404,10,2010,10938,21.21397,72.87821,120.0,90.0,653.0,"Plot 6, Near Sarthana Nature Park, Varachha Main Road, Sarthana, Surat, Gujarat 395006"
b9e08e88-15b7-453e-8d7f-68451ee842b4,405-867-1010-10939,Jio,LTE,405,867,1010,10939,21.21397,72.87821,240.0,90.0,653.0,"Plot 6, Near Sarthana Nature Park, Varachha Main Road, Sarthana, Surat, Gujarat 395006"
65b87875-78f6-441e-b786-f39c93aa9705,405-867-1014-10940,Jio,LTE,405,867,1014,10940,21.22865,72.87854,0.0,90.0,453.0,"Plot 64, Near Kapodra, Varachha Main Road, Sarthana, Surat, Gujarat 395006"
761f958f-918b-459a-a05e-6ea5c90122db,404-10-2031-10941,Airtel,NR,404,10,2031,10941,21.22865,72.87854,120.0,90.0,453.0,"Plot 64, Near Kapodra, Varachha Main Road, Sarthana, Surat, Gujarat 395006"
aecf84d4-b218-4bdd-aec5-21df73cddda7,405-867-1045-10942,Jio,NR,405,867,1045,10942,21.22865,72.87854,240.0,90.0,453.0,"Plot 64, Near Kapodra, Varachha Main Road, Sarthana, Surat, Gujarat 395006"
3efebf14-51b0-4575-af64-b366fe443364,404-20-3022-10943,Vi,GSM,404,20,3022,10943,21.21085,72.83987,282.9,90.0,320.0,"Plot 77, Near Varachha Main Road, Varachha Main Road, Sarthana, Surat, Gujarat 395006"
1b804984-9088-4cdd-93d1-c89e0bb5ebce,404-20-3001-10944,Vi,GSM,404,20,3001,10944,21.20388,72.88643,0.0,90.0,416.0,"Plot 31, Near Hirabaug Circle, Varachha Main Road, Sarthana, Surat, Gujarat 395006"
f59dbf1b-40ac-4e5e-90cd-8d890d6f8a3f,404-10-2004-10945,Airtel,LTE,404,10,2004,10945,21.20388,72.88643,120.0,90.0,416.0,"Plot 31, Near Hirabaug Circle, Varachha Main Road, Sarthana, Surat, Gujarat 395006"
ab94e689-a814-4516-8f2b-0faaf3c27a29,405-867-1035-10946,Jio,LTE,405,867,1035,10946,21.20388,72.88643,240.0,90.0,416.0,"Plot 31, Near Hirabaug Circle, Varachha Main Road, Sarthana, Surat, Gujarat 395006"
5d04da8c-b33f-4f23-b739-ba47f860dad3,404-20-3006-10947,Vi,LTE,404,20,3006,10947,21.20367,72.85836,256.1,90.0,414.0,"Plot 40, Near Mini Bazar Diamond Market, Varachha Main Road, Sarthana, Surat, Gujarat 395006"
5265a441-9fcf-4433-8f0a-f8522ea85831,404-10-2026-10948,Airtel,LTE,404,10,2026,10948,21.22057,72.88055,28.9,360.0,312.0,"Plot 38, Near Hirabaug Circle, Varachha Main Road, Sarthana, Surat, Gujarat 395006"
4488da83-7604-49cc-ad25-cf46c610200a,405-867-1013-10949,Jio,LTE,405,867,1013,10949,21.19419,72.86471,0.0,90.0,401.0,"Plot 35, Near Mini Bazar Diamond Market, Varachha Main Road, Sarthana, Surat, Gujarat 395006"
c7598c2d-5cfb-4970-a496-5e978fde6d01,404-10-2034-10950,Airtel,GSM,404,10,2034,10950,21.19419,72.86471,120.0,90.0,401.0,"Plot 35, Near Mini Bazar Diamond Market, Varachha Main Road, Sarthana, Surat, Gujarat 395006"
e1b9fa11-7c7e-4fc6-a288-4be432cf7e2b,405-867-1028-10951,Jio,LTE,405,867,1028,10951,21.19419,72.86471,240.0,90.0,401.0,"Plot 35, Near Mini Bazar Diamond Market, Varachha Main Road, Sarthana, Surat, Gujarat 395006"
293f3e3c-1785-4dfa-9cb8-67014bc99f93,405-867-1023-10952,Jio,LTE,405,867,1023,10952,21.20643,72.88997,0.0,90.0,516.0,"Plot 29, Near Varachha Main Road, Varachha Main Road, Sarthana, Surat, Gujarat 395006"
45927561-507f-4b7b-8f9a-eb8fc5109fc1,404-10-2020-10953,Airtel,LTE,404,10,2020,10953,21.20643,72.88997,120.0,90.0,516.0,"Plot 29, Near Varachha Main Road, Varachha Main Road, Sarthana, Surat, Gujarat 395006"
e900d18a-c1c8-4476-aa5d-2cd45b6471ec,405-867-1029-10954,Jio,LTE,405,867,1029,10954,21.20643,72.88997,240.0,90.0,516.0,"Plot 29, Near Varachha Main Road, Varachha Main Road, Sarthana, Surat, Gujarat 395006"
129c98af-ffbb-4719-9c9f-9a05f7adb3ae,404-20-3008-10955,Vi,GSM,404,20,3008,10955,21.20509,72.85147,0.0,90.0,379.0,"Plot 52, Near Mini Bazar Diamond Market, Varachha Main Road, Sarthana, Surat, Gujarat 395006"
f9dc8a07-664b-4e18-8fe2-af7dbf8dc5fd,404-10-2040-10956,Airtel,LTE,404,10,2040,10956,21.20509,72.85147,120.0,90.0,379.0,"Plot 52, Near Mini Bazar Diamond Market, Varachha Main Road, Sarthana, Surat, Gujarat 395006"
5f8fcfd4-745e-4059-882e-3ab64f5288df,404-20-3019-10957,Vi,GSM,404,20,3019,10957,21.20509,72.85147,240.0,90.0,379.0,"Plot 52, Near Mini Bazar Diamond Market, Varachha Main Road, Sarthana, Surat, Gujarat 395006"
010f391d-2a46-44b8-8b2b-8bd48e98ea1e,405-867-1014-10958,Jio,LTE,405,867,1014,10958,21.24048,72.86709,0.0,90.0,311.0,"Plot 79, Near Varachha Main Road, Varachha Main Road, Sarthana, Surat, Gujarat 395006"
6774afc2-8e52-4f35-9886-2ba64d9a2d7d,405-867-1017-10959,Jio,LTE,405,867,1017,10959,21.24048,72.86709,120.0,90.0,311.0,"Plot 79, Near Varachha Main Road, Varachha Main Road, Sarthana, Surat, Gujarat 395006"
bbd89968-06d0-4f19-bb43-f4b4db987c17,404-10-2010-10960,Airtel,LTE,404,10,2010,10960,21.24048,72.86709,240.0,90.0,311.0,"Plot 79, Near Varachha Main Road, Varachha Main Road, Sarthana, Surat, Gujarat 395006"
a353dc8b-9c13-4593-914e-0ad87c069119,405-867-1019-10961,Jio,LTE,405,867,1019,10961,21.21051,72.84264,0.0,90.0,569.0,"Plot 150, Near Hirabaug Circle, Varachha Main Road, Sarthana, Surat, Gujarat 395006"
b0941733-54a0-4e0c-9922-7af8e179e200,405-867-1018-10962,Jio,LTE,405,867,1018,10962,21.21051,72.84264,120.0,90.0,569.0,"Plot 150, Near Hirabaug Circle, Varachha Main Road, Sarthana, Surat, Gujarat 395006"
3a22d80c-3602-4aa4-afa0-7001e76fcb48,405-867-1001-10963,Jio,LTE,405,867,1001,10963,21.21051,72.84264,240.0,90.0,569.0,"Plot 150, Near Hirabaug Circle, Varachha Main Road, Sarthana, Surat, Gujarat 395006"
a6966ef6-6682-4b30-865b-bd0f9e301bd9,405-867-1007-10964,Jio,LTE,405,867,1007,10964,21.23812,72.8746,303.6,360.0,398.0,"Plot 28, Near Sarthana Nature Park, Varachha Main Road, Sarthana, Surat, Gujarat 395006"
c21c57c7-78e2-4f12-b447-1540fd075499,404-20-3016-10965,Vi,LTE,404,20,3016,10965,21.23357,72.85348,69.6,90.0,443.0,"Plot 137, Near Kapodra, Varachha Main Road, Sarthana, Surat, Gujarat 395006"
4806bea6-6b36-40d0-bc23-743d15d4abf1,405-867-1041-10966,Jio,LTE,405,867,1041,10966,21.23133,72.8574,0.0,90.0,309.0,"Plot 101, Near Hirabaug Circle, Varachha Main Road, Sarthana, Surat, Gujarat 395006"
86bee714-0e98-4407-a5f6-a56818151015,405-867-1033-10967,Jio,NR,405,867,1033,10967,21.23133,72.8574,120.0,90.0,309.0,"Plot 101, Near Hirabaug Circle, Varachha Main Road, Sarthana, Surat, Gujarat 395006"
d98605ed-c2ca-4df2-80ac-7d97c20f8551,405-867-1017-10968,Jio,LTE,405,867,1017,10968,21.23133,72.8574,240.0,90.0,309.0,"Plot 101, Near Hirabaug Circle, Varachha Main Road, Sarthana, Surat, Gujarat 395006"
112340c5-d53e-4e35-a911-ee3e49fbe095,405-867-1043-10969,Jio,NR,405,867,1043,10969,21.23646,72.8461,0.0,90.0,415.0,"Plot 143, Near Varachha Main Road, Varachha Main Road, Sarthana, Surat, Gujarat 395006"
d75ccd42-b933-48de-ba70-5d6ad3596ed3,405-867-1034-10970,Jio,LTE,405,867,1034,10970,21.23646,72.8461,120.0,90.0,415.0,"Plot 143, Near Varachha Main Road, Varachha Main Road, Sarthana, Surat, Gujarat 395006"
04634ee7-67c6-4859-872a-ce733f0a1a25,404-81-4041-10971,BSNL,LTE,404,81,4041,10971,21.23646,72.8461,240.0,90.0,415.0,"Plot 143, Near Varachha Main Road, Varachha Main Road, Sarthana, Surat, Gujarat 395006"
15e21712-7a08-4168-9443-52aca936490f,404-20-3035-10972,Vi,LTE,404,20,3035,10972,21.21117,72.84762,0.0,90.0,459.0,"Plot 40, Near Kapodra, Varachha Main Road, Sarthana, Surat, Gujarat 395006"
c7d12ddf-0463-4ae9-9a11-c980dc10dbe7,405-867-1038-10973,Jio,LTE,405,867,1038,10973,21.21117,72.84762,120.0,90.0,459.0,"Plot 40, Near Kapodra, Varachha Main Road, Sarthana, Surat, Gujarat 395006"
656b0816-93bc-4729-9679-ba2439fd848f,404-10-2009-10974,Airtel,NR,404,10,2009,10974,21.21117,72.84762,240.0,90.0,459.0,"Plot 40, Near Kapodra, Varachha Main Road, Sarthana, Surat, Gujarat 395006"
fcbd62f7-953d-4c07-ac08-cb16ec336027,405-867-1011-10975,Jio,NR,405,867,1011,10975,21.20976,72.88774,0.0,90.0,694.0,"Plot 35, Near Kapodra, Varachha Main Road, Sarthana, Surat, Gujarat 395006"
1c0f9a89-4d88-431c-bcdd-8339ac528775,405-867-1008-10976,Jio,LTE,405,867,1008,10976,21.20976,72.88774,120.0,90.0,694.0,"Plot 35, Near Kapodra, Varachha Main Road, Sarthana, Surat, Gujarat 395006"
c75787f3-8241-406b-977e-9344a92e3cde,405-867-1010-10977,Jio,NR,405,867,1010,10977,21.20976,72.88774,240.0,90.0,694.0,"Plot 35, Near Kapodra, Varachha Main Road, Sarthana, Surat, Gujarat 395006"
23437774-d219-4f4e-a288-eaa6cded3338,404-20-3018-10978,Vi,GSM,404,20,3018,10978,21.2146,72.83986,0.0,90.0,681.0,"Plot 106, Near Hirabaug Circle, Varachha Main Road, Sarthana, Surat, Gujarat 395006"
70c843d3-3dda-4f88-b33f-259a20924657,405-867-1009-10979,Jio,LTE,405,867,1009,10979,21.2146,72.83986,120.0,90.0,681.0,"Plot 106, Near Hirabaug Circle, Varachha Main Road, Sarthana, Surat, Gujarat 395006"
c8f2c796-7c27-4df9-9f24-4d21b9d8d7c6,405-867-1040-10980,Jio,NR,405,867,1040,10980,21.2146,72.83986,240.0,90.0,681.0,"Plot 106, Near Hirabaug Circle, Varachha Main Road, Sarthana, Surat, Gujarat 395006"
79923409-b9b2-46d2-b14a-e16a88254e03,404-10-2045-10981,Airtel,LTE,404,10,2045,10981,21.20234,72.84982,0.0,90.0,418.0,"Plot 60, Near Kapodra, Varachha Main Road, Sarthana, Surat, Gujarat 395006"
a108fa30-0cab-4eff-b2f6-3c84426b09a5,404-20-3039-10982,Vi,LTE,404,20,3039,10982,21.20234,72.84982,120.0,90.0,418.0,"Plot 60, Near Kapodra, Varachha Main Road, Sarthana, Surat, Gujarat 395006"
f80b496a-b74f-4f85-afa7-d5988a386e0a,405-867-1012-10983,Jio,LTE,405,867,1012,10983,21.20234,72.84982,240.0,90.0,418.0,"Plot 60, Near Kapodra, Varachha Main Road, Sarthana, Surat, Gujarat 395006"
13a6aa7e-3d6e-4100-8426-b8e8bb453b03,405-867-1018-10984,Jio,NR,405,867,1018,10984,21.2294,72.84863,0.0,90.0,316.0,"Plot 42, Near Mini Bazar Diamond Market, Varachha Main Road, Sarthana, Surat, Gujarat 395006"
c2a3007c-0c06-4c5f-be41-820679fd0b0d,404-81-4043-10985,BSNL,GSM,404,81,4043,10985,21.2294,72.84863,120.0,90.0,316.0,"Plot 42, Near Mini Bazar Diamond Market, Varachha Main Road, Sarthana, Surat, Gujarat 395006"
cb220a47-8bbc-44c4-934c-148b8bb5b50b,404-81-4005-10986,BSNL,LTE,404,81,4005,10986,21.2294,72.84863,240.0,90.0,316.0,"Plot 42, Near Mini Bazar Diamond Market, Varachha Main Road, Sarthana, Surat, Gujarat 395006"
e9a64e2e-0959-45d0-b3ba-04162bda5372,404-20-3003-10987,Vi,LTE,404,20,3003,10987,21.22968,72.89041,0.0,90.0,534.0,"Plot 126, Near Hirabaug Circle, Varachha Main Road, Sarthana, Surat, Gujarat 395006"
a146dd86-559a-4e84-8453-a6c46cd4085c,404-10-2021-10988,Airtel,NR,404,10,2021,10988,21.22968,72.89041,120.0,90.0,534.0,"Plot 126, Near Hirabaug Circle, Varachha Main Road, Sarthana, Surat, Gujarat 395006"
4e3bf2e1-a4bb-4fcc-8e92-c227847ef7cf,405-867-1037-10989,Jio,NR,405,867,1037,10989,21.22968,72.89041,240.0,90.0,534.0,"Plot 126, Near Hirabaug Circle, Varachha Main Road, Sarthana, Surat, Gujarat 395006"
c0d7f3ef-4892-484b-8bd6-f20423b023ad,404-10-2003-10990,Airtel,LTE,404,10,2003,10990,21.20164,72.85327,159.9,60.0,362.0,"Plot 134, Near Varachha Main Road, Varachha Main Road, Sarthana, Surat, Gujarat 395006"
f46ed5bd-7747-4eeb-b835-88131b75c776,404-20-3019-10991,Vi,GSM,404,20,3019,10991,21.19976,72.85758,0.0,90.0,503.0,"Plot 49, Near Varachha Main Road, Varachha Main Road, Sarthana, Surat, Gujarat 395006"
40ce7639-373c-4119-8273-ac9df52fa02d,405-867-1040-10992,Jio,LTE,405,867,1040,10992,21.19976,72.85758,120.0,90.0,503.0,"Plot 49, Near Varachha Main Road, Varachha Main Road, Sarthana, Surat, Gujarat 395006"
fa5efbe8-1395-4159-87c4-d96c0aec0a52,404-20-3010-10993,Vi,LTE,404,20,3010,10993,21.19976,72.85758,240.0,90.0,503.0,"Plot 49, Near Varachha Main Road, Varachha Main Road, Sarthana, Surat, Gujarat 395006"
1517f9e1-e6e8-44cc-9b49-ff8fb40fef9b,405-867-1029-10994,Jio,LTE,405,867,1029,10994,21.19678,72.8703,272.6,360.0,439.0,"Plot 129, Near Varachha Main Road, Varachha Main Road, Sarthana, Surat, Gujarat 395006"
94970bf2-d1b8-437f-9766-43c6681050dd,404-10-2008-10995,Airtel,LTE,404,10,2008,10995,21.23609,72.86806,113.4,360.0,341.0,"Plot 117, Near Mini Bazar Diamond Market, Varachha Main Road, Sarthana, Surat, Gujarat 395006"
ce33e519-ae13-4ffe-b885-5ab0ff53dd58,404-20-3011-10996,Vi,LTE,404,20,3011,10996,21.21214,72.84272,0.0,90.0,672.0,"Plot 135, Near Varachha Main Road, Varachha Main Road, Sarthana, Surat, Gujarat 395006"
6bebb9dd-d547-44f8-ae46-74114a4712a6,405-867-1011-10997,Jio,LTE,405,867,1011,10997,21.21214,72.84272,120.0,90.0,672.0,"Plot 135, Near Varachha Main Road, Varachha Main Road, Sarthana, Surat, Gujarat 395006"
c23316ce-796f-4a18-bee7-193e813b55c6,404-20-3043-10998,Vi,LTE,404,20,3043,10998,21.21214,72.84272,240.0,90.0,672.0,"Plot 135, Near Varachha Main Road, Varachha Main Road, Sarthana, Surat, Gujarat 395006"
07cdbdab-9be0-4e08-a00f-ff97513b6341,405-867-1029-10999,Jio,LTE,405,867,1029,10999,21.22526,72.85591,0.0,90.0,326.0,"Plot 46, Near Mini Bazar Diamond Market, Varachha Main Road, Sarthana, Surat, Gujarat 395006"
632899d6-240b-4bf8-8b26-2f160ebe961b,405-867-1009-11000,Jio,LTE,405,867,1009,11000,21.22526,72.85591,120.0,90.0,326.0,"Plot 46, Near Mini Bazar Diamond Market, Varachha Main Road, Sarthana, Surat, Gujarat 395006"
5866e824-a936-4cef-a0c7-33b368e44d5d,404-81-4017-11001,BSNL,GSM,404,81,4017,11001,21.22526,72.85591,240.0,90.0,326.0,"Plot 46, Near Mini Bazar Diamond Market, Varachha Main Road, Sarthana, Surat, Gujarat 395006"
97254869-703c-48cf-a8c7-01d89f4f28ae,404-20-3038-11002,Vi,LTE,404,20,3038,11002,21.23711,72.86658,0.0,90.0,611.0,"Plot 140, Near Hirabaug Circle, Varachha Main Road, Sarthana, Surat, Gujarat 395006"
a685f2c0-30c3-479a-9f4e-98a95c5a8401,404-10-2029-11003,Airtel,LTE,404,10,2029,11003,21.23711,72.86658,120.0,90.0,611.0,"Plot 140, Near Hirabaug Circle, Varachha Main Road, Sarthana, Surat, Gujarat 395006"
44f2719e-182f-42ff-abc2-f3933e6179b8,405-867-1016-11004,Jio,LTE,405,867,1016,11004,21.23711,72.86658,240.0,90.0,611.0,"Plot 140, Near Hirabaug Circle, Varachha Main Road, Sarthana, Surat, Gujarat 395006"
ac3446dc-83b6-45ca-83b2-ebb50de11b24,405-867-1043-11005,Jio,NR,405,867,1043,11005,21.22866,72.85455,51.9,360.0,389.0,"Plot 54, Near Kapodra, Varachha Main Road, Sarthana, Surat, Gujarat 395006"
c103185d-a2c4-4013-bc9a-5c70fa270db0,404-10-2045-11006,Airtel,LTE,404,10,2045,11006,21.19942,72.85435,145.9,60.0,341.0,"Plot 23, Near Sarthana Nature Park, Varachha Main Road, Sarthana, Surat, Gujarat 395006"
1dc2c3ad-0e17-463c-adc9-8d934dfbc70f,404-10-2006-11007,Airtel,GSM,404,10,2006,11007,21.21164,72.84407,0.0,90.0,683.0,"Plot 46, Near Kapodra, Varachha Main Road, Sarthana, Surat, Gujarat 395006"
e9ce74bd-eefc-4f3b-ab7b-2834e15e90e3,404-20-3025-11008,Vi,LTE,404,20,3025,11008,21.21164,72.84407,120.0,90.0,683.0,"Plot 46, Near Kapodra, Varachha Main Road, Sarthana, Surat, Gujarat 395006"
7777aa79-262e-46fe-87cb-bf0481d6ca6e,404-20-3036-11009,Vi,GSM,404,20,3036,11009,21.21164,72.84407,240.0,90.0,683.0,"Plot 46, Near Kapodra, Varachha Main Road, Sarthana, Surat, Gujarat 395006"
4b53893f-2fd5-4e61-9836-d84611728fc0,404-10-2040-11010,Airtel,LTE,404,10,2040,11010,21.23512,72.87294,0.0,90.0,511.0,"Plot 71, Near Varachha Main Road, Varachha Main Road, Sarthana, Surat, Gujarat 395006"
a7cc20e3-26e2-4971-8787-c1401baad3c5,405-867-1041-11011,Jio,LTE,405,867,1041,11011,21.23512,72.87294,120.0,90.0,511.0,"Plot 71, Near Varachha Main Road, Varachha Main Road, Sarthana, Surat, Gujarat 395006"
83ed7d80-93ff-4cec-8951-271daba83391,404-10-2045-11012,Airtel,LTE,404,10,2045,11012,21.23512,72.87294,240.0,90.0,511.0,"Plot 71, Near Varachha Main Road, Varachha Main Road, Sarthana, Surat, Gujarat 395006"
4c669726-753e-45df-a896-c31f530e8acf,405-867-1040-11013,Jio,LTE,405,867,1040,11013,21.19899,72.84923,0.0,90.0,462.0,"Plot 110, Near Sarthana Nature Park, Varachha Main Road, Sarthana, Surat, Gujarat 395006"
2c9349b2-ad90-46b2-9828-cc15727988f6,405-867-1037-11014,Jio,LTE,405,867,1037,11014,21.19899,72.84923,120.0,90.0,462.0,"Plot 110, Near Sarthana Nature Park, Varachha Main Road, Sarthana, Surat, Gujarat 395006"
42294c97-bd2e-4d4f-a4f4-e58e0bb58ba1,405-867-1032-11015,Jio,LTE,405,867,1032,11015,21.19899,72.84923,240.0,90.0,462.0,"Plot 110, Near Sarthana Nature Park, Varachha Main Road, Sarthana, Surat, Gujarat 395006"
46e824f5-ae72-44e0-91e5-dd6c61100e22,405-867-1041-11016,Jio,LTE,405,867,1041,11016,21.20629,72.86559,0.0,90.0,399.0,"Plot 60, Near Kapodra, Varachha Main Road, Sarthana, Surat, Gujarat 395006"
b8f53d44-cb5b-44ec-a6b4-e309950600ff,404-20-3014-11017,Vi,LTE,404,20,3014,11017,21.20629,72.86559,120.0,90.0,399.0,"Plot 60, Near Kapodra, Varachha Main Road, Sarthana, Surat, Gujarat 395006"
9cafad31-ec9a-4525-8905-8e11e5c9613c,404-20-3027-11018,Vi,GSM,404,20,3027,11018,21.20629,72.86559,240.0,90.0,399.0,"Plot 60, Near Kapodra, Varachha Main Road, Sarthana, Surat, Gujarat 395006"
403c4c98-b501-470e-8cb7-afcd507241f8,405-867-1020-11019,Jio,NR,405,867,1020,11019,21.23347,72.86988,0.0,90.0,653.0,"Plot 3, Near Mini Bazar Diamond Market, Varachha Main Road, Sarthana, Surat, Gujarat 395006"
17b3e037-d551-4fa0-b83f-bfb3c40d315c,405-867-1001-11020,Jio,LTE,405,867,1001,11020,21.23347,72.86988,120.0,90.0,653.0,"Plot 3, Near Mini Bazar Diamond Market, Varachha Main Road, Sarthana, Surat, Gujarat 395006"
a8afd600-40b1-4983-9f33-48b34259b62b,405-867-1026-11021,Jio,LTE,405,867,1026,11021,21.23347,72.86988,240.0,90.0,653.0,"Plot 3, Near Mini Bazar Diamond Market, Varachha Main Road, Sarthana, Surat, Gujarat 395006"
88991527-e1c2-44ca-99d4-6cff708681b3,404-20-3031-11022,Vi,LTE,404,20,3031,11022,21.21459,72.84247,0.0,90.0,473.0,"Plot 45, Near Varachha Main Road, Varachha Main Road, Sarthana, Surat, Gujarat 395006"
60f67ce2-a24e-48f5-aa32-a738f62772bd,404-20-3031-11023,Vi,LTE,404,20,3031,11023,21.21459,72.84247,120.0,90.0,473.0,"Plot 45, Near Varachha Main Road, Varachha Main Road, Sarthana, Surat, Gujarat 395006"
69d5f3cb-c4de-41c4-b6c3-a95e8d44692a,405-867-1035-11024,Jio,LTE,405,867,1035,11024,21.21459,72.84247,240.0,90.0,473.0,"Plot 45, Near Varachha Main Road, Varachha Main Road, Sarthana, Surat, Gujarat 395006"
fbb92795-e626-4a6b-bbad-f629c7054513,404-10-2036-11025,Airtel,LTE,404,10,2036,11025,21.23267,72.85294,0.0,90.0,453.0,"Plot 15, Near Hirabaug Circle, Varachha Main Road, Sarthana, Surat, Gujarat 395006"
8c0c63cc-61ca-4914-b55a-c13ebf0c2dee,404-10-2044-11026,Airtel,LTE,404,10,2044,11026,21.23267,72.85294,120.0,90.0,453.0,"Plot 15, Near Hirabaug Circle, Varachha Main Road, Sarthana, Surat, Gujarat 395006"
1ce07070-1039-4386-bbc6-b2b221a01d07,405-867-1023-11027,Jio,NR,405,867,1023,11027,21.23267,72.85294,240.0,90.0,453.0,"Plot 15, Near Hirabaug Circle, Varachha Main Road, Sarthana, Surat, Gujarat 395006"
63bd86de-6328-4eeb-847a-9643b8893ab7,404-10-2039-11028,Airtel,LTE,404,10,2039,11028,21.22782,72.86965,0.0,90.0,620.0,"Plot 87, Near Varachha Main Road, Varachha Main Road, Sarthana, Surat, Gujarat 395006"
fccd500a-5fb4-4105-a02f-42a0ee6fd5a0,405-867-1020-11029,Jio,LTE,405,867,1020,11029,21.22782,72.86965,120.0,90.0,620.0,"Plot 87, Near Varachha Main Road, Varachha Main Road, Sarthana, Surat, Gujarat 395006"
ed19a276-e58e-41a1-af3a-73bbc09eadcc,404-10-2003-11030,Airtel,LTE,404,10,2003,11030,21.22782,72.86965,240.0,90.0,620.0,"Plot 87, Near Varachha Main Road, Varachha Main Road, Sarthana, Surat, Gujarat 395006"
37d02116-0808-4dde-b22a-eeada970a34e,405-867-1008-11031,Jio,LTE,405,867,1008,11031,21.21687,72.8739,0.0,90.0,454.0,"Plot 96, Near Mini Bazar Diamond Market, Varachha Main Road, Sarthana, Surat, Gujarat 395006"
3354bfb4-433e-42f4-b270-6b42068c39c5,405-867-1013-11032,Jio,LTE,405,867,1013,11032,21.21687,72.8739,120.0,90.0,454.0,"Plot 96, Near Mini Bazar Diamond Market, Varachha Main Road, Sarthana, Surat, Gujarat 395006"
0f3db55a-26d7-4a59-a24c-be0fb753bff8,404-20-3002-11033,Vi,LTE,404,20,3002,11033,21.21687,72.8739,240.0,90.0,454.0,"Plot 96, Near Mini Bazar Diamond Market, Varachha Main Road, Sarthana, Surat, Gujarat 395006"
44deaad0-f7eb-4c59-91ec-9f844ff41373,404-10-2021-11034,Airtel,LTE,404,10,2021,11034,21.2258,72.8387,0.0,90.0,547.0,"Plot 49, Near Mini Bazar Diamond Market, Varachha Main Road, Sarthana, Surat, Gujarat 395006"
99f4d657-f54c-4636-a8ee-85b90f35aa8f,405-867-1034-11035,Jio,NR,405,867,1034,11035,21.2258,72.8387,120.0,90.0,547.0,"Plot 49, Near Mini Bazar Diamond Market, Varachha Main Road, Sarthana, Surat, Gujarat 395006"
27782f68-c6ee-4488-bf28-58260084e584,404-10-2003-11036,Airtel,LTE,404,10,2003,11036,21.2258,72.8387,240.0,90.0,547.0,"Plot 49, Near Mini Bazar Diamond Market, Varachha Main Road, Sarthana, Surat, Gujarat 395006"
2c15c8f1-22ce-4a13-b502-40c6112c33da,405-867-1007-11037,Jio,NR,405,867,1007,11037,21.19586,72.8712,326.3,360.0,322.0,"Plot 30, Near Kapodra, Varachha Main Road, Sarthana, Surat, Gujarat 395006"
329d4d10-14da-4bbf-bbfc-23424ac922be,404-10-2013-11038,Airtel,LTE,404,10,2013,11038,21.19619,72.86196,0.0,90.0,459.0,"Plot 6, Near Sarthana Nature Park, Varachha Main Road, Sarthana, Surat, Gujarat 395006"
8449f3d7-486f-4d64-9cab-39f971cfaff8,405-867-1021-11039,Jio,LTE,405,867,1021,11039,21.19619,72.86196,120.0,90.0,459.0,"Plot 6, Near Sarthana Nature Park, Varachha Main Road, Sarthana, Surat, Gujarat 395006"
3d4d6fb7-6764-4f6f-a2cf-b90258791b04,404-20-3018-11040,Vi,LTE,404,20,3018,11040,21.19619,72.86196,240.0,90.0,459.0,"Plot 6, Near Sarthana Nature Park, Varachha Main Road, Sarthana, Surat, Gujarat 395006"
64616495-5d99-48ba-9486-96755412d1cb,404-10-2018-11041,Airtel,LTE,404,10,2018,11041,21.22647,72.87739,0.0,90.0,405.0,"Plot 144, Near Varachha Main Road, Varachha Main Road, Sarthana, Surat, Gujarat 395006"
2e108dde-3270-4fba-9244-5bfc398bf881,405-867-1019-11042,Jio,LTE,405,867,1019,11042,21.22647,72.87739,120.0,90.0,405.0,"Plot 144, Near Varachha Main Road, Varachha Main Road, Sarthana, Surat, Gujarat 395006"
8364d424-236e-43df-885d-f33778de0301,404-10-2020-11043,Airtel,LTE,404,10,2020,11043,21.22647,72.87739,240.0,90.0,405.0,"Plot 144, Near Varachha Main Road, Varachha Main Road, Sarthana, Surat, Gujarat 395006"
659af560-efd0-4407-b097-ad9be7044c74,405-867-1028-11044,Jio,LTE,405,867,1028,11044,21.20597,72.85387,164.8,360.0,312.0,"Plot 13, Near Hirabaug Circle, Varachha Main Road, Sarthana, Surat, Gujarat 395006"
0344d78a-ce6b-425d-bb70-d154f2ab6b84,405-867-1043-11045,Jio,LTE,405,867,1043,11045,21.20031,72.88032,0.0,90.0,459.0,"Plot 115, Near Kapodra, Varachha Main Road, Sarthana, Surat, Gujarat 395006"
0b76b85d-d6f3-4afb-a22a-70174f7ff3d9,404-20-3030-11046,Vi,LTE,404,20,3030,11046,21.20031,72.88032,120.0,90.0,459.0,"Plot 115, Near Kapodra, Varachha Main Road, Sarthana, Surat, Gujarat 395006"
b9ff714b-7caa-4a1b-ad57-0e644127ff70,404-10-2045-11047,Airtel,LTE,404,10,2045,11047,21.20031,72.88032,240.0,90.0,459.0,"Plot 115, Near Kapodra, Varachha Main Road, Sarthana, Surat, Gujarat 395006"
3356d218-b500-4c72-8495-74035245a395,405-867-1017-11048,Jio,NR,405,867,1017,11048,21.20001,72.8689,0.0,90.0,414.0,"Plot 121, Near Hirabaug Circle, Varachha Main Road, Sarthana, Surat, Gujarat 395006"
77840379-b823-475b-bab3-64dd821cbb03,404-20-3045-11049,Vi,LTE,404,20,3045,11049,21.20001,72.8689,120.0,90.0,414.0,"Plot 121, Near Hirabaug Circle, Varachha Main Road, Sarthana, Surat, Gujarat 395006"
5a1784c0-d205-4fc2-b89f-6a32d5b28fd3,404-20-3021-11050,Vi,LTE,404,20,3021,11050,21.20001,72.8689,240.0,90.0,414.0,"Plot 121, Near Hirabaug Circle, Varachha Main Road, Sarthana, Surat, Gujarat 395006"
011698ff-3d69-4893-86b6-4d63433ebf3c,404-20-3023-11051,Vi,LTE,404,20,3023,11051,21.21283,72.86668,0.0,90.0,536.0,"Plot 29, Near Hirabaug Circle, Varachha Main Road, Sarthana, Surat, Gujarat 395006"
ad3cd025-14a8-49d7-8801-0a7b7352ca20,404-10-2007-11052,Airtel,LTE,404,10,2007,11052,21.21283,72.86668,120.0,90.0,536.0,"Plot 29, Near Hirabaug Circle, Varachha Main Road, Sarthana, Surat, Gujarat 395006"
13dd9755-d890-4c4c-bc3b-3637ba63e624,405-867-1007-11053,Jio,LTE,405,867,1007,11053,21.21283,72.86668,240.0,90.0,536.0,"Plot 29, Near Hirabaug Circle, Varachha Main Road, Sarthana, Surat, Gujarat 395006"
c219f2ea-ab70-49ec-9655-8b50a7062f6b,405-867-1036-11054,Jio,LTE,405,867,1036,11054,21.20798,72.88582,0.0,90.0,602.0,"Plot 137, Near Sarthana Nature Park, Varachha Main Road, Sarthana, Surat, Gujarat 395006"
bd3faccd-d394-4db6-a2d9-d027ab15b3d1,405-867-1005-11055,Jio,LTE,405,867,1005,11055,21.20798,72.88582,120.0,90.0,602.0,"Plot 137, Near Sarthana Nature Park, Varachha Main Road, Sarthana, Surat, Gujarat 395006"
da3fcf11-a921-4d4a-b8cf-3c7a833aee56,405-867-1038-11056,Jio,NR,405,867,1038,11056,21.20798,72.88582,240.0,90.0,602.0,"Plot 137, Near Sarthana Nature Park, Varachha Main Road, Sarthana, Surat, Gujarat 395006"
17d6b8a9-f757-42ea-8570-2f5a2a2f7c16,405-867-1037-11057,Jio,LTE,405,867,1037,11057,21.1937,72.87704,0.0,90.0,420.0,"Plot 88, Near Kapodra, Varachha Main Road, Sarthana, Surat, Gujarat 395006"
3e26d12c-0f16-4a1a-847d-0d036610d2b4,404-20-3039-11058,Vi,LTE,404,20,3039,11058,21.1937,72.87704,120.0,90.0,420.0,"Plot 88, Near Kapodra, Varachha Main Road, Sarthana, Surat, Gujarat 395006"
528dd534-7cc4-4d0d-9751-74098170a8ff,405-867-1029-11059,Jio,LTE,405,867,1029,11059,21.1937,72.87704,240.0,90.0,420.0,"Plot 88, Near Kapodra, Varachha Main Road, Sarthana, Surat, Gujarat 395006"
71a7fc81-7e58-4f21-8235-f330cc7c53bf,404-20-3032-11060,Vi,LTE,404,20,3032,11060,21.22983,72.89036,0.0,90.0,605.0,"Plot 28, Near Varachha Main Road, Varachha Main Road, Sarthana, Surat, Gujarat 395006"
6442c2da-ab8b-4371-b299-e57a5cafece6,404-10-2014-11061,Airtel,LTE,404,10,2014,11061,21.22983,72.89036,120.0,90.0,605.0,"Plot 28, Near Varachha Main Road, Varachha Main Road, Sarthana, Surat, Gujarat 395006"
4b8e9b9c-686b-47ab-bb6b-671d360d1153,404-20-3041-11062,Vi,GSM,404,20,3041,11062,21.22983,72.89036,240.0,90.0,605.0,"Plot 28, Near Varachha Main Road, Varachha Main Road, Sarthana, Surat, Gujarat 395006"
d6983a0c-43b0-4bb6-b063-ac2dd58f941f,404-10-2014-11063,Airtel,LTE,404,10,2014,11063,21.22665,72.8415,0.0,90.0,499.0,"Plot 116, Near Mini Bazar Diamond Market, Varachha Main Road, Sarthana, Surat, Gujarat 395006"
498ccfdf-1c92-4b35-8b6d-b92556d7adab,404-10-2037-11064,Airtel,LTE,404,10,2037,11064,21.22665,72.8415,120.0,90.0,499.0,"Plot 116, Near Mini Bazar Diamond Market, Varachha Main Road, Sarthana, Surat, Gujarat 395006"
c8013acf-aa1c-424c-bc67-55f7120a4bca,404-20-3028-11065,Vi,LTE,404,20,3028,11065,21.22665,72.8415,240.0,90.0,499.0,"Plot 116, Near Mini Bazar Diamond Market, Varachha Main Road, Sarthana, Surat, Gujarat 395006"
bed56837-1de0-46c3-aab0-e870e502cc0e,404-20-3036-11066,Vi,LTE,404,20,3036,11066,21.2128,72.83782,345.2,90.0,332.0,"Plot 150, Near Varachha Main Road, Varachha Main Road, Sarthana, Surat, Gujarat 395006"
d1f3f728-5436-4b2d-9326-eb83c6e79a96,405-867-1041-11067,Jio,LTE,405,867,1041,11067,21.22076,72.8644,98.8,60.0,360.0,"Plot 92, Near Kapodra, Varachha Main Road, Sarthana, Surat, Gujarat 395006"
2e845fe7-9983-476c-a99e-7ca08c0307ba,405-867-1036-11068,Jio,LTE,405,867,1036,11068,21.211,72.88145,0.0,90.0,639.0,"Plot 112, Near Hirabaug Circle, Varachha Main Road, Sarthana, Surat, Gujarat 395006"
6a26e620-3011-41c3-887d-50f422aa368d,405-867-1027-11069,Jio,NR,405,867,1027,11069,21.211,72.88145,120.0,90.0,639.0,"Plot 112, Near Hirabaug Circle, Varachha Main Road, Sarthana, Surat, Gujarat 395006"
bfd28621-651e-4d78-9502-e115b92b76d0,405-867-1043-11070,Jio,NR,405,867,1043,11070,21.211,72.88145,240.0,90.0,639.0,"Plot 112, Near Hirabaug Circle, Varachha Main Road, Sarthana, Surat, Gujarat 395006"
1375555e-800c-45a3-a035-1b5d75dc8970,404-10-2009-11071,Airtel,GSM,404,10,2009,11071,21.22079,72.86802,0.0,90.0,549.0,"Plot 37, Near Varachha Main Road, Varachha Main Road, Sarthana, Surat, Gujarat 395006"
27e1feff-033a-43a5-af69-c3b2aedb0a5c,405-867-1027-11072,Jio,LTE,405,867,1027,11072,21.22079,72.86802,120.0,90.0,549.0,"Plot 37, Near Varachha Main Road, Varachha Main Road, Sarthana, Surat, Gujarat 395006"
e950ad78-94c3-4ed0-9d32-434868099499,404-20-3045-11073,Vi,GSM,404,20,3045,11073,21.22079,72.86802,240.0,90.0,549.0,"Plot 37, Near Varachha Main Road, Varachha Main Road, Sarthana, Surat, Gujarat 395006"
7ed6cbb1-445d-43f8-80e6-6c7b327f65b9,404-20-3015-11074,Vi,LTE,404,20,3015,11074,21.20393,72.85338,0.0,90.0,582.0,"Plot 117, Near Mini Bazar Diamond Market, Varachha Main Road, Sarthana, Surat, Gujarat 395006"
6cd9f67f-e043-496d-8a84-2f319a71cfc4,405-867-1037-11075,Jio,LTE,405,867,1037,11075,21.20393,72.85338,120.0,90.0,582.0,"Plot 117, Near Mini Bazar Diamond Market, Varachha Main Road, Sarthana, Surat, Gujarat 395006"
bb4b161d-6c1e-4c1f-9ec9-49c001add5e6,405-867-1033-11076,Jio,LTE,405,867,1033,11076,21.20393,72.85338,240.0,90.0,582.0,"Plot 117, Near Mini Bazar Diamond Market, Varachha Main Road, Sarthana, Surat, Gujarat 395006"
d3c3220e-d4fe-45c1-83f6-cef35ad5f42c,405-867-1045-11077,Jio,LTE,405,867,1045,11077,21.21486,72.89271,13.3,90.0,394.0,"Plot 94, Near Kapodra, Varachha Main Road, Sarthana, Surat, Gujarat 395006"
2b6155d6-bc1a-4f90-b0c1-6bb7f25324d0,404-10-2016-11078,Airtel,LTE,404,10,2016,11078,21.23827,72.87697,0.0,90.0,340.0,"Plot 72, Near Kapodra, Varachha Main Road, Sarthana, Surat, Gujarat 395006"
5ccca199-2939-4781-8a28-90ae64bf8452,405-867-1043-11079,Jio,LTE,405,867,1043,11079,21.23827,72.87697,120.0,90.0,340.0,"Plot 72, Near Kapodra, Varachha Main Road, Sarthana, Surat, Gujarat 395006"
b22dccd8-1c95-4eb9-a1cc-9fd1349c0d52,405-867-1038-11080,Jio,LTE,405,867,1038,11080,21.23827,72.87697,240.0,90.0,340.0,"Plot 72, Near Kapodra, Varachha Main Road, Sarthana, Surat, Gujarat 395006"
ddafbc5d-0efc-440e-86b9-8b949bc26e0c,405-867-1037-11081,Jio,NR,405,867,1037,11081,21.21542,72.87168,0.0,90.0,540.0,"Plot 137, Near Sarthana Nature Park, Varachha Main Road, Sarthana, Surat, Gujarat 395006"
585b32dc-e475-4af6-9191-5d9995c02f27,404-10-2019-11082,Airtel,LTE,404,10,2019,11082,21.21542,72.87168,120.0,90.0,540.0,"Plot 137, Near Sarthana Nature Park, Varachha Main Road, Sarthana, Surat, Gujarat 395006"
07e61fc4-d7d1-41dd-8ef6-1f769d96a14c,405-867-1039-11083,Jio,LTE,405,867,1039,11083,21.21542,72.87168,240.0,90.0,540.0,"Plot 137, Near Sarthana Nature Park, Varachha Main Road, Sarthana, Surat, Gujarat 395006"
ec70f651-b5eb-4707-8c27-8f0bc55959f6,405-867-1040-11084,Jio,NR,405,867,1040,11084,21.21792,72.84023,165.6,60.0,446.0,"Plot 67, Near Kapodra, Varachha Main Road, Sarthana, Surat, Gujarat 395006"
1da74455-3fe6-459d-b112-f05def0a98ff,404-10-2017-11085,Airtel,LTE,404,10,2017,11085,21.23664,72.86846,274.3,90.0,333.0,"Plot 130, Near Mini Bazar Diamond Market, Varachha Main Road, Sarthana, Surat, Gujarat 395006"
77460b94-316c-40d4-91da-f0c6408e2fbe,404-20-3045-11086,Vi,LTE,404,20,3045,11086,21.22734,72.8659,0.0,90.0,489.0,"Plot 39, Near Mini Bazar Diamond Market, Varachha Main Road, Sarthana, Surat, Gujarat 395006"
816b1239-fb09-4eb0-9767-820f742ef9f1,405-867-1034-11087,Jio,LTE,405,867,1034,11087,21.22734,72.8659,120.0,90.0,489.0,"Plot 39, Near Mini Bazar Diamond Market, Varachha Main Road, Sarthana, Surat, Gujarat 395006"
4c25b8ff-d567-493e-823f-340af4370cc0,404-20-3006-11088,Vi,LTE,404,20,3006,11088,21.22734,72.8659,240.0,90.0,489.0,"Plot 39, Near Mini Bazar Diamond Market, Varachha Main Road, Sarthana, Surat, Gujarat 395006"
25c542ac-a186-4d72-85c7-882922be490c,404-20-3029-11089,Vi,LTE,404,20,3029,11089,21.23849,72.86043,0.0,90.0,511.0,"Plot 127, Near Mini Bazar Diamond Market, Varachha Main Road, Sarthana, Surat, Gujarat 395006"
a330c8ec-7685-403d-a601-e94ec84871e0,404-10-2037-11090,Airtel,LTE,404,10,2037,11090,21.23849,72.86043,120.0,90.0,511.0,"Plot 127, Near Mini Bazar Diamond Market, Varachha Main Road, Sarthana, Surat, Gujarat 395006"
f0b08dfe-25bd-474c-9a14-a145e94cce2f,404-10-2042-11091,Airtel,LTE,404,10,2042,11091,21.23849,72.86043,240.0,90.0,511.0,"Plot 127, Near Mini Bazar Diamond Market, Varachha Main Road, Sarthana, Surat, Gujarat 395006"
5bcd67a2-2fd0-4041-b01e-a3d95ee0ee48,405-867-1035-11092,Jio,LTE,405,867,1035,11092,21.21579,72.89117,0.0,90.0,543.0,"Plot 43, Near Varachha Main Road, Varachha Main Road, Sarthana, Surat, Gujarat 395006"
bec48863-bfe3-4b39-bab8-acde0e554d88,405-867-1025-11093,Jio,LTE,405,867,1025,11093,21.21579,72.89117,120.0,90.0,543.0,"Plot 43, Near Varachha Main Road, Varachha Main Road, Sarthana, Surat, Gujarat 395006"
9c77d025-1967-4383-8ce7-fbef4150b327,405-867-1028-11094,Jio,LTE,405,867,1028,11094,21.21579,72.89117,240.0,90.0,543.0,"Plot 43, Near Varachha Main Road, Varachha Main Road, Sarthana, Surat, Gujarat 395006"
6f54e150-ebd4-48b3-85b8-12f0025b7718,404-10-2035-11095,Airtel,LTE,404,10,2035,11095,21.24396,72.86708,0.0,90.0,571.0,"Plot 98, Near Hirabaug Circle, Varachha Main Road, Sarthana, Surat, Gujarat 395006"
13cbf107-347b-47a8-b476-aeb9a33beb2a,404-10-2028-11096,Airtel,GSM,404,10,2028,11096,21.24396,72.86708,120.0,90.0,571.0,"Plot 98, Near Hirabaug Circle, Varachha Main Road, Sarthana, Surat, Gujarat 395006"
e4b79e71-d108-4803-80d9-e4bce8aef5b1,404-10-2018-11097,Airtel,LTE,404,10,2018,11097,21.24396,72.86708,240.0,90.0,571.0,"Plot 98, Near Hirabaug Circle, Varachha Main Road, Sarthana, Surat, Gujarat 395006"
d5010bff-0f4e-4642-93de-c1626ad1b248,405-867-1016-11098,Jio,LTE,405,867,1016,11098,21.2108,72.87807,0.0,90.0,500.0,"Plot 66, Near Varachha Main Road, Varachha Main Road, Sarthana, Surat, Gujarat 395006"
ed41840b-500b-46a3-a3eb-384341da4bb8,404-10-2013-11099,Airtel,LTE,404,10,2013,11099,21.2108,72.87807,120.0,90.0,500.0,"Plot 66, Near Varachha Main Road, Varachha Main Road, Sarthana, Surat, Gujarat 395006"
2f863bce-b5bd-4b5f-a19a-ce17b30487db,404-10-2012-11100,Airtel,LTE,404,10,2012,11100,21.2108,72.87807,240.0,90.0,500.0,"Plot 66, Near Varachha Main Road, Varachha Main Road, Sarthana, Surat, Gujarat 395006"
e064bd61-1959-4ecd-a097-0e9e4a73582a,405-867-1017-11101,Jio,LTE,405,867,1017,11101,21.2165,72.86882,34.2,60.0,414.0,"Plot 18, Near Varachha Main Road, Varachha Main Road, Sarthana, Surat, Gujarat 395006"
152e7854-9832-41d3-8db2-b6ec6c69462f,404-20-3039-11102,Vi,LTE,404,20,3039,11102,21.21973,72.86997,0.0,90.0,636.0,"Plot 15, Near Varachha Main Road, Varachha Main Road, Sarthana, Surat, Gujarat 395006"
22458473-0241-4f79-ba32-0c80bc91cc94,404-10-2008-11103,Airtel,NR,404,10,2008,11103,21.21973,72.86997,120.0,90.0,636.0,"Plot 15, Near Varachha Main Road, Varachha Main Road, Sarthana, Surat, Gujarat 395006"
6c0d37f2-c69b-4ed5-ac1e-bcdc5a0e1e01,405-867-1025-11104,Jio,LTE,405,867,1025,11104,21.21973,72.86997,240.0,90.0,636.0,"Plot 15, Near Varachha Main Road, Varachha Main Road, Sarthana, Surat, Gujarat 395006"
c8a3ae80-2466-46e5-b97f-372d08003ea4,405-867-1043-11105,Jio,LTE,405,867,1043,11105,21.20377,72.84211,0.0,90.0,656.0,"Plot 48, Near Kapodra, Varachha Main Road, Sarthana, Surat, Gujarat 395006"
18aee41e-01eb-4cea-a900-e8a69501908e,404-20-3018-11106,Vi,LTE,404,20,3018,11106,21.20377,72.84211,120.0,90.0,656.0,"Plot 48, Near Kapodra, Varachha Main Road, Sarthana, Surat, Gujarat 395006"
7c4d4342-3dde-4040-83c9-1386dd676f80,404-20-3043-11107,Vi,LTE,404,20,3043,11107,21.20377,72.84211,240.0,90.0,656.0,"Plot 48, Near Kapodra, Varachha Main Road, Sarthana, Surat, Gujarat 395006"
704cf587-1c8e-47d7-ae4d-d15365aa02fd,405-867-1004-11108,Jio,LTE,405,867,1004,11108,21.21993,72.84847,0.0,90.0,331.0,"Plot 19, Near Mini Bazar Diamond Market, Varachha Main Road, Sarthana, Surat, Gujarat 395006"
8033bd09-0b63-4caa-b12a-533481a5a7b4,405-867-1012-11109,Jio,NR,405,867,1012,11109,21.21993,72.84847,120.0,90.0,331.0,"Plot 19, Near Mini Bazar Diamond Market, Varachha Main Road, Sarthana, Surat, Gujarat 395006"
467bead7-2f9b-46b0-9953-db077ece5fa8,405-867-1013-11110,Jio,LTE,405,867,1013,11110,21.21993,72.84847,240.0,90.0,331.0,"Plot 19, Near Mini Bazar Diamond Market, Varachha Main Road, Sarthana, Surat, Gujarat 395006"
bd68717c-6aac-403e-9aec-23b7ee48bf43,404-20-3007-11111,Vi,LTE,404,20,3007,11111,21.20902,72.857,269.0,60.0,327.0,"Plot 28, Near Hirabaug Circle, Varachha Main Road, Sarthana, Surat, Gujarat 395006"
0be8c8f9-4766-438a-baa5-05f2ced90c50,404-20-3018-11112,Vi,LTE,404,20,3018,11112,21.22545,72.86678,174.2,360.0,300.0,"Plot 115, Near Sarthana Nature Park, Varachha Main Road, Sarthana, Surat, Gujarat 395006"
02c6447d-e2fc-4dae-99eb-6791010e7ff7,405-867-1005-11113,Jio,NR,405,867,1005,11113,21.22709,72.87871,247.7,90.0,422.0,"Plot 148, Near Hirabaug Circle, Varachha Main Road, Sarthana, Surat, Gujarat 395006"
aac9a0dd-14e4-449c-87fd-c8f008682be5,405-867-1004-11114,Jio,LTE,405,867,1004,11114,21.21498,72.86417,0.0,90.0,483.0,"Plot 32, Near Hirabaug Circle, Varachha Main Road, Sarthana, Surat, Gujarat 395006"
ad70f754-2d46-4069-85ea-dbbbdeb40852,404-10-2006-11115,Airtel,GSM,404,10,2006,11115,21.21498,72.86417,120.0,90.0,483.0,"Plot 32, Near Hirabaug Circle, Varachha Main Road, Sarthana, Surat, Gujarat 395006"
d017d92d-525a-47ca-9986-f2858a6f9ef2,405-867-1022-11116,Jio,NR,405,867,1022,11116,21.21498,72.86417,240.0,90.0,483.0,"Plot 32, Near Hirabaug Circle, Varachha Main Road, Sarthana, Surat, Gujarat 395006"
a11ba454-dda3-46a1-a93b-e5a11cedb24d,404-81-4020-11117,BSNL,LTE,404,81,4020,11117,21.23413,72.87457,0.0,90.0,320.0,"Plot 52, Near Sarthana Nature Park, Varachha Main Road, Sarthana, Surat, Gujarat 395006"
d51fd68b-a24f-426c-b0f9-85a52135d373,404-10-2041-11118,Airtel,NR,404,10,2041,11118,21.23413,72.87457,120.0,90.0,320.0,"Plot 52, Near Sarthana Nature Park, Varachha Main Road, Sarthana, Surat, Gujarat 395006"
b21c6484-b058-49de-94d6-2cc6c5f9b85e,404-10-2041-11119,Airtel,LTE,404,10,2041,11119,21.23413,72.87457,240.0,90.0,320.0,"Plot 52, Near Sarthana Nature Park, Varachha Main Road, Sarthana, Surat, Gujarat 395006"
b30a2623-d670-491e-b10d-3dfbfaf0f4ef,405-867-1042-11120,Jio,NR,405,867,1042,11120,21.20689,72.8699,348.7,60.0,425.0,"Plot 50, Near Varachha Main Road, Varachha Main Road, Sarthana, Surat, Gujarat 395006"
f78216a4-5d93-4df9-b13e-e29f4b802341,405-867-1042-11121,Jio,LTE,405,867,1042,11121,21.21096,72.88489,19.6,360.0,310.0,"Plot 5, Near Hirabaug Circle, Varachha Main Road, Sarthana, Surat, Gujarat 395006"
45ff8f68-267c-444d-8a7a-9700a47fab9e,404-20-3010-11122,Vi,LTE,404,20,3010,11122,21.20886,72.84786,0.0,90.0,419.0,"Plot 39, Near Kapodra, Varachha Main Road, Sarthana, Surat, Gujarat 395006"
c64df70b-747c-4fca-b963-c6835bcd041a,405-867-1040-11123,Jio,LTE,405,867,1040,11123,21.20886,72.84786,120.0,90.0,419.0,"Plot 39, Near Kapodra, Varachha Main Road, Sarthana, Surat, Gujarat 395006"
95fdf291-67bc-469e-a394-8d5239ffa1ef,405-867-1009-11124,Jio,LTE,405,867,1009,11124,21.20886,72.84786,240.0,90.0,419.0,"Plot 39, Near Kapodra, Varachha Main Road, Sarthana, Surat, Gujarat 395006"
ca11cf5b-ee22-4d9f-8d18-6a180d0cc86f,404-20-3007-11125,Vi,LTE,404,20,3007,11125,21.23947,72.86708,0.0,90.0,387.0,"Plot 25, Near Sarthana Nature Park, Varachha Main Road, Sarthana, Surat, Gujarat 395006"
7356807d-6e9a-453c-b292-d05c0d1efbb4,405-867-1040-11126,Jio,LTE,405,867,1040,11126,21.23947,72.86708,120.0,90.0,387.0,"Plot 25, Near Sarthana Nature Park, Varachha Main Road, Sarthana, Surat, Gujarat 395006"
c6276118-73c3-49a7-9e43-41778a005e01,405-867-1028-11127,Jio,NR,405,867,1028,11127,21.23947,72.86708,240.0,90.0,387.0,"Plot 25, Near Sarthana Nature Park, Varachha Main Road, Sarthana, Surat, Gujarat 395006"
c31b8aaf-6d0d-4cc7-9838-6ae8899b4ab8,405-867-1014-11128,Jio,NR,405,867,1014,11128,21.2051,72.88764,239.4,360.0,335.0,"Plot 84, Near Hirabaug Circle, Varachha Main Road, Sarthana, Surat, Gujarat 395006"
af0364d5-a302-4e30-baf1-d32f8a3814fa,404-10-2029-11129,Airtel,LTE,404,10,2029,11129,21.21986,72.84269,49.4,90.0,343.0,"Plot 17, Near Sarthana Nature Park, Varachha Main Road, Sarthana, Surat, Gujarat 395006"
ba2868a9-6549-4840-8b56-92b28e76b98e,404-10-2002-11130,Airtel,NR,404,10,2002,11130,21.21883,72.88718,0.0,90.0,623.0,"Plot 26, Near Mini Bazar Diamond Market, Varachha Main Road, Sarthana, Surat, Gujarat 395006"
a912194f-bbef-46b5-b3df-b50f3d8f8612,404-20-3001-11131,Vi,LTE,404,20,3001,11131,21.21883,72.88718,120.0,90.0,623.0,"Plot 26, Near Mini Bazar Diamond Market, Varachha Main Road, Sarthana, Surat, Gujarat 395006"
170630b4-3bfb-474a-b46d-ab82993f544a,405-867-1042-11132,Jio,LTE,405,867,1042,11132,21.21883,72.88718,240.0,90.0,623.0,"Plot 26, Near Mini Bazar Diamond Market, Varachha Main Road, Sarthana, Surat, Gujarat 395006"
220894c4-d86c-4d08-b0c0-51576fbe503e,405-867-1016-11133,Jio,LTE,405,867,1016,11133,21.20588,72.85631,0.0,90.0,627.0,"Plot 33, Near Hirabaug Circle, Varachha Main Road, Sarthana, Surat, Gujarat 395006"
bb4ab16a-2407-4b56-950d-989cfb597dd9,404-20-3003-11134,Vi,LTE,404,20,3003,11134,21.20588,72.85631,120.0,90.0,627.0,"Plot 33, Near Hirabaug Circle, Varachha Main Road, Sarthana, Surat, Gujarat 395006"
f1d7f711-88b2-4761-9894-50459a6f9a9d,404-10-2040-11135,Airtel,NR,404,10,2040,11135,21.20588,72.85631,240.0,90.0,627.0,"Plot 33, Near Hirabaug Circle, Varachha Main Road, Sarthana, Surat, Gujarat 395006"
75a2b5ef-b203-4f23-b9b1-743c38a02c1b,405-867-1034-11136,Jio,LTE,405,867,1034,11136,21.23843,72.85792,0.0,90.0,585.0,"Plot 90, Near Sarthana Nature Park, Varachha Main Road, Sarthana, Surat, Gujarat 395006"
23c7afc3-8b2f-4452-baf1-e45d639e5ac4,404-81-4035-11137,BSNL,LTE,404,81,4035,11137,21.23843,72.85792,120.0,90.0,585.0,"Plot 90, Near Sarthana Nature Park, Varachha Main Road, Sarthana, Surat, Gujarat 395006"
164fdd3a-eb9a-4e52-80c3-748c95772ab2,404-10-2041-11138,Airtel,LTE,404,10,2041,11138,21.23843,72.85792,240.0,90.0,585.0,"Plot 90, Near Sarthana Nature Park, Varachha Main Road, Sarthana, Surat, Gujarat 395006"
9953ad49-b63b-4716-b531-77a950b9d47d,404-20-3032-11139,Vi,GSM,404,20,3032,11139,21.21024,72.852,0.0,90.0,650.0,"Plot 29, Near Mini Bazar Diamond Market, Varachha Main Road, Sarthana, Surat, Gujarat 395006"
912c387c-7f64-46fd-b966-4d2705b32364,405-867-1003-11140,Jio,LTE,405,867,1003,11140,21.21024,72.852,120.0,90.0,650.0,"Plot 29, Near Mini Bazar Diamond Market, Varachha Main Road, Sarthana, Surat, Gujarat 395006"
1f44ad09-3ffc-406b-9516-3ccd3428fe87,405-867-1014-11141,Jio,LTE,405,867,1014,11141,21.21024,72.852,240.0,90.0,650.0,"Plot 29, Near Mini Bazar Diamond Market, Varachha Main Road, Sarthana, Surat, Gujarat 395006"
2542d772-1c4f-4c63-a756-9a5345a684e7,405-867-1033-11142,Jio,LTE,405,867,1033,11142,21.20353,72.87176,18.4,360.0,345.0,"Plot 12, Near Hirabaug Circle, Varachha Main Road, Sarthana, Surat, Gujarat 395006"
2e880f58-a886-4d09-8167-ed80329641a5,404-20-3015-11143,Vi,GSM,404,20,3015,11143,21.23708,72.88329,0.0,90.0,401.0,"Plot 149, Near Hirabaug Circle, Varachha Main Road, Sarthana, Surat, Gujarat 395006"
9e687837-f64b-4574-b804-5bb8a8f0fb67,404-20-3007-11144,Vi,LTE,404,20,3007,11144,21.23708,72.88329,120.0,90.0,401.0,"Plot 149, Near Hirabaug Circle, Varachha Main Road, Sarthana, Surat, Gujarat 395006"
84c54b8b-f8bd-42a5-852d-a9d79533a01f,405-867-1013-11145,Jio,LTE,405,867,1013,11145,21.23708,72.88329,240.0,90.0,401.0,"Plot 149, Near Hirabaug Circle, Varachha Main Road, Sarthana, Surat, Gujarat 395006"
08246641-ac2d-4a85-ae09-5ee2312013ff,405-867-1030-11146,Jio,NR,405,867,1030,11146,21.20883,72.87477,0.0,90.0,523.0,"Plot 150, Near Hirabaug Circle, Varachha Main Road, Sarthana, Surat, Gujarat 395006"
0da40315-1564-43a5-887a-d4deac849b9e,405-867-1030-11147,Jio,LTE,405,867,1030,11147,21.20883,72.87477,120.0,90.0,523.0,"Plot 150, Near Hirabaug Circle, Varachha Main Road, Sarthana, Surat, Gujarat 395006"
09b6f089-7084-411c-a786-e1d00662a54a,404-10-2018-11148,Airtel,LTE,404,10,2018,11148,21.20883,72.87477,240.0,90.0,523.0,"Plot 150, Near Hirabaug Circle, Varachha Main Road, Sarthana, Surat, Gujarat 395006"
16262bab-10d0-4751-813e-23040790d86d,404-20-3011-11149,Vi,LTE,404,20,3011,11149,21.22095,72.87521,0.0,90.0,356.0,"Plot 16, Near Kapodra, Varachha Main Road, Sarthana, Surat, Gujarat 395006"
c33a682e-e31f-486e-a238-67d6a2a25c4e,404-20-3019-11150,Vi,LTE,404,20,3019,11150,21.22095,72.87521,120.0,90.0,356.0,"Plot 16, Near Kapodra, Varachha Main Road, Sarthana, Surat, Gujarat 395006"
3069c40d-4609-42a6-bbc2-737b1cd06488,404-10-2041-11151,Airtel,NR,404,10,2041,11151,21.22095,72.87521,240.0,90.0,356.0,"Plot 16, Near Kapodra, Varachha Main Road, Sarthana, Surat, Gujarat 395006"
5f305f8a-a258-4dfd-9467-05bac647ea3b,405-867-1014-11152,Jio,LTE,405,867,1014,11152,21.24261,72.85693,0.0,90.0,344.0,"Plot 142, Near Kapodra, Varachha Main Road, Sarthana, Surat, Gujarat 395006"
136501ab-42f7-4d34-af3c-f4810fc687a0,404-10-2018-11153,Airtel,NR,404,10,2018,11153,21.24261,72.85693,120.0,90.0,344.0,"Plot 142, Near Kapodra, Varachha Main Road, Sarthana, Surat, Gujarat 395006"
19a34b7f-3e6a-4485-89ee-d03927479710,405-867-1016-11154,Jio,LTE,405,867,1016,11154,21.24261,72.85693,240.0,90.0,344.0,"Plot 142, Near Kapodra, Varachha Main Road, Sarthana, Surat, Gujarat 395006"
4d0552ec-526b-48aa-a1a5-5cf879d383a4,405-867-1031-11155,Jio,LTE,405,867,1031,11155,21.21824,72.88423,0.0,90.0,302.0,"Plot 39, Near Mini Bazar Diamond Market, Varachha Main Road, Sarthana, Surat, Gujarat 395006"
537eca0f-393b-49ce-b9aa-d83c91dbae1e,404-10-2028-11156,Airtel,LTE,404,10,2028,11156,21.21824,72.88423,120.0,90.0,302.0,"Plot 39, Near Mini Bazar Diamond Market, Varachha Main Road, Sarthana, Surat, Gujarat 395006"
bb63dbd9-faa9-4b4f-ac1b-f549239fb956,404-10-2045-11157,Airtel,LTE,404,10,2045,11157,21.21824,72.88423,240.0,90.0,302.0,"Plot 39, Near Mini Bazar Diamond Market, Varachha Main Road, Sarthana, Surat, Gujarat 395006"
f7dbeeee-8eee-487c-b86f-9460a1bc847f,404-10-2014-11158,Airtel,LTE,404,10,2014,11158,21.22592,72.84732,0.0,90.0,306.0,"Plot 22, Near Mini Bazar Diamond Market, Varachha Main Road, Sarthana, Surat, Gujarat 395006"
211b0d39-02ca-4d01-be37-71cc0c0f78b3,405-867-1042-11159,Jio,LTE,405,867,1042,11159,21.22592,72.84732,120.0,90.0,306.0,"Plot 22, Near Mini Bazar Diamond Market, Varachha Main Road, Sarthana, Surat, Gujarat 395006"
e625d994-784a-49ec-9551-0d5cf3f5c271,404-81-4043-11160,BSNL,GSM,404,81,4043,11160,21.22592,72.84732,240.0,90.0,306.0,"Plot 22, Near Mini Bazar Diamond Market, Varachha Main Road, Sarthana, Surat, Gujarat 395006"
204626fb-5d23-48b5-8335-fc108d3a5868,405-867-1041-11161,Jio,NR,405,867,1041,11161,21.21033,72.88793,159.2,60.0,403.0,"Plot 150, Near Kapodra, Varachha Main Road, Sarthana, Surat, Gujarat 395006"
548c7e9c-78ac-42ac-b2af-c54b6ff64b2f,404-10-2018-11162,Airtel,LTE,404,10,2018,11162,21.19697,72.87015,0.0,90.0,470.0,"Plot 99, Near Varachha Main Road, Varachha Main Road, Sarthana, Surat, Gujarat 395006"
7b2670c4-faec-4aef-a28f-be676db50617,404-10-2037-11163,Airtel,LTE,404,10,2037,11163,21.19697,72.87015,120.0,90.0,470.0,"Plot 99, Near Varachha Main Road, Varachha Main Road, Sarthana, Surat, Gujarat 395006"
3d3bcb94-f3a1-4ec8-a22e-77d1b4abe2dc,404-20-3006-11164,Vi,GSM,404,20,3006,11164,21.19697,72.87015,240.0,90.0,470.0,"Plot 99, Near Varachha Main Road, Varachha Main Road, Sarthana, Surat, Gujarat 395006"
bef26855-e42b-4d11-99e0-638982ccb670,405-867-1025-11165,Jio,LTE,405,867,1025,11165,21.2065,72.85335,0.0,90.0,645.0,"Plot 132, Near Varachha Main Road, Varachha Main Road, Sarthana, Surat, Gujarat 395006"
a63cbaf4-247c-4c72-9e1c-06b6222d00cc,405-867-1024-11166,Jio,LTE,405,867,1024,11166,21.2065,72.85335,120.0,90.0,645.0,"Plot 132, Near Varachha Main Road, Varachha Main Road, Sarthana, Surat, Gujarat 395006"
d097a7ce-f329-4068-b921-8a2c5986f618,405-867-1005-11167,Jio,LTE,405,867,1005,11167,21.2065,72.85335,240.0,90.0,645.0,"Plot 132, Near Varachha Main Road, Varachha Main Road, Sarthana, Surat, Gujarat 395006"
a8f2d72f-125b-4d9e-80e6-b91de40e37d6,404-10-2038-11168,Airtel,NR,404,10,2038,11168,21.19591,72.85549,0.0,90.0,358.0,"Plot 86, Near Mini Bazar Diamond Market, Varachha Main Road, Sarthana, Surat, Gujarat 395006"
c305ceac-00ac-4bfb-93d2-9e31c3a5f824,404-20-3015-11169,Vi,LTE,404,20,3015,11169,21.19591,72.85549,120.0,90.0,358.0,"Plot 86, Near Mini Bazar Diamond Market, Varachha Main Road, Sarthana, Surat, Gujarat 395006"
ec16671c-c107-4e5b-a135-80ee5bd6b4ac,405-867-1033-11170,Jio,NR,405,867,1033,11170,21.19591,72.85549,240.0,90.0,358.0,"Plot 86, Near Mini Bazar Diamond Market, Varachha Main Road, Sarthana, Surat, Gujarat 395006"
c968c418-3327-406c-a266-9dbf536d7831,404-10-2031-11171,Airtel,NR,404,10,2031,11171,21.21188,72.851,0.0,90.0,548.0,"Plot 96, Near Varachha Main Road, Varachha Main Road, Sarthana, Surat, Gujarat 395006"
9d7add15-0c19-493c-b3c9-483a65b77882,404-10-2035-11172,Airtel,LTE,404,10,2035,11172,21.21188,72.851,120.0,90.0,548.0,"Plot 96, Near Varachha Main Road, Varachha Main Road, Sarthana, Surat, Gujarat 395006"
1886aacc-dc99-4286-99ec-0c0d09e4d2b6,404-20-3024-11173,Vi,LTE,404,20,3024,11173,21.21188,72.851,240.0,90.0,548.0,"Plot 96, Near Varachha Main Road, Varachha Main Road, Sarthana, Surat, Gujarat 395006"
2a4b7d8d-ed08-46d9-b4e2-6ddd50f00f91,405-867-1012-11174,Jio,LTE,405,867,1012,11174,21.22611,72.83818,0.0,90.0,534.0,"Plot 49, Near Varachha Main Road, Varachha Main Road, Sarthana, Surat, Gujarat 395006"
8b0b3940-e7bb-4fa2-8e9f-b5d2d69fbba1,405-867-1007-11175,Jio,NR,405,867,1007,11175,21.22611,72.83818,120.0,90.0,534.0,"Plot 49, Near Varachha Main Road, Varachha Main Road, Sarthana, Surat, Gujarat 395006"
d6809fd1-7cfe-4486-aba6-6e5cf3eed228,405-867-1010-11176,Jio,LTE,405,867,1010,11176,21.22611,72.83818,240.0,90.0,534.0,"Plot 49, Near Varachha Main Road, Varachha Main Road, Sarthana, Surat, Gujarat 395006"
b3dd62d2-beb5-433a-94cf-99f82464f554,404-10-2023-11177,Airtel,LTE,404,10,2023,11177,21.19271,72.86563,0.0,90.0,649.0,"Plot 6, Near Kapodra, Varachha Main Road, Sarthana, Surat, Gujarat 395006"
8b6cbbdc-0176-40cc-aa89-e648058e2242,405-867-1002-11178,Jio,LTE,405,867,1002,11178,21.19271,72.86563,120.0,90.0,649.0,"Plot 6, Near Kapodra, Varachha Main Road, Sarthana, Surat, Gujarat 395006"
225442ad-6eb9-411d-8694-800614cfd179,405-867-1015-11179,Jio,LTE,405,867,1015,11179,21.19271,72.86563,240.0,90.0,649.0,"Plot 6, Near Kapodra, Varachha Main Road, Sarthana, Surat, Gujarat 395006"
79583c60-39df-4b10-b4be-6fd7db170324,404-10-2038-11180,Airtel,LTE,404,10,2038,11180,21.22796,72.84692,0.0,90.0,635.0,"Plot 106, Near Sarthana Nature Park, Varachha Main Road, Sarthana, Surat, Gujarat 395006"
3f559e72-6a13-4679-b5f3-ed12ee77826b,404-10-2036-11181,Airtel,LTE,404,10,2036,11181,21.22796,72.84692,120.0,90.0,635.0,"Plot 106, Near Sarthana Nature Park, Varachha Main Road, Sarthana, Surat, Gujarat 395006"
94068f65-b59b-4cc3-ab68-b64d952f05d1,405-867-1009-11182,Jio,LTE,405,867,1009,11182,21.22796,72.84692,240.0,90.0,635.0,"Plot 106, Near Sarthana Nature Park, Varachha Main Road, Sarthana, Surat, Gujarat 395006"
e8b28c53-832d-4601-9b37-83a6ca6732e8,404-20-3023-11183,Vi,LTE,404,20,3023,11183,21.23014,72.85532,0.0,90.0,447.0,"Plot 59, Near Sarthana Nature Park, Varachha Main Road, Sarthana, Surat, Gujarat 395006"
13d33b60-d33d-4563-94e9-1648ec3980c1,405-867-1040-11184,Jio,NR,405,867,1040,11184,21.23014,72.85532,120.0,90.0,447.0,"Plot 59, Near Sarthana Nature Park, Varachha Main Road, Sarthana, Surat, Gujarat 395006"
056f5c67-b83b-4084-a481-4a7210029865,404-20-3019-11185,Vi,LTE,404,20,3019,11185,21.23014,72.85532,240.0,90.0,447.0,"Plot 59, Near Sarthana Nature Park, Varachha Main Road, Sarthana, Surat, Gujarat 395006"
c8c7353b-a7a7-4809-98cc-5891335341b2,404-81-4029-11186,BSNL,LTE,404,81,4029,11186,21.22278,72.87632,0.0,90.0,321.0,"Plot 42, Near Mini Bazar Diamond Market, Varachha Main Road, Sarthana, Surat, Gujarat 395006"
0af992bf-0130-442f-aa32-dd8fa215df37,405-867-1036-11187,Jio,LTE,405,867,1036,11187,21.22278,72.87632,120.0,90.0,321.0,"Plot 42, Near Mini Bazar Diamond Market, Varachha Main Road, Sarthana, Surat, Gujarat 395006"
9d98c2de-da04-4b66-aadc-7b65e106ce73,404-10-2023-11188,Airtel,LTE,404,10,2023,11188,21.22278,72.87632,240.0,90.0,321.0,"Plot 42, Near Mini Bazar Diamond Market, Varachha Main Road, Sarthana, Surat, Gujarat 395006"
bd9af585-0099-4b91-af8e-f94d3c17b8e5,405-867-1010-11189,Jio,LTE,405,867,1010,11189,21.22889,72.88065,0.0,90.0,312.0,"Plot 137, Near Mini Bazar Diamond Market, Varachha Main Road, Sarthana, Surat, Gujarat 395006"
ecf036fc-61db-4fef-b826-3fd042376775,404-81-4010-11190,BSNL,LTE,404,81,4010,11190,21.22889,72.88065,120.0,90.0,312.0,"Plot 137, Near Mini Bazar Diamond Market, Varachha Main Road, Sarthana, Surat, Gujarat 395006"
fc058b7c-4436-4f95-be00-a7421439fb2d,405-867-1033-11191,Jio,LTE,405,867,1033,11191,21.22889,72.88065,240.0,90.0,312.0,"Plot 137, Near Mini Bazar Diamond Market, Varachha Main Road, Sarthana, Surat, Gujarat 395006"
7368114b-9b2a-4eea-ac67-09a93be44439,404-81-4010-11192,BSNL,LTE,404,81,4010,11192,21.20688,72.88629,0.0,90.0,686.0,"Plot 75, Near Hirabaug Circle, Varachha Main Road, Sarthana, Surat, Gujarat 395006"
62db4fa5-b5a6-43cf-a22c-b8d6ec047376,404-20-3029-11193,Vi,LTE,404,20,3029,11193,21.20688,72.88629,120.0,90.0,686.0,"Plot 75, Near Hirabaug Circle, Varachha Main Road, Sarthana, Surat, Gujarat 395006"
9002dc0a-5b25-4d0f-b067-c3793934cfb9,405-867-1031-11194,Jio,LTE,405,867,1031,11194,21.20688,72.88629,240.0,90.0,686.0,"Plot 75, Near Hirabaug Circle, Varachha Main Road, Sarthana, Surat, Gujarat 395006"
c54a77dd-f86d-4362-a6e0-32c2fd1d5c59,404-10-2023-11195,Airtel,LTE,404,10,2023,11195,21.22642,72.85845,0.0,90.0,505.0,"Plot 30, Near Kapodra, Varachha Main Road, Sarthana, Surat, Gujarat 395006"
f74637d7-eebe-40ec-9df7-48709f3b5cdc,405-867-1042-11196,Jio,LTE,405,867,1042,11196,21.22642,72.85845,120.0,90.0,505.0,"Plot 30, Near Kapodra, Varachha Main Road, Sarthana, Surat, Gujarat 395006"
cc717d0b-e729-4315-a891-503ca3f4ebba,405-867-1018-11197,Jio,LTE,405,867,1018,11197,21.22642,72.85845,240.0,90.0,505.0,"Plot 30, Near Kapodra, Varachha Main Road, Sarthana, Surat, Gujarat 395006"
0772a6bb-27f0-45e5-89d0-25559a693973,405-867-1039-11198,Jio,LTE,405,867,1039,11198,21.22075,72.87332,0.0,90.0,501.0,"Plot 23, Near Hirabaug Circle, Varachha Main Road, Sarthana, Surat, Gujarat 395006"
6d708b41-83e0-4e5a-beed-54d8b74e4246,404-10-2043-11199,Airtel,LTE,404,10,2043,11199,21.22075,72.87332,120.0,90.0,501.0,"Plot 23, Near Hirabaug Circle, Varachha Main Road, Sarthana, Surat, Gujarat 395006"
3e29ab98-863c-46f2-9c41-59b39cdae0fb,405-867-1028-11200,Jio,LTE,405,867,1028,11200,21.22075,72.87332,240.0,90.0,501.0,"Plot 23, Near Hirabaug Circle, Varachha Main Road, Sarthana, Surat, Gujarat 395006"
b13b3b38-1a14-43cf-9ddc-190cc79d132d,404-20-3029-11201,Vi,LTE,404,20,3029,11201,21.20664,72.87804,0.0,90.0,528.0,"Plot 89, Near Sarthana Nature Park, Varachha Main Road, Sarthana, Surat, Gujarat 395006"
339f4da5-430a-4bfd-a92e-46187d13b073,404-20-3029-11202,Vi,LTE,404,20,3029,11202,21.20664,72.87804,120.0,90.0,528.0,"Plot 89, Near Sarthana Nature Park, Varachha Main Road, Sarthana, Surat, Gujarat 395006"
62f6e69a-848a-4c71-b11c-5976117d21de,405-867-1028-11203,Jio,NR,405,867,1028,11203,21.20664,72.87804,240.0,90.0,528.0,"Plot 89, Near Sarthana Nature Park, Varachha Main Road, Sarthana, Surat, Gujarat 395006"
c46f71de-41c4-412c-b56a-97418346549c,405-867-1025-11204,Jio,NR,405,867,1025,11204,21.21565,72.84638,106.1,360.0,385.0,"Plot 23, Near Kapodra, Varachha Main Road, Sarthana, Surat, Gujarat 395006"
55b21edb-88b0-46ca-bdb1-bede35532691,404-10-2009-11205,Airtel,NR,404,10,2009,11205,21.2328,72.87486,0.0,90.0,536.0,"Plot 107, Near Sarthana Nature Park, Varachha Main Road, Sarthana, Surat, Gujarat 395006"
7e388409-abc1-4ed6-ac46-836281defea4,405-867-1019-11206,Jio,NR,405,867,1019,11206,21.2328,72.87486,120.0,90.0,536.0,"Plot 107, Near Sarthana Nature Park, Varachha Main Road, Sarthana, Surat, Gujarat 395006"
9c967ac1-4e46-44c9-80d0-3af3d6699603,404-10-2020-11207,Airtel,LTE,404,10,2020,11207,21.2328,72.87486,240.0,90.0,536.0,"Plot 107, Near Sarthana Nature Park, Varachha Main Road, Sarthana, Surat, Gujarat 395006"
78ce8306-d0f7-450f-ad09-bea296454c51,405-867-1041-11208,Jio,LTE,405,867,1041,11208,21.22564,72.85106,0.0,90.0,301.0,"Plot 119, Near Kapodra, Varachha Main Road, Sarthana, Surat, Gujarat 395006"
a782f3b2-d7ae-46ff-b0c4-43d3d78fd5f9,404-20-3042-11209,Vi,LTE,404,20,3042,11209,21.22564,72.85106,120.0,90.0,301.0,"Plot 119, Near Kapodra, Varachha Main Road, Sarthana, Surat, Gujarat 395006"
a43f5d79-7258-4d41-b245-af8654568dda,404-10-2012-11210,Airtel,LTE,404,10,2012,11210,21.22564,72.85106,240.0,90.0,301.0,"Plot 119, Near Kapodra, Varachha Main Road, Sarthana, Surat, Gujarat 395006"
b30c8a8b-68e5-4ca1-a07b-dfbf1c90ecd2,404-10-2017-11211,Airtel,LTE,404,10,2017,11211,21.19556,72.86623,97.0,60.0,392.0,"Plot 8, Near Mini Bazar Diamond Market, Varachha Main Road, Sarthana, Surat, Gujarat 395006"
1e8e4078-791f-4dfa-934a-6341ed9702e5,405-867-1038-11212,Jio,LTE,405,867,1038,11212,21.20499,72.85051,0.0,90.0,594.0,"Plot 96, Near Varachha Main Road, Varachha Main Road, Sarthana, Surat, Gujarat 395006"
b401f53d-2917-42ce-8ef7-676f9b607c21,405-867-1045-11213,Jio,LTE,405,867,1045,11213,21.20499,72.85051,120.0,90.0,594.0,"Plot 96, Near Varachha Main Road, Varachha Main Road, Sarthana, Surat, Gujarat 395006"
ad7eafd4-d0ef-48f0-a98d-676792587963,405-867-1018-11214,Jio,LTE,405,867,1018,11214,21.20499,72.85051,240.0,90.0,594.0,"Plot 96, Near Varachha Main Road, Varachha Main Road, Sarthana, Surat, Gujarat 395006"
7dfe43f2-d900-4a67-92a7-cc54ff34f8b4,404-10-2013-11215,Airtel,LTE,404,10,2013,11215,21.2041,72.88276,0.0,90.0,571.0,"Plot 13, Near Sarthana Nature Park, Varachha Main Road, Sarthana, Surat, Gujarat 395006"
839d9989-95fa-4291-9582-eccbb72c1988,404-20-3007-11216,Vi,LTE,404,20,3007,11216,21.2041,72.88276,120.0,90.0,571.0,"Plot 13, Near Sarthana Nature Park, Varachha Main Road, Sarthana, Surat, Gujarat 395006"
8eec6a0b-cc57-4532-9e1f-4d4c98863063,404-10-2021-11217,Airtel,LTE,404,10,2021,11217,21.2041,72.88276,240.0,90.0,571.0,"Plot 13, Near Sarthana Nature Park, Varachha Main Road, Sarthana, Surat, Gujarat 395006"
020c238d-e84d-4efd-8d01-02dfcfc3554c,405-867-1023-11218,Jio,LTE,405,867,1023,11218,21.23511,72.84604,0.0,90.0,652.0,"Plot 70, Near Sarthana Nature Park, Varachha Main Road, Sarthana, Surat, Gujarat 395006"
6160749b-ee0d-4769-a70d-00e241e625e6,404-20-3034-11219,Vi,LTE,404,20,3034,11219,21.23511,72.84604,120.0,90.0,652.0,"Plot 70, Near Sarthana Nature Park, Varachha Main Road, Sarthana, Surat, Gujarat 395006"
945698d6-50e5-45ed-8358-c66e175ec004,405-867-1027-11220,Jio,NR,405,867,1027,11220,21.23511,72.84604,240.0,90.0,652.0,"Plot 70, Near Sarthana Nature Park, Varachha Main Road, Sarthana, Surat, Gujarat 395006"
6a0aa39a-d07a-477f-969f-f62403317163,404-20-3036-11221,Vi,GSM,404,20,3036,11221,21.20413,72.88834,0.0,90.0,413.0,"Plot 56, Near Varachha Main Road, Varachha Main Road, Sarthana, Surat, Gujarat 395006"
b96f0728-9c86-4b56-b214-75f9fb65a906,404-10-2034-11222,Airtel,NR,404,10,2034,11222,21.20413,72.88834,120.0,90.0,413.0,"Plot 56, Near Varachha Main Road, Varachha Main Road, Sarthana, Surat, Gujarat 395006"
557ad784-1636-48d7-bd6c-6ff8c076955d,404-20-3045-11223,Vi,LTE,404,20,3045,11223,21.20413,72.88834,240.0,90.0,413.0,"Plot 56, Near Varachha Main Road, Varachha Main Road, Sarthana, Surat, Gujarat 395006"
d17b5802-6604-48dd-8e24-bc8eb9290ee3,405-867-1009-11224,Jio,LTE,405,867,1009,11224,21.21838,72.85485,45.9,60.0,422.0,"Plot 20, Near Hirabaug Circle, Varachha Main Road, Sarthana, Surat, Gujarat 395006"
25c0ee69-6712-4e16-9b3e-2dac9dc661a6,405-867-1008-11225,Jio,LTE,405,867,1008,11225,21.22843,72.84003,0.0,90.0,475.0,"Plot 134, Near Kapodra, Varachha Main Road, Sarthana, Surat, Gujarat 395006"
66bf5c70-cf58-478e-98bc-c63b8c44d156,405-867-1010-11226,Jio,NR,405,867,1010,11226,21.22843,72.84003,120.0,90.0,475.0,"Plot 134, Near Kapodra, Varachha Main Road, Sarthana, Surat, Gujarat 395006"
5627c369-ee94-4cfc-a679-9fe1afc80115,404-10-2014-11227,Airtel,LTE,404,10,2014,11227,21.22843,72.84003,240.0,90.0,475.0,"Plot 134, Near Kapodra, Varachha Main Road, Sarthana, Surat, Gujarat 395006"
32de04c0-7391-4f0a-aaff-326778380ec7,405-867-1043-11228,Jio,LTE,405,867,1043,11228,21.22347,72.87127,169.5,90.0,310.0,"Plot 20, Near Varachha Main Road, Varachha Main Road, Sarthana, Surat, Gujarat 395006"
a449e4e5-410d-41f1-a7eb-d5334f8ba551,404-20-3014-11229,Vi,GSM,404,20,3014,11229,21.21094,72.86436,105.6,60.0,324.0,"Plot 65, Near Varachha Main Road, Varachha Main Road, Sarthana, Surat, Gujarat 395006"
38b02390-7c98-4df3-855b-bf0101f0abc4,405-867-1033-11230,Jio,LTE,405,867,1033,11230,21.21624,72.82224,296.1,90.0,448.0,"Plot 8, Near Dabholi Road, Katargam, Singanpor, Surat, Gujarat 395004"
1f09185b-28e6-42d7-b747-14f592ce52d8,405-867-1019-11231,Jio,LTE,405,867,1019,11231,21.2284,72.80938,286.9,60.0,435.0,"Plot 146, Near Laxmi Enclave, Katargam, Singanpor, Surat, Gujarat 395004"
02485b89-57ff-4e5d-a56c-2222b44d26c5,404-20-3045-11232,Vi,LTE,404,20,3045,11232,21.23425,72.84653,0.0,90.0,558.0,"Plot 26, Near Katargam Darwaja, Katargam, Singanpor, Surat, Gujarat 395004"
1380a50f-43e4-47fe-be27-e31e13203a4a,404-10-2007-11233,Airtel,LTE,404,10,2007,11233,21.23425,72.84653,120.0,90.0,558.0,"Plot 26, Near Katargam Darwaja, Katargam, Singanpor, Surat, Gujarat 395004"
2d548cdc-fb6d-41db-a358-fcfcb2609803,405-867-1025-11234,Jio,LTE,405,867,1025,11234,21.23425,72.84653,240.0,90.0,558.0,"Plot 26, Near Katargam Darwaja, Katargam, Singanpor, Surat, Gujarat 395004"
bd9735ff-3e15-489a-913c-3e88fe95fc4e,405-867-1009-11235,Jio,LTE,405,867,1009,11235,21.21058,72.83599,0.0,90.0,460.0,"Plot 29, Near Singanpor, Katargam, Singanpor, Surat, Gujarat 395004"
561fc283-942e-4062-8667-29f01e67bc77,405-867-1019-11236,Jio,LTE,405,867,1019,11236,21.21058,72.83599,120.0,90.0,460.0,"Plot 29, Near Singanpor, Katargam, Singanpor, Surat, Gujarat 395004"
6ec87399-2c96-4263-9faf-8265a4a5e746,404-10-2021-11237,Airtel,LTE,404,10,2021,11237,21.21058,72.83599,240.0,90.0,460.0,"Plot 29, Near Singanpor, Katargam, Singanpor, Surat, Gujarat 395004"
d36ee7e1-910f-435f-95c7-82db1ddd729e,405-867-1028-11238,Jio,LTE,405,867,1028,11238,21.21093,72.8286,0.0,90.0,527.0,"Plot 80, Near Singanpor, Katargam, Singanpor, Surat, Gujarat 395004"
4e9b7db7-374d-4aa3-bf2a-f173ca677844,405-867-1031-11239,Jio,LTE,405,867,1031,11239,21.21093,72.8286,120.0,90.0,527.0,"Plot 80, Near Singanpor, Katargam, Singanpor, Surat, Gujarat 395004"
8e973f7d-0b44-4b65-b76b-059f32a12bad,404-20-3001-11240,Vi,LTE,404,20,3001,11240,21.21093,72.8286,240.0,90.0,527.0,"Plot 80, Near Singanpor, Katargam, Singanpor, Surat, Gujarat 395004"
baf67cc7-d817-4522-8333-21d43ac07c9c,404-10-2026-11241,Airtel,LTE,404,10,2026,11241,21.24087,72.82786,0.0,90.0,637.0,"Plot 102, Near Katargam Darwaja, Katargam, Singanpor, Surat, Gujarat 395004"
89344d50-a790-4aee-b3af-0f9dde8206bb,405-867-1007-11242,Jio,LTE,405,867,1007,11242,21.24087,72.82786,120.0,90.0,637.0,"Plot 102, Near Katargam Darwaja, Katargam, Singanpor, Surat, Gujarat 395004"
95c0b55d-6bc0-4526-87b4-a414eadd6099,404-20-3011-11243,Vi,GSM,404,20,3011,11243,21.24087,72.82786,240.0,90.0,637.0,"Plot 102, Near Katargam Darwaja, Katargam, Singanpor, Surat, Gujarat 395004"
8f8525bb-d42d-4547-a29c-ac15653f8d14,405-867-1032-11244,Jio,NR,405,867,1032,11244,21.24543,72.83744,0.0,90.0,506.0,"Plot 52, Near Dabholi Road, Katargam, Singanpor, Surat, Gujarat 395004"
b5e645f8-26d1-4a24-b384-1094b62362af,405-867-1038-11245,Jio,LTE,405,867,1038,11245,21.24543,72.83744,120.0,90.0,506.0,"Plot 52, Near Dabholi Road, Katargam, Singanpor, Surat, Gujarat 395004"
5335fd01-34d3-4012-ae99-7b4734340c76,404-10-2042-11246,Airtel,NR,404,10,2042,11246,21.24543,72.83744,240.0,90.0,506.0,"Plot 52, Near Dabholi Road, Katargam, Singanpor, Surat, Gujarat 395004"
bb7040af-a719-4825-bf7f-7209a45ce638,405-867-1007-11247,Jio,NR,405,867,1007,11247,21.23771,72.82292,0.0,90.0,561.0,"Plot 104, Near Laxmi Enclave, Katargam, Singanpor, Surat, Gujarat 395004"
78e16483-c401-498a-80f6-dea2910ce80b,405-867-1015-11248,Jio,LTE,405,867,1015,11248,21.23771,72.82292,120.0,90.0,561.0,"Plot 104, Near Laxmi Enclave, Katargam, Singanpor, Surat, Gujarat 395004"
37df64cd-dd29-4e3e-8bdb-92cc5eccf8d7,404-10-2007-11249,Airtel,LTE,404,10,2007,11249,21.23771,72.82292,240.0,90.0,561.0,"Plot 104, Near Laxmi Enclave, Katargam, Singanpor, Surat, Gujarat 395004"
fb4955a9-636c-4b07-8121-0fe6516239c2,404-10-2020-11250,Airtel,LTE,404,10,2020,11250,21.22343,72.80603,0.0,90.0,495.0,"Plot 7, Near Singanpor, Katargam, Singanpor, Surat, Gujarat 395004"
1d36aa01-f80e-4b42-95b3-0a8ef3407690,404-10-2005-11251,Airtel,LTE,404,10,2005,11251,21.22343,72.80603,120.0,90.0,495.0,"Plot 7, Near Singanpor, Katargam, Singanpor, Surat, Gujarat 395004"
2e49d681-f106-4948-80d0-7fc5b5e21c5e,404-10-2032-11252,Airtel,LTE,404,10,2032,11252,21.22343,72.80603,240.0,90.0,495.0,"Plot 7, Near Singanpor, Katargam, Singanpor, Surat, Gujarat 395004"
097dd4f3-20fc-460c-ad42-17771cc6e98c,405-867-1035-11253,Jio,NR,405,867,1035,11253,21.22774,72.81733,0.0,90.0,577.0,"Plot 126, Near Singanpor, Katargam, Singanpor, Surat, Gujarat 395004"
4ad804e8-f96d-46a0-8dae-545bb01f7344,405-867-1028-11254,Jio,NR,405,867,1028,11254,21.22774,72.81733,120.0,90.0,577.0,"Plot 126, Near Singanpor, Katargam, Singanpor, Surat, Gujarat 395004"
209c1a89-09ac-4601-b9eb-157432a2c817,404-20-3029-11255,Vi,LTE,404,20,3029,11255,21.22774,72.81733,240.0,90.0,577.0,"Plot 126, Near Singanpor, Katargam, Singanpor, Surat, Gujarat 395004"
e226cbe3-fbd1-44e8-a845-457d03f0fec4,405-867-1025-11256,Jio,LTE,405,867,1025,11256,21.2195,72.84173,194.8,90.0,342.0,"Plot 10, Near Singanpor, Katargam, Singanpor, Surat, Gujarat 395004"
4ca11a52-daf1-4f10-97d3-40ee8652a4b7,405-867-1011-11257,Jio,LTE,405,867,1011,11257,21.21728,72.82865,0.0,90.0,592.0,"Plot 142, Near Singanpor, Katargam, Singanpor, Surat, Gujarat 395004"
a8268b31-a5c4-41b8-845d-e821e4aa42bd,404-10-2032-11258,Airtel,LTE,404,10,2032,11258,21.21728,72.82865,120.0,90.0,592.0,"Plot 142, Near Singanpor, Katargam, Singanpor, Surat, Gujarat 395004"
b0ca265e-60f3-4bd7-adaf-af7d96dc8870,404-10-2044-11259,Airtel,LTE,404,10,2044,11259,21.21728,72.82865,240.0,90.0,592.0,"Plot 142, Near Singanpor, Katargam, Singanpor, Surat, Gujarat 395004"
4ce38dbd-adec-4643-a5f6-70e752760807,404-20-3041-11260,Vi,LTE,404,20,3041,11260,21.2116,72.84708,15.8,90.0,389.0,"Plot 16, Near Dabholi Road, Katargam, Singanpor, Surat, Gujarat 395004"
9e6d2ae2-d1a9-4fd1-8c1b-a22b3ee7a41a,404-10-2042-11261,Airtel,LTE,404,10,2042,11261,21.22102,72.83462,0.0,90.0,328.0,"Plot 92, Near Dabholi Road, Katargam, Singanpor, Surat, Gujarat 395004"
6a20ca53-aab5-4004-afbf-a33e5d11802d,405-867-1045-11262,Jio,LTE,405,867,1045,11262,21.22102,72.83462,120.0,90.0,328.0,"Plot 92, Near Dabholi Road, Katargam, Singanpor, Surat, Gujarat 395004"
e1f97b98-39ed-43b9-93f6-18d45c8a0624,405-867-1022-11263,Jio,LTE,405,867,1022,11263,21.22102,72.83462,240.0,90.0,328.0,"Plot 92, Near Dabholi Road, Katargam, Singanpor, Surat, Gujarat 395004"
3961c385-d947-4e0d-b2fe-b1d053109801,404-10-2018-11264,Airtel,GSM,404,10,2018,11264,21.23302,72.84359,0.0,90.0,516.0,"Plot 118, Near Katargam Darwaja, Katargam, Singanpor, Surat, Gujarat 395004"
d09f3db1-fd48-440f-824a-d519d6580da8,405-867-1002-11265,Jio,LTE,405,867,1002,11265,21.23302,72.84359,120.0,90.0,516.0,"Plot 118, Near Katargam Darwaja, Katargam, Singanpor, Surat, Gujarat 395004"
6abab2b4-50ef-48e8-8ae7-7ab0bb880ce8,404-81-4025-11266,BSNL,GSM,404,81,4025,11266,21.23302,72.84359,240.0,90.0,516.0,"Plot 118, Near Katargam Darwaja, Katargam, Singanpor, Surat, Gujarat 395004"
96b59716-ccf1-4fd6-89c3-84ac690d8872,405-867-1043-11267,Jio,LTE,405,867,1043,11267,21.22177,72.83509,0.0,90.0,405.0,"Plot 26, Near Singanpor, Katargam, Singanpor, Surat, Gujarat 395004"
787614ca-145c-4b97-a3fe-b4e021412b5b,405-867-1024-11268,Jio,LTE,405,867,1024,11268,21.22177,72.83509,120.0,90.0,405.0,"Plot 26, Near Singanpor, Katargam, Singanpor, Surat, Gujarat 395004"
dfbdb552-16b7-43a3-9cb9-12c99be3de1d,404-81-4041-11269,BSNL,GSM,404,81,4041,11269,21.22177,72.83509,240.0,90.0,405.0,"Plot 26, Near Singanpor, Katargam, Singanpor, Surat, Gujarat 395004"
489cd874-c37b-4cf5-84ab-93e4710a9b23,405-867-1015-11270,Jio,LTE,405,867,1015,11270,21.23649,72.81043,0.0,90.0,324.0,"Plot 55, Near Laxmi Enclave, Katargam, Singanpor, Surat, Gujarat 395004"
1f42ac45-39db-4dcd-93fa-e016454c81f4,404-10-2038-11271,Airtel,GSM,404,10,2038,11271,21.23649,72.81043,120.0,90.0,324.0,"Plot 55, Near Laxmi Enclave, Katargam, Singanpor, Surat, Gujarat 395004"
623764a8-ec62-41ba-9d0b-608d8f624034,405-867-1005-11272,Jio,LTE,405,867,1005,11272,21.23649,72.81043,240.0,90.0,324.0,"Plot 55, Near Laxmi Enclave, Katargam, Singanpor, Surat, Gujarat 395004"
9f534b06-5532-48c2-826f-03f2e71f198f,404-10-2020-11273,Airtel,LTE,404,10,2020,11273,21.20993,72.82083,0.0,90.0,339.0,"Plot 54, Near Singanpor, Katargam, Singanpor, Surat, Gujarat 395004"
dbb26efb-4c86-4635-8532-f6a9ac27e818,405-867-1013-11274,Jio,LTE,405,867,1013,11274,21.20993,72.82083,120.0,90.0,339.0,"Plot 54, Near Singanpor, Katargam, Singanpor, Surat, Gujarat 395004"
146b7c96-a5f4-4f49-87e9-bc9da43b4bca,405-867-1033-11275,Jio,LTE,405,867,1033,11275,21.20993,72.82083,240.0,90.0,339.0,"Plot 54, Near Singanpor, Katargam, Singanpor, Surat, Gujarat 395004"
1593f7dc-47a5-4af7-b719-3d1805d4423a,404-20-3014-11276,Vi,LTE,404,20,3014,11276,21.20614,72.83412,0.0,90.0,564.0,"Plot 5, Near Gajera Circle, Katargam, Singanpor, Surat, Gujarat 395004"
2e372dcd-7d49-4b5d-8e01-4e590fb67dcd,404-10-2030-11277,Airtel,NR,404,10,2030,11277,21.20614,72.83412,120.0,90.0,564.0,"Plot 5, Near Gajera Circle, Katargam, Singanpor, Surat, Gujarat 395004"
ae87d9b4-2eb2-42be-9acb-fe930ad6980e,405-867-1040-11278,Jio,LTE,405,867,1040,11278,21.20614,72.83412,240.0,90.0,564.0,"Plot 5, Near Gajera Circle, Katargam, Singanpor, Surat, Gujarat 395004"
94db31e2-7c7c-4f17-bcb8-4b340c821708,405-867-1044-11279,Jio,LTE,405,867,1044,11279,21.23791,72.80961,0.0,90.0,486.0,"Plot 16, Near Laxmi Enclave, Katargam, Singanpor, Surat, Gujarat 395004"
508b24af-8905-4238-9165-62ff989ecd30,404-20-3027-11280,Vi,GSM,404,20,3027,11280,21.23791,72.80961,120.0,90.0,486.0,"Plot 16, Near Laxmi Enclave, Katargam, Singanpor, Surat, Gujarat 395004"
7571e0e4-c131-4714-8e4a-eaa0231b4922,405-867-1005-11281,Jio,NR,405,867,1005,11281,21.23791,72.80961,240.0,90.0,486.0,"Plot 16, Near Laxmi Enclave, Katargam, Singanpor, Surat, Gujarat 395004"
9793c0f1-6c20-4740-9eb5-2e4d8d6c125a,404-10-2016-11282,Airtel,LTE,404,10,2016,11282,21.21118,72.81141,0.0,90.0,431.0,"Plot 74, Near Dabholi Road, Katargam, Singanpor, Surat, Gujarat 395004"
bee43e22-13b2-4e78-a850-b1554255c96d,405-867-1016-11283,Jio,LTE,405,867,1016,11283,21.21118,72.81141,120.0,90.0,431.0,"Plot 74, Near Dabholi Road, Katargam, Singanpor, Surat, Gujarat 395004"
33de9556-da9a-4710-9315-f3f297a1861d,404-20-3032-11284,Vi,LTE,404,20,3032,11284,21.21118,72.81141,240.0,90.0,431.0,"Plot 74, Near Dabholi Road, Katargam, Singanpor, Surat, Gujarat 395004"
58d3f133-4e49-41d6-a62a-8dea0f665bc4,405-867-1018-11285,Jio,NR,405,867,1018,11285,21.21108,72.8221,0.0,90.0,369.0,"Plot 52, Near Katargam Darwaja, Katargam, Singanpor, Surat, Gujarat 395004"
33a950f4-443c-4502-83e8-6a08e7649314,404-10-2003-11286,Airtel,LTE,404,10,2003,11286,21.21108,72.8221,120.0,90.0,369.0,"Plot 52, Near Katargam Darwaja, Katargam, Singanpor, Surat, Gujarat 395004"
94afc643-3863-4201-aae3-8f10accfa750,404-81-4002-11287,BSNL,GSM,404,81,4002,11287,21.21108,72.8221,240.0,90.0,369.0,"Plot 52, Near Katargam Darwaja, Katargam, Singanpor, Surat, Gujarat 395004"
f20f5c5e-ddc0-47f5-b84a-ca40953740c8,404-20-3006-11288,Vi,LTE,404,20,3006,11288,21.24506,72.8358,0.0,90.0,508.0,"Plot 77, Near Dabholi Road, Katargam, Singanpor, Surat, Gujarat 395004"
89ccf56d-2e33-487a-b0f3-75e07a131f43,405-867-1009-11289,Jio,NR,405,867,1009,11289,21.24506,72.8358,120.0,90.0,508.0,"Plot 77, Near Dabholi Road, Katargam, Singanpor, Surat, Gujarat 395004"
d313c06e-9035-4c27-a8ad-a60a23948964,405-867-1033-11290,Jio,LTE,405,867,1033,11290,21.24506,72.8358,240.0,90.0,508.0,"Plot 77, Near Dabholi Road, Katargam, Singanpor, Surat, Gujarat 395004"
61a4adbe-cbb6-409f-8d87-e5883996b4a0,405-867-1021-11291,Jio,LTE,405,867,1021,11291,21.23992,72.82083,0.0,90.0,346.0,"Plot 135, Near Laxmi Enclave, Katargam, Singanpor, Surat, Gujarat 395004"
7d98eb58-bd2d-4acf-8b10-573ec49ee453,405-867-1025-11292,Jio,LTE,405,867,1025,11292,21.23992,72.82083,120.0,90.0,346.0,"Plot 135, Near Laxmi Enclave, Katargam, Singanpor, Surat, Gujarat 395004"
85c15b2c-fa22-4b41-ad58-d701690bcc4c,404-20-3028-11293,Vi,LTE,404,20,3028,11293,21.23992,72.82083,240.0,90.0,346.0,"Plot 135, Near Laxmi Enclave, Katargam, Singanpor, Surat, Gujarat 395004"
b7d46a33-cf9c-4fc3-941d-3084af475707,404-20-3035-11294,Vi,LTE,404,20,3035,11294,21.22653,72.83605,0.0,90.0,430.0,"Plot 71, Near Gajera Circle, Katargam, Singanpor, Surat, Gujarat 395004"
2f260795-6cfc-440a-a65e-820c7308826c,405-867-1021-11295,Jio,NR,405,867,1021,11295,21.22653,72.83605,120.0,90.0,430.0,"Plot 71, Near Gajera Circle, Katargam, Singanpor, Surat, Gujarat 395004"
906e91d6-36fc-4545-8d9b-562616846900,404-10-2016-11296,Airtel,LTE,404,10,2016,11296,21.22653,72.83605,240.0,90.0,430.0,"Plot 71, Near Gajera Circle, Katargam, Singanpor, Surat, Gujarat 395004"
95a41e75-58cb-4dd4-a6a2-b5582ff20bbd,404-20-3039-11297,Vi,LTE,404,20,3039,11297,21.24558,72.82282,0.0,90.0,488.0,"Plot 93, Near Gajera Circle, Katargam, Singanpor, Surat, Gujarat 395004"
f3917bd8-29bd-418f-a18c-297bfa9e3e20,405-867-1004-11298,Jio,LTE,405,867,1004,11298,21.24558,72.82282,120.0,90.0,488.0,"Plot 93, Near Gajera Circle, Katargam, Singanpor, Surat, Gujarat 395004"
cb883105-462b-41e6-9043-003cc241a6c2,404-10-2016-11299,Airtel,NR,404,10,2016,11299,21.24558,72.82282,240.0,90.0,488.0,"Plot 93, Near Gajera Circle, Katargam, Singanpor, Surat, Gujarat 395004"
29daee3f-4b5a-497c-98ed-78298f82e330,404-20-3026-11300,Vi,LTE,404,20,3026,11300,21.22474,72.8431,0.0,90.0,421.0,"Plot 32, Near Dabholi Road, Katargam, Singanpor, Surat, Gujarat 395004"
ec9c2849-9fa9-429a-af2a-efec85238281,404-20-3020-11301,Vi,GSM,404,20,3020,11301,21.22474,72.8431,120.0,90.0,421.0,"Plot 32, Near Dabholi Road, Katargam, Singanpor, Surat, Gujarat 395004"
4a616ba2-d4c3-4bb5-b7fc-f6850c38b3e1,405-867-1016-11302,Jio,NR,405,867,1016,11302,21.22474,72.8431,240.0,90.0,421.0,"Plot 32, Near Dabholi Road, Katargam, Singanpor, Surat, Gujarat 395004"
44f824c5-1826-4b36-824f-f68d1582a937,405-867-1006-11303,Jio,LTE,405,867,1006,11303,21.21887,72.84943,0.0,90.0,629.0,"Plot 113, Near Gajera Circle, Katargam, Singanpor, Surat, Gujarat 395004"
137c5422-e605-43d6-a0a5-c4cbcf24b5e9,404-20-3031-11304,Vi,GSM,404,20,3031,11304,21.21887,72.84943,120.0,90.0,629.0,"Plot 113, Near Gajera Circle, Katargam, Singanpor, Surat, Gujarat 395004"
91d5e243-ca9f-4728-b911-1f3ad7ae4edf,404-10-2022-11305,Airtel,GSM,404,10,2022,11305,21.21887,72.84943,240.0,90.0,629.0,"Plot 113, Near Gajera Circle, Katargam, Singanpor, Surat, Gujarat 395004"
8d0b9826-b5f1-4d1d-9332-615fc0e5d989,405-867-1036-11306,Jio,LTE,405,867,1036,11306,21.22071,72.80583,0.0,90.0,559.0,"Plot 42, Near Katargam Darwaja, Katargam, Singanpor, Surat, Gujarat 395004"
a73c9da5-b62f-40a8-9c8a-d6d063774611,404-10-2002-11307,Airtel,LTE,404,10,2002,11307,21.22071,72.80583,120.0,90.0,559.0,"Plot 42, Near Katargam Darwaja, Katargam, Singanpor, Surat, Gujarat 395004"
eca1b7fa-3226-4c66-a50d-cc953ee25d92,404-20-3012-11308,Vi,LTE,404,20,3012,11308,21.22071,72.80583,240.0,90.0,559.0,"Plot 42, Near Katargam Darwaja, Katargam, Singanpor, Surat, Gujarat 395004"
bd88fdbd-2e9e-4378-a446-9ca53bca95df,405-867-1008-11309,Jio,LTE,405,867,1008,11309,21.21128,72.8123,0.0,90.0,621.0,"Plot 1, Near Gajera Circle, Katargam, Singanpor, Surat, Gujarat 395004"
b8c04f7f-886d-463f-8f8e-e766549d3f7d,405-867-1042-11310,Jio,LTE,405,867,1042,11310,21.21128,72.8123,120.0,90.0,621.0,"Plot 1, Near Gajera Circle, Katargam, Singanpor, Surat, Gujarat 395004"
d92c6903-35ba-48b7-8dfa-76686ae0d541,404-20-3044-11311,Vi,GSM,404,20,3044,11311,21.21128,72.8123,240.0,90.0,621.0,"Plot 1, Near Gajera Circle, Katargam, Singanpor, Surat, Gujarat 395004"
2d74337b-ff31-431c-a83c-8d8be30572de,405-867-1021-11312,Jio,LTE,405,867,1021,11312,21.20654,72.84051,0.0,90.0,368.0,"Plot 123, Near Singanpor, Katargam, Singanpor, Surat, Gujarat 395004"
0b0bead8-014b-4404-b7c7-e7baf6f58c2b,404-20-3027-11313,Vi,LTE,404,20,3027,11313,21.20654,72.84051,120.0,90.0,368.0,"Plot 123, Near Singanpor, Katargam, Singanpor, Surat, Gujarat 395004"
102dae3f-8f8c-4617-b0df-ef6633428590,405-867-1025-11314,Jio,LTE,405,867,1025,11314,21.20654,72.84051,240.0,90.0,368.0,"Plot 123, Near Singanpor, Katargam, Singanpor, Surat, Gujarat 395004"
bf003ff3-e489-4ffb-8aa6-cf252a8e05cb,404-10-2006-11315,Airtel,LTE,404,10,2006,11315,21.24493,72.82027,0.0,90.0,585.0,"Plot 6, Near Gajera Circle, Katargam, Singanpor, Surat, Gujarat 395004"
5c619a43-b131-4fe4-8ed3-d742f4399fec,404-81-4045-11316,BSNL,GSM,404,81,4045,11316,21.24493,72.82027,120.0,90.0,585.0,"Plot 6, Near Gajera Circle, Katargam, Singanpor, Surat, Gujarat 395004"
9b05ae0c-43d3-451b-b09a-aa3c2ae7c9ec,404-20-3040-11317,Vi,LTE,404,20,3040,11317,21.24493,72.82027,240.0,90.0,585.0,"Plot 6, Near Gajera Circle, Katargam, Singanpor, Surat, Gujarat 395004"
c972ccc2-e574-4041-8a82-4c23c624eb9a,405-867-1028-11318,Jio,LTE,405,867,1028,11318,21.21449,72.8334,0.0,90.0,590.0,"Plot 95, Near Katargam Darwaja, Katargam, Singanpor, Surat, Gujarat 395004"
f4467e16-3b12-4c1d-93bd-2f674a504941,404-20-3044-11319,Vi,GSM,404,20,3044,11319,21.21449,72.8334,120.0,90.0,590.0,"Plot 95, Near Katargam Darwaja, Katargam, Singanpor, Surat, Gujarat 395004"
3fe15074-4cc3-4d0f-abcb-4cdc045c3096,405-867-1014-11320,Jio,LTE,405,867,1014,11320,21.21449,72.8334,240.0,90.0,590.0,"Plot 95, Near Katargam Darwaja, Katargam, Singanpor, Surat, Gujarat 395004"
1264ad05-55b5-4d0b-b5b3-e765fe9fa27a,405-867-1039-11321,Jio,NR,405,867,1039,11321,21.23264,72.8489,0.0,90.0,495.0,"Plot 74, Near Dabholi Road, Katargam, Singanpor, Surat, Gujarat 395004"
ad94a02d-4e50-4fe0-8174-c8433944fb1c,405-867-1044-11322,Jio,NR,405,867,1044,11322,21.23264,72.8489,120.0,90.0,495.0,"Plot 74, Near Dabholi Road, Katargam, Singanpor, Surat, Gujarat 395004"
693eaa80-3b54-44a6-8901-af4b25ecec6d,405-867-1010-11323,Jio,LTE,405,867,1010,11323,21.23264,72.8489,240.0,90.0,495.0,"Plot 74, Near Dabholi Road, Katargam, Singanpor, Surat, Gujarat 395004"
894892e8-2e28-4229-8146-38654be66a04,404-10-2006-11324,Airtel,LTE,404,10,2006,11324,21.24689,72.83229,0.0,90.0,489.0,"Plot 116, Near Gajera Circle, Katargam, Singanpor, Surat, Gujarat 395004"
b9ccdb27-f177-47cf-961f-c36d9a7e263a,405-867-1021-11325,Jio,LTE,405,867,1021,11325,21.24689,72.83229,120.0,90.0,489.0,"Plot 116, Near Gajera Circle, Katargam, Singanpor, Surat, Gujarat 395004"
10f6950f-f2aa-4f46-962d-0617efb57ea5,404-81-4014-11326,BSNL,GSM,404,81,4014,11326,21.24689,72.83229,240.0,90.0,489.0,"Plot 116, Near Gajera Circle, Katargam, Singanpor, Surat, Gujarat 395004"
9ed83ada-0b7c-4fe9-b090-7f8c7152674f,404-20-3023-11327,Vi,LTE,404,20,3023,11327,21.22066,72.80816,194.9,60.0,385.0,"Plot 66, Near Laxmi Enclave, Katargam, Singanpor, Surat, Gujarat 395004"
763aa38c-4511-4c33-ba10-09c7edf78a7b,404-81-4009-11328,BSNL,LTE,404,81,4009,11328,21.24683,72.82752,176.6,90.0,377.0,"Plot 12, Near Laxmi Enclave, Katargam, Singanpor, Surat, Gujarat 395004"
6bbd37bc-8b2f-464d-8d55-8ce4d1a5cfb2,405-867-1030-11329,Jio,LTE,405,867,1030,11329,21.24157,72.82438,0.0,90.0,557.0,"Plot 46, Near Laxmi Enclave, Katargam, Singanpor, Surat, Gujarat 395004"
873d0616-66e1-453e-927d-cf93cc794808,405-867-1034-11330,Jio,LTE,405,867,1034,11330,21.24157,72.82438,120.0,90.0,557.0,"Plot 46, Near Laxmi Enclave, Katargam, Singanpor, Surat, Gujarat 395004"
adddb660-92b4-41da-8023-7bd660d2dc98,405-867-1021-11331,Jio,LTE,405,867,1021,11331,21.24157,72.82438,240.0,90.0,557.0,"Plot 46, Near Laxmi Enclave, Katargam, Singanpor, Surat, Gujarat 395004"
1a6df57a-454d-4a7f-a1eb-d988bb1d265f,404-20-3017-11332,Vi,LTE,404,20,3017,11332,21.23301,72.83045,0.0,90.0,444.0,"Plot 93, Near Dabholi Road, Katargam, Singanpor, Surat, Gujarat 395004"
fa753d8c-cc47-45df-8d4b-1828a94ac7ac,404-10-2011-11333,Airtel,LTE,404,10,2011,11333,21.23301,72.83045,120.0,90.0,444.0,"Plot 93, Near Dabholi Road, Katargam, Singanpor, Surat, Gujarat 395004"
f1c76c15-264e-497e-acd1-cb57bb4bd700,405-867-1010-11334,Jio,NR,405,867,1010,11334,21.23301,72.83045,240.0,90.0,444.0,"Plot 93, Near Dabholi Road, Katargam, Singanpor, Surat, Gujarat 395004"
7ef0346a-e365-4179-9ad8-c97416756291,405-867-1017-11335,Jio,LTE,405,867,1017,11335,21.20467,72.82004,0.0,90.0,327.0,"Plot 14, Near Singanpor, Katargam, Singanpor, Surat, Gujarat 395004"
22f14c76-c32e-4465-bd79-57dece985491,405-867-1008-11336,Jio,LTE,405,867,1008,11336,21.20467,72.82004,120.0,90.0,327.0,"Plot 14, Near Singanpor, Katargam, Singanpor, Surat, Gujarat 395004"
0a8f1613-9c74-4279-a28d-298ac0149e9a,404-81-4003-11337,BSNL,LTE,404,81,4003,11337,21.20467,72.82004,240.0,90.0,327.0,"Plot 14, Near Singanpor, Katargam, Singanpor, Surat, Gujarat 395004"
1083bc07-d35b-4ea8-a7c8-b48efb510f9c,404-20-3008-11338,Vi,GSM,404,20,3008,11338,21.2041,72.83663,0.0,90.0,357.0,"Plot 125, Near Laxmi Enclave, Katargam, Singanpor, Surat, Gujarat 395004"
e91b2da7-b880-42fb-88c0-00b36045e9c0,405-867-1019-11339,Jio,LTE,405,867,1019,11339,21.2041,72.83663,120.0,90.0,357.0,"Plot 125, Near Laxmi Enclave, Katargam, Singanpor, Surat, Gujarat 395004"
608d7a16-36fd-4131-8c0f-c887fcde9c40,405-867-1033-11340,Jio,LTE,405,867,1033,11340,21.2041,72.83663,240.0,90.0,357.0,"Plot 125, Near Laxmi Enclave, Katargam, Singanpor, Surat, Gujarat 395004"
5ace9eb0-5aff-4c76-a850-2b9c60408fa3,404-10-2027-11341,Airtel,LTE,404,10,2027,11341,21.23247,72.81166,0.0,90.0,302.0,"Plot 55, Near Laxmi Enclave, Katargam, Singanpor, Surat, Gujarat 395004"
3197a6ec-0315-45fe-99fd-f8dacdc9921a,404-20-3032-11342,Vi,LTE,404,20,3032,11342,21.23247,72.81166,120.0,90.0,302.0,"Plot 55, Near Laxmi Enclave, Katargam, Singanpor, Surat, Gujarat 395004"
df5c079c-d2c5-4c82-b2c2-56f45c9aa82b,404-10-2002-11343,Airtel,NR,404,10,2002,11343,21.23247,72.81166,240.0,90.0,302.0,"Plot 55, Near Laxmi Enclave, Katargam, Singanpor, Surat, Gujarat 395004"
4f11fe39-8a5a-43a1-954f-2b7929505434,404-20-3006-11344,Vi,LTE,404,20,3006,11344,21.22023,72.85138,0.0,90.0,354.0,"Plot 101, Near Katargam Darwaja, Katargam, Singanpor, Surat, Gujarat 395004"
afae0d09-148e-4c4a-b89e-0828b61b4957,405-867-1031-11345,Jio,LTE,405,867,1031,11345,21.22023,72.85138,120.0,90.0,354.0,"Plot 101, Near Katargam Darwaja, Katargam, Singanpor, Surat, Gujarat 395004"
fb621523-6947-4e66-af7a-a7103283ca88,405-867-1039-11346,Jio,NR,405,867,1039,11346,21.22023,72.85138,240.0,90.0,354.0,"Plot 101, Near Katargam Darwaja, Katargam, Singanpor, Surat, Gujarat 395004"
c1c26476-8bad-4303-94b5-4ee24a540674,405-867-1042-11347,Jio,NR,405,867,1042,11347,21.21787,72.81627,0.0,90.0,591.0,"Plot 116, Near Katargam Darwaja, Katargam, Singanpor, Surat, Gujarat 395004"
83b51521-ab9f-467f-a464-6b1cc9dc88e2,405-867-1005-11348,Jio,NR,405,867,1005,11348,21.21787,72.81627,120.0,90.0,591.0,"Plot 116, Near Katargam Darwaja, Katargam, Singanpor, Surat, Gujarat 395004"
0232ed71-0e9b-4c1b-a637-eba9e8bbbfc9,404-10-2006-11349,Airtel,LTE,404,10,2006,11349,21.21787,72.81627,240.0,90.0,591.0,"Plot 116, Near Katargam Darwaja, Katargam, Singanpor, Surat, Gujarat 395004"
b3eb08a2-742c-4294-99a6-36fa679bc03c,405-867-1042-11350,Jio,NR,405,867,1042,11350,21.21718,72.83419,72.9,90.0,403.0,"Plot 23, Near Singanpor, Katargam, Singanpor, Surat, Gujarat 395004"
8d926cce-dada-4873-b426-9d086609d029,405-867-1024-11351,Jio,LTE,405,867,1024,11351,21.23205,72.83901,0.0,90.0,608.0,"Plot 80, Near Singanpor, Katargam, Singanpor, Surat, Gujarat 395004"
ea045ac6-ef7c-411d-ab94-ecb290d37c0b,404-10-2025-11352,Airtel,LTE,404,10,2025,11352,21.23205,72.83901,120.0,90.0,608.0,"Plot 80, Near Singanpor, Katargam, Singanpor, Surat, Gujarat 395004"
794adfe4-cbfc-4e4b-8feb-19a2afc6c24f,405-867-1028-11353,Jio,LTE,405,867,1028,11353,21.23205,72.83901,240.0,90.0,608.0,"Plot 80, Near Singanpor, Katargam, Singanpor, Surat, Gujarat 395004"
8d7cc7a3-aecb-491e-b33e-5a0699b04f6d,405-867-1030-11354,Jio,LTE,405,867,1030,11354,21.23743,72.83649,0.0,90.0,518.0,"Plot 48, Near Dabholi Road, Katargam, Singanpor, Surat, Gujarat 395004"
a1991b26-97c0-45f7-a9dc-186b52308f5f,404-10-2010-11355,Airtel,LTE,404,10,2010,11355,21.23743,72.83649,120.0,90.0,518.0,"Plot 48, Near Dabholi Road, Katargam, Singanpor, Surat, Gujarat 395004"
dcf587c5-4ede-442f-899d-49e89c9e7653,404-20-3042-11356,Vi,LTE,404,20,3042,11356,21.23743,72.83649,240.0,90.0,518.0,"Plot 48, Near Dabholi Road, Katargam, Singanpor, Surat, Gujarat 395004"
e5439c7e-b67c-4015-8c5e-f358b20662f6,405-867-1044-11357,Jio,NR,405,867,1044,11357,21.21286,72.82596,0.0,90.0,544.0,"Plot 21, Near Singanpor, Katargam, Singanpor, Surat, Gujarat 395004"
a9e82349-2c79-4cc3-aedf-4f856dbf6965,404-20-3034-11358,Vi,GSM,404,20,3034,11358,21.21286,72.82596,120.0,90.0,544.0,"Plot 21, Near Singanpor, Katargam, Singanpor, Surat, Gujarat 395004"
f9b3c885-aebf-48f0-875a-a7ce3c96993e,405-867-1036-11359,Jio,LTE,405,867,1036,11359,21.21286,72.82596,240.0,90.0,544.0,"Plot 21, Near Singanpor, Katargam, Singanpor, Surat, Gujarat 395004"
8592b430-86f1-4c56-83d5-ef5672ae5e5b,405-867-1017-11360,Jio,LTE,405,867,1017,11360,21.22967,72.83061,0.0,90.0,348.0,"Plot 131, Near Katargam Darwaja, Katargam, Singanpor, Surat, Gujarat 395004"
d7505eb0-193c-4086-9787-0d6b985ddd18,405-867-1033-11361,Jio,LTE,405,867,1033,11361,21.22967,72.83061,120.0,90.0,348.0,"Plot 131, Near Katargam Darwaja, Katargam, Singanpor, Surat, Gujarat 395004"
066167a4-bcbc-450c-8503-799b98d9fd44,405-867-1030-11362,Jio,LTE,405,867,1030,11362,21.22967,72.83061,240.0,90.0,348.0,"Plot 131, Near Katargam Darwaja, Katargam, Singanpor, Surat, Gujarat 395004"
85323909-5d5a-45b2-988f-8e8876d007b9,404-10-2043-11363,Airtel,LTE,404,10,2043,11363,21.22921,72.83753,306.9,90.0,380.0,"Plot 12, Near Singanpor, Katargam, Singanpor, Surat, Gujarat 395004"
3e0a173b-9084-4b3b-b1d2-3d5c58f6092c,404-20-3044-11364,Vi,LTE,404,20,3044,11364,21.20573,72.83473,0.0,90.0,340.0,"Plot 48, Near Dabholi Road, Katargam, Singanpor, Surat, Gujarat 395004"
df9278df-853d-45df-a0db-303399449399,405-867-1001-11365,Jio,LTE,405,867,1001,11365,21.20573,72.83473,120.0,90.0,340.0,"Plot 48, Near Dabholi Road, Katargam, Singanpor, Surat, Gujarat 395004"
73482b39-9c11-490c-a46f-a0d97ab7d980,405-867-1042-11366,Jio,LTE,405,867,1042,11366,21.20573,72.83473,240.0,90.0,340.0,"Plot 48, Near Dabholi Road, Katargam, Singanpor, Surat, Gujarat 395004"
8342329a-dfce-4be0-be40-62b2de2a025f,405-867-1045-11367,Jio,LTE,405,867,1045,11367,21.20642,72.83089,0.0,90.0,615.0,"Plot 125, Near Laxmi Enclave, Katargam, Singanpor, Surat, Gujarat 395004"
b8392b83-15ae-43ea-b760-d1c313726d0e,404-10-2006-11368,Airtel,NR,404,10,2006,11368,21.20642,72.83089,120.0,90.0,615.0,"Plot 125, Near Laxmi Enclave, Katargam, Singanpor, Surat, Gujarat 395004"
6835e7e9-2d5c-473c-9c8f-07e7680b987f,405-867-1008-11369,Jio,LTE,405,867,1008,11369,21.20642,72.83089,240.0,90.0,615.0,"Plot 125, Near Laxmi Enclave, Katargam, Singanpor, Surat, Gujarat 395004"
288e70f0-cee4-4fec-a337-7d3bedbb058c,405-867-1041-11370,Jio,LTE,405,867,1041,11370,21.23258,72.80951,0.0,90.0,632.0,"Plot 7, Near Gajera Circle, Katargam, Singanpor, Surat, Gujarat 395004"
d2e5dfa2-e7cf-4c21-8e1a-eb4c227a4b7c,404-20-3006-11371,Vi,LTE,404,20,3006,11371,21.23258,72.80951,120.0,90.0,632.0,"Plot 7, Near Gajera Circle, Katargam, Singanpor, Surat, Gujarat 395004"
1c41a134-7b8d-46a8-a9df-a2cce739cfdc,405-867-1031-11372,Jio,LTE,405,867,1031,11372,21.23258,72.80951,240.0,90.0,632.0,"Plot 7, Near Gajera Circle, Katargam, Singanpor, Surat, Gujarat 395004"
393741d3-edba-45d0-b787-f948dfef773a,405-867-1016-11373,Jio,LTE,405,867,1016,11373,21.21797,72.83203,0.0,90.0,541.0,"Plot 114, Near Gajera Circle, Katargam, Singanpor, Surat, Gujarat 395004"
6e1f3bc5-82c6-4cb0-a891-136b57f804b4,405-867-1026-11374,Jio,LTE,405,867,1026,11374,21.21797,72.83203,120.0,90.0,541.0,"Plot 114, Near Gajera Circle, Katargam, Singanpor, Surat, Gujarat 395004"
ca7acca0-9672-4fca-9811-5ba0a4c6d64f,405-867-1041-11375,Jio,LTE,405,867,1041,11375,21.21797,72.83203,240.0,90.0,541.0,"Plot 114, Near Gajera Circle, Katargam, Singanpor, Surat, Gujarat 395004"
ee11846b-de3e-4196-bd20-e03c85393350,404-10-2003-11376,Airtel,GSM,404,10,2003,11376,21.23358,72.81493,0.0,90.0,605.0,"Plot 127, Near Singanpor, Katargam, Singanpor, Surat, Gujarat 395004"
a1e517d7-ff70-4eb0-8861-1033a8eda2b7,405-867-1038-11377,Jio,LTE,405,867,1038,11377,21.23358,72.81493,120.0,90.0,605.0,"Plot 127, Near Singanpor, Katargam, Singanpor, Surat, Gujarat 395004"
4b133e49-3be8-409e-b540-af30576c1732,404-10-2032-11378,Airtel,GSM,404,10,2032,11378,21.23358,72.81493,240.0,90.0,605.0,"Plot 127, Near Singanpor, Katargam, Singanpor, Surat, Gujarat 395004"
4db67614-189d-4539-9a2f-112c4a77620e,405-867-1027-11379,Jio,NR,405,867,1027,11379,21.22568,72.83436,0.0,90.0,583.0,"Plot 109, Near Katargam Darwaja, Katargam, Singanpor, Surat, Gujarat 395004"
63fc1889-8ed9-4c8a-9f69-9290ed2435ae,404-20-3040-11380,Vi,LTE,404,20,3040,11380,21.22568,72.83436,120.0,90.0,583.0,"Plot 109, Near Katargam Darwaja, Katargam, Singanpor, Surat, Gujarat 395004"
fd535820-c77b-4c21-8b77-d6f4bccff60b,404-20-3045-11381,Vi,LTE,404,20,3045,11381,21.22568,72.83436,240.0,90.0,583.0,"Plot 109, Near Katargam Darwaja, Katargam, Singanpor, Surat, Gujarat 395004"
20963690-8550-4f35-b70e-77e2f8dc3a99,404-10-2044-11382,Airtel,LTE,404,10,2044,11382,21.21646,72.83188,0.0,90.0,418.0,"Plot 121, Near Gajera Circle, Katargam, Singanpor, Surat, Gujarat 395004"
d4d01e1d-727c-42e7-b720-c8bdfbd63853,405-867-1043-11383,Jio,LTE,405,867,1043,11383,21.21646,72.83188,120.0,90.0,418.0,"Plot 121, Near Gajera Circle, Katargam, Singanpor, Surat, Gujarat 395004"
3884184c-0265-45b0-9fce-2032f2f04428,405-867-1025-11384,Jio,NR,405,867,1025,11384,21.21646,72.83188,240.0,90.0,418.0,"Plot 121, Near Gajera Circle, Katargam, Singanpor, Surat, Gujarat 395004"
85073c9f-a75d-45d7-897a-4d6f415102c8,404-10-2006-11385,Airtel,LTE,404,10,2006,11385,21.24492,72.82248,0.0,90.0,382.0,"Plot 121, Near Dabholi Road, Katargam, Singanpor, Surat, Gujarat 395004"
9268d3d6-2c62-4a58-8ebc-0b4adbbd9693,404-10-2013-11386,Airtel,LTE,404,10,2013,11386,21.24492,72.82248,120.0,90.0,382.0,"Plot 121, Near Dabholi Road, Katargam, Singanpor, Surat, Gujarat 395004"
c1477c19-6b81-45ce-a8c9-5b486c0c498b,405-867-1027-11387,Jio,LTE,405,867,1027,11387,21.24492,72.82248,240.0,90.0,382.0,"Plot 121, Near Dabholi Road, Katargam, Singanpor, Surat, Gujarat 395004"
6739b8bb-127c-44ad-a5cb-234eed257cf2,405-867-1044-11388,Jio,LTE,405,867,1044,11388,21.2399,72.82202,0.0,90.0,309.0,"Plot 54, Near Gajera Circle, Katargam, Singanpor, Surat, Gujarat 395004"
319e7a37-af9c-42f0-9a74-64f5feb0a32c,405-867-1033-11389,Jio,NR,405,867,1033,11389,21.2399,72.82202,120.0,90.0,309.0,"Plot 54, Near Gajera Circle, Katargam, Singanpor, Surat, Gujarat 395004"
0766bec1-eb28-4d9f-b5bd-9e1836b22173,405-867-1028-11390,Jio,LTE,405,867,1028,11390,21.2399,72.82202,240.0,90.0,309.0,"Plot 54, Near Gajera Circle, Katargam, Singanpor, Surat, Gujarat 395004"
bd6e58c4-c068-4e20-8af1-3643f4b7aac0,404-20-3036-11391,Vi,GSM,404,20,3036,11391,21.23323,72.83568,0.0,90.0,474.0,"Plot 58, Near Laxmi Enclave, Katargam, Singanpor, Surat, Gujarat 395004"
711e2580-a48e-45aa-9ae8-f0bd266a3257,405-867-1045-11392,Jio,LTE,405,867,1045,11392,21.23323,72.83568,120.0,90.0,474.0,"Plot 58, Near Laxmi Enclave, Katargam, Singanpor, Surat, Gujarat 395004"
f7c72e98-ddd1-4663-95a5-aaad1080a7e8,404-20-3007-11393,Vi,LTE,404,20,3007,11393,21.23323,72.83568,240.0,90.0,474.0,"Plot 58, Near Laxmi Enclave, Katargam, Singanpor, Surat, Gujarat 395004"
ab5c0981-1067-4a15-a5cc-9fdc943f11e0,404-81-4040-11394,BSNL,LTE,404,81,4040,11394,21.21913,72.8056,0.0,90.0,356.0,"Plot 118, Near Singanpor, Katargam, Singanpor, Surat, Gujarat 395004"
c3fb358b-aafb-4911-896d-f2d05a9fbec6,404-20-3036-11395,Vi,GSM,404,20,3036,11395,21.21913,72.8056,120.0,90.0,356.0,"Plot 118, Near Singanpor, Katargam, Singanpor, Surat, Gujarat 395004"
53b13dd7-686d-49e2-b24b-4c56e756a72d,405-867-1041-11396,Jio,LTE,405,867,1041,11396,21.21913,72.8056,240.0,90.0,356.0,"Plot 118, Near Singanpor, Katargam, Singanpor, Surat, Gujarat 395004"
a69efb27-ac18-4a03-a2bc-e239416af297,404-20-3007-11397,Vi,LTE,404,20,3007,11397,21.23267,72.83554,0.0,90.0,526.0,"Plot 41, Near Dabholi Road, Katargam, Singanpor, Surat, Gujarat 395004"
78eda567-b260-4e95-8b6b-34f77d6b3011,405-867-1009-11398,Jio,LTE,405,867,1009,11398,21.23267,72.83554,120.0,90.0,526.0,"Plot 41, Near Dabholi Road, Katargam, Singanpor, Surat, Gujarat 395004"
4dd4f46f-354b-4362-b09c-d9af7203bcb0,405-867-1027-11399,Jio,LTE,405,867,1027,11399,21.23267,72.83554,240.0,90.0,526.0,"Plot 41, Near Dabholi Road, Katargam, Singanpor, Surat, Gujarat 395004"
36b0e245-40b8-4167-839a-9ffa5f50b114,405-867-1027-11400,Jio,LTE,405,867,1027,11400,21.22535,72.82492,0.0,90.0,387.0,"Plot 88, Near Singanpor, Katargam, Singanpor, Surat, Gujarat 395004"
6c7b7fc3-ac07-4cf9-907e-0c9cf9a2484e,405-867-1010-11401,Jio,LTE,405,867,1010,11401,21.22535,72.82492,120.0,90.0,387.0,"Plot 88, Near Singanpor, Katargam, Singanpor, Surat, Gujarat 395004"
ccfa41cf-8848-448c-809b-dc53df07ee3e,404-20-3015-11402,Vi,LTE,404,20,3015,11402,21.22535,72.82492,240.0,90.0,387.0,"Plot 88, Near Singanpor, Katargam, Singanpor, Surat, Gujarat 395004"
d1646153-da0f-44c2-81be-8e344365674d,404-20-3002-11403,Vi,LTE,404,20,3002,11403,21.23461,72.84014,0.0,90.0,564.0,"Plot 118, Near Singanpor, Katargam, Singanpor, Surat, Gujarat 395004"
fc036340-d84f-45e9-a836-dcb21805bfd2,405-867-1034-11404,Jio,NR,405,867,1034,11404,21.23461,72.84014,120.0,90.0,564.0,"Plot 118, Near Singanpor, Katargam, Singanpor, Surat, Gujarat 395004"
e8decbc7-da5e-4e89-a870-2e617d89cafb,404-81-4021-11405,BSNL,GSM,404,81,4021,11405,21.23461,72.84014,240.0,90.0,564.0,"Plot 118, Near Singanpor, Katargam, Singanpor, Surat, Gujarat 395004"
21963d4c-3629-4a1b-8cf9-c8c8af3ba459,404-10-2037-11406,Airtel,LTE,404,10,2037,11406,21.20884,72.84032,0.0,90.0,318.0,"Plot 16, Near Singanpor, Katargam, Singanpor, Surat, Gujarat 395004"
f3ad0bb7-f271-475b-89cb-b911ff885ff1,405-867-1043-11407,Jio,LTE,405,867,1043,11407,21.20884,72.84032,120.0,90.0,318.0,"Plot 16, Near Singanpor, Katargam, Singanpor, Surat, Gujarat 395004"
e313f18b-42f5-43bf-ada7-51c407e1d953,404-20-3027-11408,Vi,GSM,404,20,3027,11408,21.20884,72.84032,240.0,90.0,318.0,"Plot 16, Near Singanpor, Katargam, Singanpor, Surat, Gujarat 395004"
5c29c722-08bd-4ea4-8002-0da1e15f0172,404-20-3018-11409,Vi,LTE,404,20,3018,11409,21.20979,72.83954,0.0,90.0,460.0,"Plot 78, Near Laxmi Enclave, Katargam, Singanpor, Surat, Gujarat 395004"
df28ce21-6df2-49d3-af27-6dc1a081d642,404-20-3010-11410,Vi,LTE,404,20,3010,11410,21.20979,72.83954,120.0,90.0,460.0,"Plot 78, Near Laxmi Enclave, Katargam, Singanpor, Surat, Gujarat 395004"
0dd7d540-8275-4c72-943f-6178763f7900,404-10-2014-11411,Airtel,LTE,404,10,2014,11411,21.20979,72.83954,240.0,90.0,460.0,"Plot 78, Near Laxmi Enclave, Katargam, Singanpor, Surat, Gujarat 395004"
bce7adca-cc1b-481c-b470-77890f9d8c5c,405-867-1020-11412,Jio,LTE,405,867,1020,11412,21.23858,72.81557,0.0,90.0,632.0,"Plot 114, Near Laxmi Enclave, Katargam, Singanpor, Surat, Gujarat 395004"
fcd2e209-a7da-4e39-a8e6-582a3ead3dc1,405-867-1025-11413,Jio,LTE,405,867,1025,11413,21.23858,72.81557,120.0,90.0,632.0,"Plot 114, Near Laxmi Enclave, Katargam, Singanpor, Surat, Gujarat 395004"
2bb13460-8174-421a-809c-d4557d491a70,404-10-2009-11414,Airtel,NR,404,10,2009,11414,21.23858,72.81557,240.0,90.0,632.0,"Plot 114, Near Laxmi Enclave, Katargam, Singanpor, Surat, Gujarat 395004"
dfda1710-9192-4311-940e-e3d8ef50555f,404-10-2011-11415,Airtel,NR,404,10,2011,11415,21.2085,72.82571,0.0,90.0,459.0,"Plot 24, Near Gajera Circle, Katargam, Singanpor, Surat, Gujarat 395004"
8afa5501-89d3-49dd-b4ab-06d6efb26356,405-867-1035-11416,Jio,NR,405,867,1035,11416,21.2085,72.82571,120.0,90.0,459.0,"Plot 24, Near Gajera Circle, Katargam, Singanpor, Surat, Gujarat 395004"
07d60622-2937-48e8-82c6-c60be0fbce84,404-10-2020-11417,Airtel,LTE,404,10,2020,11417,21.2085,72.82571,240.0,90.0,459.0,"Plot 24, Near Gajera Circle, Katargam, Singanpor, Surat, Gujarat 395004"
32dc52a3-5d8f-4d62-9c41-5a611796e413,404-10-2004-11418,Airtel,LTE,404,10,2004,11418,21.22171,72.80426,0.0,90.0,432.0,"Plot 16, Near Katargam Darwaja, Katargam, Singanpor, Surat, Gujarat 395004"
e7b5abda-0708-4da1-b8e7-a1c152678531,404-20-3029-11419,Vi,GSM,404,20,3029,11419,21.22171,72.80426,120.0,90.0,432.0,"Plot 16, Near Katargam Darwaja, Katargam, Singanpor, Surat, Gujarat 395004"
4544da53-b206-4708-b377-aac195f6cc54,405-867-1030-11420,Jio,LTE,405,867,1030,11420,21.22171,72.80426,240.0,90.0,432.0,"Plot 16, Near Katargam Darwaja, Katargam, Singanpor, Surat, Gujarat 395004"
d179c36a-6162-4ad3-8f44-b0306aa02220,404-10-2015-11421,Airtel,NR,404,10,2015,11421,21.2191,72.83811,0.0,90.0,621.0,"Plot 145, Near Laxmi Enclave, Katargam, Singanpor, Surat, Gujarat 395004"
78dae77a-1340-4c94-b4a4-be19a4157f21,405-867-1037-11422,Jio,LTE,405,867,1037,11422,21.2191,72.83811,120.0,90.0,621.0,"Plot 145, Near Laxmi Enclave, Katargam, Singanpor, Surat, Gujarat 395004"
ceb19a89-a8f7-49f8-b94f-32a7ba530c79,404-10-2034-11423,Airtel,NR,404,10,2034,11423,21.2191,72.83811,240.0,90.0,621.0,"Plot 145, Near Laxmi Enclave, Katargam, Singanpor, Surat, Gujarat 395004"
94ca1e64-bce2-4de0-a0fc-96276ff062f2,405-867-1028-11424,Jio,LTE,405,867,1028,11424,21.2244,72.81986,0.0,90.0,484.0,"Plot 150, Near Laxmi Enclave, Katargam, Singanpor, Surat, Gujarat 395004"
43ccd2ea-079d-45ac-8e10-a47792705047,404-20-3004-11425,Vi,LTE,404,20,3004,11425,21.2244,72.81986,120.0,90.0,484.0,"Plot 150, Near Laxmi Enclave, Katargam, Singanpor, Surat, Gujarat 395004"
9d73fef2-c719-4d00-ba08-5d8dee922421,405-867-1014-11426,Jio,LTE,405,867,1014,11426,21.2244,72.81986,240.0,90.0,484.0,"Plot 150, Near Laxmi Enclave, Katargam, Singanpor, Surat, Gujarat 395004"
bbd5b77c-4a89-4b06-bca5-d79a84123871,404-20-3038-11427,Vi,GSM,404,20,3038,11427,21.21198,72.83291,0.0,90.0,565.0,"Plot 104, Near Laxmi Enclave, Katargam, Singanpor, Surat, Gujarat 395004"
9b7701bf-05df-4bd1-b4d9-26d5501fcc6c,405-867-1029-11428,Jio,LTE,405,867,1029,11428,21.21198,72.83291,120.0,90.0,565.0,"Plot 104, Near Laxmi Enclave, Katargam, Singanpor, Surat, Gujarat 395004"
d1a1c6b0-79cc-479e-b96a-f6d38976d4ed,404-10-2027-11429,Airtel,GSM,404,10,2027,11429,21.21198,72.83291,240.0,90.0,565.0,"Plot 104, Near Laxmi Enclave, Katargam, Singanpor, Surat, Gujarat 395004"
cd9c7f71-7059-4cfb-bf98-33b5f747f055,404-81-4034-11430,BSNL,LTE,404,81,4034,11430,21.22894,72.81955,0.0,90.0,366.0,"Plot 125, Near Gajera Circle, Katargam, Singanpor, Surat, Gujarat 395004"
364f8036-380c-40fb-b7f3-e14dfa84be7d,405-867-1031-11431,Jio,LTE,405,867,1031,11431,21.22894,72.81955,120.0,90.0,366.0,"Plot 125, Near Gajera Circle, Katargam, Singanpor, Surat, Gujarat 395004"
3703b306-c9bd-478f-bf87-89f77bd5c601,405-867-1036-11432,Jio,LTE,405,867,1036,11432,21.22894,72.81955,240.0,90.0,366.0,"Plot 125, Near Gajera Circle, Katargam, Singanpor, Surat, Gujarat 395004"
54b77c74-03b8-48d2-857e-24d296d2066f,404-10-2020-11433,Airtel,LTE,404,10,2020,11433,21.21002,72.84526,129.4,90.0,310.0,"Plot 105, Near Laxmi Enclave, Katargam, Singanpor, Surat, Gujarat 395004"
4c51d196-d11c-4f4e-abb9-8a8d81479351,404-20-3020-11434,Vi,LTE,404,20,3020,11434,21.23752,72.82724,0.0,90.0,372.0,"Plot 8, Near Singanpor, Katargam, Singanpor, Surat, Gujarat 395004"
f74d326d-54ae-484f-834e-3ca6796021a2,404-20-3032-11435,Vi,LTE,404,20,3032,11435,21.23752,72.82724,120.0,90.0,372.0,"Plot 8, Near Singanpor, Katargam, Singanpor, Surat, Gujarat 395004"
59c39bd0-9bd6-4fa8-8063-45218a72fc4f,405-867-1005-11436,Jio,LTE,405,867,1005,11436,21.23752,72.82724,240.0,90.0,372.0,"Plot 8, Near Singanpor, Katargam, Singanpor, Surat, Gujarat 395004"
a66f412a-3fb1-4816-82bb-588c6b97d02e,404-20-3039-11437,Vi,LTE,404,20,3039,11437,21.23506,72.81657,0.0,90.0,472.0,"Plot 80, Near Laxmi Enclave, Katargam, Singanpor, Surat, Gujarat 395004"
9c0a53f9-ea4f-4b0c-b8b6-d7ac347ec3b9,405-867-1041-11438,Jio,LTE,405,867,1041,11438,21.23506,72.81657,120.0,90.0,472.0,"Plot 80, Near Laxmi Enclave, Katargam, Singanpor, Surat, Gujarat 395004"
cb113b93-c3d5-43a1-87b4-e48e1a3129b4,405-867-1029-11439,Jio,LTE,405,867,1029,11439,21.23506,72.81657,240.0,90.0,472.0,"Plot 80, Near Laxmi Enclave, Katargam, Singanpor, Surat, Gujarat 395004"
9b389247-0436-480f-b2ac-14f5b8b0a3cd,405-867-1043-11440,Jio,LTE,405,867,1043,11440,21.23641,72.84463,0.0,90.0,502.0,"Plot 105, Near Katargam Darwaja, Katargam, Singanpor, Surat, Gujarat 395004"
a78768db-b65a-4b23-a75a-081787ccdbc2,404-20-3042-11441,Vi,LTE,404,20,3042,11441,21.23641,72.84463,120.0,90.0,502.0,"Plot 105, Near Katargam Darwaja, Katargam, Singanpor, Surat, Gujarat 395004"
fed219e0-8e2b-4028-be75-9f61014cac2b,405-867-1002-11442,Jio,LTE,405,867,1002,11442,21.23641,72.84463,240.0,90.0,502.0,"Plot 105, Near Katargam Darwaja, Katargam, Singanpor, Surat, Gujarat 395004"
3cf75e3d-5f09-450d-b4d3-617f4a488743,404-10-2040-11443,Airtel,LTE,404,10,2040,11443,21.2069,72.81856,0.0,90.0,629.0,"Plot 144, Near Dabholi Road, Katargam, Singanpor, Surat, Gujarat 395004"
b52b124f-fa4c-45a4-86bc-ee0f7663bb7b,404-10-2037-11444,Airtel,NR,404,10,2037,11444,21.2069,72.81856,120.0,90.0,629.0,"Plot 144, Near Dabholi Road, Katargam, Singanpor, Surat, Gujarat 395004"
0ba55705-5d90-42e7-919d-55d86d2c44c2,404-10-2033-11445,Airtel,NR,404,10,2033,11445,21.2069,72.81856,240.0,90.0,629.0,"Plot 144, Near Dabholi Road, Katargam, Singanpor, Surat, Gujarat 395004"
bb981e2c-6672-4028-8f38-ef3cd9417f48,404-20-3038-11446,Vi,LTE,404,20,3038,11446,21.23145,72.82276,0.0,90.0,440.0,"Plot 47, Near Laxmi Enclave, Katargam, Singanpor, Surat, Gujarat 395004"
d4014f61-90da-4bd9-b9f1-454d68e7f1e7,405-867-1039-11447,Jio,NR,405,867,1039,11447,21.23145,72.82276,120.0,90.0,440.0,"Plot 47, Near Laxmi Enclave, Katargam, Singanpor, Surat, Gujarat 395004"
4f6859df-c569-4423-8774-b733eb888eee,405-867-1032-11448,Jio,LTE,405,867,1032,11448,21.23145,72.82276,240.0,90.0,440.0,"Plot 47, Near Laxmi Enclave, Katargam, Singanpor, Surat, Gujarat 395004"
7190a075-8a63-49d3-899c-4dbcf70c3685,405-867-1008-11449,Jio,LTE,405,867,1008,11449,21.22765,72.82465,0.0,90.0,570.0,"Plot 47, Near Singanpor, Katargam, Singanpor, Surat, Gujarat 395004"
497cc49b-2849-4ab4-a8b4-718116426925,404-81-4019-11450,BSNL,LTE,404,81,4019,11450,21.22765,72.82465,120.0,90.0,570.0,"Plot 47, Near Singanpor, Katargam, Singanpor, Surat, Gujarat 395004"
6c29a02b-b17c-436a-bd05-c3c1162cb04c,405-867-1006-11451,Jio,LTE,405,867,1006,11451,21.22765,72.82465,240.0,90.0,570.0,"Plot 47, Near Singanpor, Katargam, Singanpor, Surat, Gujarat 395004"
b7968215-d221-4675-84b6-9dce3e7439b3,405-867-1020-11452,Jio,LTE,405,867,1020,11452,21.23744,72.84744,0.0,90.0,466.0,"Plot 16, Near Gajera Circle, Katargam, Singanpor, Surat, Gujarat 395004"
1db0c862-ab97-44fa-a7b0-7da508d20e16,405-867-1027-11453,Jio,LTE,405,867,1027,11453,21.23744,72.84744,120.0,90.0,466.0,"Plot 16, Near Gajera Circle, Katargam, Singanpor, Surat, Gujarat 395004"
089f43f0-8d06-4df4-9190-fa335dbe6e49,404-20-3008-11454,Vi,LTE,404,20,3008,11454,21.23744,72.84744,240.0,90.0,466.0,"Plot 16, Near Gajera Circle, Katargam, Singanpor, Surat, Gujarat 395004"
d5af22ef-8015-4dd8-8f12-c3c5656b643c,405-867-1004-11455,Jio,LTE,405,867,1004,11455,21.23561,72.83185,0.0,90.0,558.0,"Plot 61, Near Laxmi Enclave, Katargam, Singanpor, Surat, Gujarat 395004"
aba49d9f-c0ef-4d4d-afba-755a99af1599,405-867-1005-11456,Jio,LTE,405,867,1005,11456,21.23561,72.83185,120.0,90.0,558.0,"Plot 61, Near Laxmi Enclave, Katargam, Singanpor, Surat, Gujarat 395004"
cd6d5d99-3490-479c-83d0-495be9f51753,405-867-1015-11457,Jio,LTE,405,867,1015,11457,21.23561,72.83185,240.0,90.0,558.0,"Plot 61, Near Laxmi Enclave, Katargam, Singanpor, Surat, Gujarat 395004"
dac88e1f-cdc3-4f11-be95-23c1e5c1d34f,404-10-2037-11458,Airtel,LTE,404,10,2037,11458,21.22825,72.8259,0.0,90.0,584.0,"Plot 26, Near Laxmi Enclave, Katargam, Singanpor, Surat, Gujarat 395004"
ccbd4419-54e9-43c0-ac3e-265d48505a9e,405-867-1041-11459,Jio,LTE,405,867,1041,11459,21.22825,72.8259,120.0,90.0,584.0,"Plot 26, Near Laxmi Enclave, Katargam, Singanpor, Surat, Gujarat 395004"
4a1cc197-aa36-41f6-9299-4d7865770bec,404-10-2010-11460,Airtel,NR,404,10,2010,11460,21.22825,72.8259,240.0,90.0,584.0,"Plot 26, Near Laxmi Enclave, Katargam, Singanpor, Surat, Gujarat 395004"
62d1bce9-1ddd-4bcc-a160-6e9567e15cc9,405-867-1030-11461,Jio,LTE,405,867,1030,11461,21.20936,72.84514,0.0,90.0,584.0,"Plot 138, Near Gajera Circle, Katargam, Singanpor, Surat, Gujarat 395004"
aff41cc7-13d8-4a26-8572-eb2eae48d13a,404-81-4042-11462,BSNL,LTE,404,81,4042,11462,21.20936,72.84514,120.0,90.0,584.0,"Plot 138, Near Gajera Circle, Katargam, Singanpor, Surat, Gujarat 395004"
ba879c93-328e-4232-94fb-d419535dc735,404-81-4031-11463,BSNL,GSM,404,81,4031,11463,21.20936,72.84514,240.0,90.0,584.0,"Plot 138, Near Gajera Circle, Katargam, Singanpor, Surat, Gujarat 395004"
9ca13dfc-fd19-429f-9f42-edaa5009bf66,404-10-2003-11464,Airtel,LTE,404,10,2003,11464,21.22333,72.84015,0.0,90.0,408.0,"Plot 90, Near Singanpor, Katargam, Singanpor, Surat, Gujarat 395004"
aea132f5-e5e0-464f-89f1-a1ed401ab797,405-867-1005-11465,Jio,LTE,405,867,1005,11465,21.22333,72.84015,120.0,90.0,408.0,"Plot 90, Near Singanpor, Katargam, Singanpor, Surat, Gujarat 395004"
1a0d96c0-1da9-4c66-93cd-cf768c986d48,405-867-1008-11466,Jio,LTE,405,867,1008,11466,21.22333,72.84015,240.0,90.0,408.0,"Plot 90, Near Singanpor, Katargam, Singanpor, Surat, Gujarat 395004"
6e45d492-23bb-4a40-aa49-9704a3b61c80,404-81-4044-11467,BSNL,GSM,404,81,4044,11467,21.23431,72.80997,0.0,90.0,558.0,"Plot 111, Near Dabholi Road, Katargam, Singanpor, Surat, Gujarat 395004"
ad012c0e-ec9c-4d78-8113-afec3c194648,404-81-4029-11468,BSNL,LTE,404,81,4029,11468,21.23431,72.80997,120.0,90.0,558.0,"Plot 111, Near Dabholi Road, Katargam, Singanpor, Surat, Gujarat 395004"
b8934dbf-fe4f-48da-8634-c0f20b018ecb,405-867-1021-11469,Jio,LTE,405,867,1021,11469,21.23431,72.80997,240.0,90.0,558.0,"Plot 111, Near Dabholi Road, Katargam, Singanpor, Surat, Gujarat 395004"
ab0b00fb-90d9-4d8b-84a9-fa4dc7e3470d,404-10-2001-11470,Airtel,LTE,404,10,2001,11470,21.21664,72.84182,242.1,360.0,300.0,"Plot 85, Near Laxmi Enclave, Katargam, Singanpor, Surat, Gujarat 395004"
19a19f3f-2fff-4f68-965e-fe8447b7af35,404-10-2043-11471,Airtel,LTE,404,10,2043,11471,21.21819,72.81417,0.0,90.0,632.0,"Plot 101, Near Singanpor, Katargam, Singanpor, Surat, Gujarat 395004"
3475cdf2-6be4-44d0-9cd3-1577d3ee1a34,405-867-1025-11472,Jio,LTE,405,867,1025,11472,21.21819,72.81417,120.0,90.0,632.0,"Plot 101, Near Singanpor, Katargam, Singanpor, Surat, Gujarat 395004"
7586b8cc-a283-4e5e-b9fe-8811d80505cf,404-20-3012-11473,Vi,LTE,404,20,3012,11473,21.21819,72.81417,240.0,90.0,632.0,"Plot 101, Near Singanpor, Katargam, Singanpor, Surat, Gujarat 395004"
556b566a-4bcf-4d7a-9b92-be7bac2f6d49,405-867-1002-11474,Jio,LTE,405,867,1002,11474,21.23579,72.80953,0.0,90.0,398.0,"Plot 32, Near Katargam Darwaja, Katargam, Singanpor, Surat, Gujarat 395004"
da4f3f09-d0de-4330-bde6-ff74535990f8,404-20-3023-11475,Vi,LTE,404,20,3023,11475,21.23579,72.80953,120.0,90.0,398.0,"Plot 32, Near Katargam Darwaja, Katargam, Singanpor, Surat, Gujarat 395004"
c0ac51d6-f735-4796-acff-b7f80a05e20b,405-867-1041-11476,Jio,NR,405,867,1041,11476,21.23579,72.80953,240.0,90.0,398.0,"Plot 32, Near Katargam Darwaja, Katargam, Singanpor, Surat, Gujarat 395004"
d4cf110f-0ba4-4e7a-969a-69fb4c756c26,405-867-1039-11477,Jio,NR,405,867,1039,11477,21.21873,72.84738,0.0,90.0,318.0,"Plot 127, Near Gajera Circle, Katargam, Singanpor, Surat, Gujarat 395004"
38b9b435-c176-4d2b-905d-c9cb6107746c,405-867-1041-11478,Jio,LTE,405,867,1041,11478,21.21873,72.84738,120.0,90.0,318.0,"Plot 127, Near Gajera Circle, Katargam, Singanpor, Surat, Gujarat 395004"
375cbb68-f019-4c58-9a6b-aa0abdc1ed18,405-867-1037-11479,Jio,NR,405,867,1037,11479,21.21873,72.84738,240.0,90.0,318.0,"Plot 127, Near Gajera Circle, Katargam, Singanpor, Surat, Gujarat 395004"
a0bfb743-1873-409b-b053-9625b372b83a,404-10-2009-11480,Airtel,LTE,404,10,2009,11480,21.18457,72.79197,0.0,90.0,708.0,"Plot 145, Near Honey Park Road, Adajan, Pal, Surat, Gujarat 395009"
5c71d387-36bd-4d61-b6d6-f64ea055f2dc,404-20-3037-11481,Vi,LTE,404,20,3037,11481,21.18457,72.79197,120.0,90.0,708.0,"Plot 145, Near Honey Park Road, Adajan, Pal, Surat, Gujarat 395009"
c32d39eb-82c6-4430-b6f8-ea2bb32dd946,404-20-3018-11482,Vi,GSM,404,20,3018,11482,21.18457,72.79197,240.0,90.0,708.0,"Plot 145, Near Honey Park Road, Adajan, Pal, Surat, Gujarat 395009"
d8987a44-4b21-4831-a726-c247876d2bf2,405-867-1042-11483,Jio,NR,405,867,1042,11483,21.20397,72.81435,0.0,90.0,852.0,"Plot 65, Near Bhatha Village Road, Adajan, Pal, Surat, Gujarat 395009"
d1f07934-c583-4907-8fd5-1d92d3c2bc49,404-10-2021-11484,Airtel,LTE,404,10,2021,11484,21.20397,72.81435,120.0,90.0,852.0,"Plot 65, Near Bhatha Village Road, Adajan, Pal, Surat, Gujarat 395009"
b2363a64-55a7-4719-90cd-f988c31c124f,405-867-1018-11485,Jio,NR,405,867,1018,11485,21.20397,72.81435,240.0,90.0,852.0,"Plot 65, Near Bhatha Village Road, Adajan, Pal, Surat, Gujarat 395009"
f7e9779e-33d9-469e-8d6e-93aad9294759,404-20-3018-11486,Vi,LTE,404,20,3018,11486,21.2101,72.80652,0.0,90.0,422.0,"Plot 93, Near L P Savani Circle, Adajan, Pal, Surat, Gujarat 395009"
12ecfbc9-68c6-45e0-a59b-8d7ad6696796,404-20-3021-11487,Vi,LTE,404,20,3021,11487,21.2101,72.80652,120.0,90.0,422.0,"Plot 93, Near L P Savani Circle, Adajan, Pal, Surat, Gujarat 395009"
aad0518e-d1af-4a24-8731-ae4ce150805e,405-867-1006-11488,Jio,LTE,405,867,1006,11488,21.2101,72.80652,240.0,90.0,422.0,"Plot 93, Near L P Savani Circle, Adajan, Pal, Surat, Gujarat 395009"
6fef01bf-8d76-4c8e-834d-9bceba80675a,405-867-1020-11489,Jio,LTE,405,867,1020,11489,21.21374,72.77416,0.0,90.0,869.0,"Plot 109, Near Honey Park Road, Adajan, Pal, Surat, Gujarat 395009"
6a1b93de-d813-4cb9-9ba3-45ce8902c5d1,405-867-1002-11490,Jio,LTE,405,867,1002,11490,21.21374,72.77416,120.0,90.0,869.0,"Plot 109, Near Honey Park Road, Adajan, Pal, Surat, Gujarat 395009"
7ed4de15-aba9-4811-b606-762008de1c7c,405-867-1038-11491,Jio,NR,405,867,1038,11491,21.21374,72.77416,240.0,90.0,869.0,"Plot 109, Near Honey Park Road, Adajan, Pal, Surat, Gujarat 395009"
89844ca6-9343-4b73-ad37-bd985b40f897,404-20-3016-11492,Vi,LTE,404,20,3016,11492,21.20364,72.76518,83.4,90.0,413.0,"Plot 64, Near Pal RTO Office, Adajan, Pal, Surat, Gujarat 395009"
79c26df9-e8ae-4371-8cd8-b36e32333fba,405-867-1004-11493,Jio,LTE,405,867,1004,11493,21.21835,72.78312,0.0,90.0,720.0,"Plot 113, Near Bhatha Village Road, Adajan, Pal, Surat, Gujarat 395009"
c4ce7a08-653e-4bf7-997d-5f4cd25a8795,404-20-3045-11494,Vi,LTE,404,20,3045,11494,21.21835,72.78312,120.0,90.0,720.0,"Plot 113, Near Bhatha Village Road, Adajan, Pal, Surat, Gujarat 395009"
16788071-35b3-4732-91a6-5cb827680ccb,405-867-1029-11495,Jio,LTE,405,867,1029,11495,21.21835,72.78312,240.0,90.0,720.0,"Plot 113, Near Bhatha Village Road, Adajan, Pal, Surat, Gujarat 395009"
888f311c-584b-422a-8bd2-5e828dfc0f44,404-20-3040-11496,Vi,LTE,404,20,3040,11496,21.21595,72.79967,19.5,60.0,475.0,"Plot 17, Near L P Savani Circle, Adajan, Pal, Surat, Gujarat 395009"
5aa7998e-a5aa-4658-9483-a882bb66e07e,404-20-3040-11497,Vi,GSM,404,20,3040,11497,21.19616,72.77778,0.0,90.0,637.0,"Plot 3, Near Bhatha Village Road, Adajan, Pal, Surat, Gujarat 395009"
57fe7891-4571-4923-bfc3-f05911eb5810,405-867-1044-11498,Jio,LTE,405,867,1044,11498,21.19616,72.77778,120.0,90.0,637.0,"Plot 3, Near Bhatha Village Road, Adajan, Pal, Surat, Gujarat 395009"
fff6edc1-b03a-4ad9-95fd-11921b44f3b2,404-20-3022-11499,Vi,LTE,404,20,3022,11499,21.19616,72.77778,240.0,90.0,637.0,"Plot 3, Near Bhatha Village Road, Adajan, Pal, Surat, Gujarat 395009"
c0304495-53eb-4d1d-a976-151213966529,405-867-1041-11500,Jio,LTE,405,867,1041,11500,21.18813,72.7868,0.0,90.0,830.0,"Plot 18, Near Adajan Patiya, Adajan, Pal, Surat, Gujarat 395009"
ea868071-b520-44c6-9210-4cace6ea2faa,404-10-2031-11501,Airtel,LTE,404,10,2031,11501,21.18813,72.7868,120.0,90.0,830.0,"Plot 18, Near Adajan Patiya, Adajan, Pal, Surat, Gujarat 395009"
5b29b4ac-636b-4f4f-8b00-97f0ce568846,404-10-2016-11502,Airtel,LTE,404,10,2016,11502,21.18813,72.7868,240.0,90.0,830.0,"Plot 18, Near Adajan Patiya, Adajan, Pal, Surat, Gujarat 395009"
814a8ae0-0734-46f0-9a0b-28d073526885,404-81-4020-11503,BSNL,LTE,404,81,4020,11503,21.20006,72.79711,0.0,90.0,662.0,"Plot 80, Near Honey Park Road, Adajan, Pal, Surat, Gujarat 395009"
57ec4fae-f882-43d6-8a05-c0a2d279a518,404-10-2010-11504,Airtel,LTE,404,10,2010,11504,21.20006,72.79711,120.0,90.0,662.0,"Plot 80, Near Honey Park Road, Adajan, Pal, Surat, Gujarat 395009"
7d11bbd5-c906-4db1-9bc9-d11662a146df,405-867-1022-11505,Jio,LTE,405,867,1022,11505,21.20006,72.79711,240.0,90.0,662.0,"Plot 80, Near Honey Park Road, Adajan, Pal, Surat, Gujarat 395009"
591e2e53-7f1a-43e3-9aca-568ed6006abb,405-867-1013-11506,Jio,LTE,405,867,1013,11506,21.18921,72.81961,177.5,360.0,413.0,"Plot 38, Near Bhatha Village Road, Adajan, Pal, Surat, Gujarat 395009"
a5c5116a-77ea-48fc-b6e3-97e1694f6957,404-10-2039-11507,Airtel,GSM,404,10,2039,11507,21.18815,72.78175,0.0,90.0,643.0,"Plot 88, Near Adajan Patiya, Adajan, Pal, Surat, Gujarat 395009"
e1d247de-14e7-4ac0-81e1-8b1f544d5daa,404-10-2037-11508,Airtel,NR,404,10,2037,11508,21.18815,72.78175,120.0,90.0,643.0,"Plot 88, Near Adajan Patiya, Adajan, Pal, Surat, Gujarat 395009"
44ac8bd7-4ddf-42e6-9953-7ee3c4e9865a,404-81-4027-11509,BSNL,LTE,404,81,4027,11509,21.18815,72.78175,240.0,90.0,643.0,"Plot 88, Near Adajan Patiya, Adajan, Pal, Surat, Gujarat 395009"
60690dde-3ebe-45a2-af4e-214a9d96a9cb,404-10-2030-11510,Airtel,LTE,404,10,2030,11510,21.19168,72.80061,0.0,90.0,401.0,"Plot 127, Near Adajan Patiya, Adajan, Pal, Surat, Gujarat 395009"
e9e1a30b-1282-4f60-8170-805cad58c9c8,404-10-2022-11511,Airtel,LTE,404,10,2022,11511,21.19168,72.80061,120.0,90.0,401.0,"Plot 127, Near Adajan Patiya, Adajan, Pal, Surat, Gujarat 395009"
e58149e7-fed6-4ae0-886d-66447c98b50b,404-20-3026-11512,Vi,LTE,404,20,3026,11512,21.19168,72.80061,240.0,90.0,401.0,"Plot 127, Near Adajan Patiya, Adajan, Pal, Surat, Gujarat 395009"
81a15ba1-5fc0-45ca-812f-b57de626a5f5,405-867-1038-11513,Jio,LTE,405,867,1038,11513,21.2068,72.81842,10.5,60.0,436.0,"Plot 3, Near Pal RTO Office, Adajan, Pal, Surat, Gujarat 395009"
6ac1bb82-6580-47b1-af4a-40035143da94,405-867-1012-11514,Jio,LTE,405,867,1012,11514,21.20996,72.78285,0.0,90.0,489.0,"Plot 51, Near Adajan Patiya, Adajan, Pal, Surat, Gujarat 395009"
0cfd0b3b-346c-4102-91ea-43875f04c5b6,405-867-1012-11515,Jio,LTE,405,867,1012,11515,21.20996,72.78285,120.0,90.0,489.0,"Plot 51, Near Adajan Patiya, Adajan, Pal, Surat, Gujarat 395009"
8b2d3be1-915b-49e6-8b7c-c720723c91fb,405-867-1017-11516,Jio,LTE,405,867,1017,11516,21.20996,72.78285,240.0,90.0,489.0,"Plot 51, Near Adajan Patiya, Adajan, Pal, Surat, Gujarat 395009"
fa571035-353f-4da0-907e-7949617aaf54,405-867-1020-11517,Jio,NR,405,867,1020,11517,21.20001,72.78929,0.0,90.0,853.0,"Plot 98, Near Honey Park Road, Adajan, Pal, Surat, Gujarat 395009"
58610d64-5cec-4f50-8070-de7e10cf2d8b,405-867-1024-11518,Jio,LTE,405,867,1024,11518,21.20001,72.78929,120.0,90.0,853.0,"Plot 98, Near Honey Park Road, Adajan, Pal, Surat, Gujarat 395009"
f8148ae4-78f6-4c95-8ec2-6578ea62128d,404-10-2040-11519,Airtel,GSM,404,10,2040,11519,21.20001,72.78929,240.0,90.0,853.0,"Plot 98, Near Honey Park Road, Adajan, Pal, Surat, Gujarat 395009"
706a0c96-28f8-4a9d-bd4f-29cee3c080f2,404-10-2021-11520,Airtel,LTE,404,10,2021,11520,21.21466,72.7736,323.5,60.0,449.0,"Plot 31, Near Adajan Patiya, Adajan, Pal, Surat, Gujarat 395009"
353d7872-800c-4584-8994-83326fd87b95,405-867-1010-11521,Jio,LTE,405,867,1010,11521,21.17434,72.77522,0.0,90.0,700.0,"Plot 12, Near Honey Park Road, Adajan, Pal, Surat, Gujarat 395009"
c235b2dc-b2a2-46ff-919e-07e84eb5cd1a,405-867-1018-11522,Jio,LTE,405,867,1018,11522,21.17434,72.77522,120.0,90.0,700.0,"Plot 12, Near Honey Park Road, Adajan, Pal, Surat, Gujarat 395009"
8e0b1aea-19e3-44d5-a45a-31c51067a946,404-20-3038-11523,Vi,GSM,404,20,3038,11523,21.17434,72.77522,240.0,90.0,700.0,"Plot 12, Near Honey Park Road, Adajan, Pal, Surat, Gujarat 395009"
22b21675-990f-46cd-9fa2-bf4c87f5b0a7,405-867-1042-11524,Jio,LTE,405,867,1042,11524,21.20549,72.78312,0.0,90.0,714.0,"Plot 121, Near Adajan Patiya, Adajan, Pal, Surat, Gujarat 395009"
1e3bc641-368e-4ce4-a918-640fd4d3734b,404-20-3034-11525,Vi,LTE,404,20,3034,11525,21.20549,72.78312,120.0,90.0,714.0,"Plot 121, Near Adajan Patiya, Adajan, Pal, Surat, Gujarat 395009"
35f246e1-916b-478f-a832-42fd506b4523,405-867-1024-11526,Jio,LTE,405,867,1024,11526,21.20549,72.78312,240.0,90.0,714.0,"Plot 121, Near Adajan Patiya, Adajan, Pal, Surat, Gujarat 395009"
27d968cb-f57a-43c3-9cb3-183ba0abc930,404-10-2042-11527,Airtel,NR,404,10,2042,11527,21.17735,72.78877,0.0,90.0,605.0,"Plot 122, Near L P Savani Circle, Adajan, Pal, Surat, Gujarat 395009"
08bdda93-a0dd-48fc-9bd0-7b09cee8979f,405-867-1013-11528,Jio,LTE,405,867,1013,11528,21.17735,72.78877,120.0,90.0,605.0,"Plot 122, Near L P Savani Circle, Adajan, Pal, Surat, Gujarat 395009"
61479546-bafd-4cfa-9a70-6ae116e7b84c,405-867-1014-11529,Jio,LTE,405,867,1014,11529,21.17735,72.78877,240.0,90.0,605.0,"Plot 122, Near L P Savani Circle, Adajan, Pal, Surat, Gujarat 395009"
2ce36809-9585-47bb-b48a-58472f93180c,405-867-1006-11530,Jio,LTE,405,867,1006,11530,21.18721,72.81767,0.0,90.0,591.0,"Plot 41, Near Bhatha Village Road, Adajan, Pal, Surat, Gujarat 395009"
7a0b28cf-b1ae-4854-8432-dc7e84547230,405-867-1015-11531,Jio,LTE,405,867,1015,11531,21.18721,72.81767,120.0,90.0,591.0,"Plot 41, Near Bhatha Village Road, Adajan, Pal, Surat, Gujarat 395009"
128fcbde-d601-4b93-bd71-777e38c075b0,404-10-2040-11532,Airtel,LTE,404,10,2040,11532,21.18721,72.81767,240.0,90.0,591.0,"Plot 41, Near Bhatha Village Road, Adajan, Pal, Surat, Gujarat 395009"
05ec03f2-f9fb-422b-b374-d244364db9f9,405-867-1012-11533,Jio,LTE,405,867,1012,11533,21.18657,72.80877,0.0,90.0,654.0,"Plot 105, Near L P Savani Circle, Adajan, Pal, Surat, Gujarat 395009"
761bd398-a74e-4d9b-a269-7e9b47145f46,405-867-1005-11534,Jio,LTE,405,867,1005,11534,21.18657,72.80877,120.0,90.0,654.0,"Plot 105, Near L P Savani Circle, Adajan, Pal, Surat, Gujarat 395009"
73f69941-2dae-470b-a8be-ea129238c468,405-867-1033-11535,Jio,LTE,405,867,1033,11535,21.18657,72.80877,240.0,90.0,654.0,"Plot 105, Near L P Savani Circle, Adajan, Pal, Surat, Gujarat 395009"
a1208039-39a1-4de6-bb2f-8c4e2918f88e,405-867-1022-11536,Jio,LTE,405,867,1022,11536,21.17433,72.79013,25.0,60.0,539.0,"Plot 59, Near Pal RTO Office, Adajan, Pal, Surat, Gujarat 395009"
bb956d4c-2027-42d3-b8d0-f8c3d74ca6dd,404-81-4035-11537,BSNL,LTE,404,81,4035,11537,21.196,72.81707,0.0,90.0,470.0,"Plot 49, Near Pal RTO Office, Adajan, Pal, Surat, Gujarat 395009"
f961f04a-da0f-4976-852e-703160471d2e,404-20-3020-11538,Vi,LTE,404,20,3020,11538,21.196,72.81707,120.0,90.0,470.0,"Plot 49, Near Pal RTO Office, Adajan, Pal, Surat, Gujarat 395009"
7e26a29a-a281-459f-bfb5-bc3565a217c1,405-867-1026-11539,Jio,LTE,405,867,1026,11539,21.196,72.81707,240.0,90.0,470.0,"Plot 49, Near Pal RTO Office, Adajan, Pal, Surat, Gujarat 395009"
51ebd054-cb31-45fa-b2d7-47ecb13ec131,404-81-4015-11540,BSNL,LTE,404,81,4015,11540,21.21912,72.78322,0.0,90.0,789.0,"Plot 121, Near Adajan Patiya, Adajan, Pal, Surat, Gujarat 395009"
7d65f1ed-f46e-4001-b7c8-fbd75033569b,405-867-1031-11541,Jio,LTE,405,867,1031,11541,21.21912,72.78322,120.0,90.0,789.0,"Plot 121, Near Adajan Patiya, Adajan, Pal, Surat, Gujarat 395009"
777f9ef8-f961-4899-a371-8d1fa6d30ff7,405-867-1036-11542,Jio,LTE,405,867,1036,11542,21.21912,72.78322,240.0,90.0,789.0,"Plot 121, Near Adajan Patiya, Adajan, Pal, Surat, Gujarat 395009"
3bede95c-62e0-4f76-b3ba-8313138d3bb9,404-20-3045-11543,Vi,LTE,404,20,3045,11543,21.1971,72.76734,0.0,90.0,560.0,"Plot 88, Near L P Savani Circle, Adajan, Pal, Surat, Gujarat 395009"
92d5027a-908f-418b-bdd4-3b33d3e21e22,405-867-1036-11544,Jio,LTE,405,867,1036,11544,21.1971,72.76734,120.0,90.0,560.0,"Plot 88, Near L P Savani Circle, Adajan, Pal, Surat, Gujarat 395009"
8692114e-305f-4050-843d-bcd417cd2c46,405-867-1009-11545,Jio,LTE,405,867,1009,11545,21.1971,72.76734,240.0,90.0,560.0,"Plot 88, Near L P Savani Circle, Adajan, Pal, Surat, Gujarat 395009"
7327657a-2773-417c-95ab-06e3868ef588,405-867-1045-11546,Jio,NR,405,867,1045,11546,21.18804,72.81544,0.0,90.0,614.0,"Plot 91, Near L P Savani Circle, Adajan, Pal, Surat, Gujarat 395009"
b10f3887-9a00-4568-87ee-31d6fcf90244,404-10-2002-11547,Airtel,LTE,404,10,2002,11547,21.18804,72.81544,120.0,90.0,614.0,"Plot 91, Near L P Savani Circle, Adajan, Pal, Surat, Gujarat 395009"
0e21291c-adae-49de-9d2c-d7c1a5fcb5f7,404-10-2009-11548,Airtel,LTE,404,10,2009,11548,21.18804,72.81544,240.0,90.0,614.0,"Plot 91, Near L P Savani Circle, Adajan, Pal, Surat, Gujarat 395009"
6bc6cd17-1e7a-4196-bae6-6a2f22bfd2d1,404-20-3026-11549,Vi,LTE,404,20,3026,11549,21.21101,72.81528,0.0,90.0,708.0,"Plot 146, Near Pal RTO Office, Adajan, Pal, Surat, Gujarat 395009"
ccbdc5af-59a6-448a-b706-9ef0b742edd5,404-81-4026-11550,BSNL,GSM,404,81,4026,11550,21.21101,72.81528,120.0,90.0,708.0,"Plot 146, Near Pal RTO Office, Adajan, Pal, Surat, Gujarat 395009"
388b6d9f-223d-43a8-a8e2-5185b47881f3,405-867-1031-11551,Jio,LTE,405,867,1031,11551,21.21101,72.81528,240.0,90.0,708.0,"Plot 146, Near Pal RTO Office, Adajan, Pal, Surat, Gujarat 395009"
b01d7e18-1d8b-4569-938e-d6582d833da9,405-867-1032-11552,Jio,LTE,405,867,1032,11552,21.21189,72.80585,36.5,360.0,445.0,"Plot 78, Near L P Savani Circle, Adajan, Pal, Surat, Gujarat 395009"
5e961d21-2601-4298-9d8a-446315254bfd,404-10-2004-11553,Airtel,LTE,404,10,2004,11553,21.20812,72.79421,0.0,90.0,549.0,"Plot 73, Near L P Savani Circle, Adajan, Pal, Surat, Gujarat 395009"
f92aa3b1-1dda-46d9-954a-940bdf63a50d,405-867-1021-11554,Jio,LTE,405,867,1021,11554,21.20812,72.79421,120.0,90.0,549.0,"Plot 73, Near L P Savani Circle, Adajan, Pal, Surat, Gujarat 395009"
0cc05095-4d2f-4270-8ed1-b833f220f9ce,404-20-3011-11555,Vi,LTE,404,20,3011,11555,21.20812,72.79421,240.0,90.0,549.0,"Plot 73, Near L P Savani Circle, Adajan, Pal, Surat, Gujarat 395009"
7bc6dba8-b73a-4a6b-bc4e-e787f135d82f,404-81-4009-11556,BSNL,LTE,404,81,4009,11556,21.20601,72.7913,0.0,90.0,599.0,"Plot 123, Near L P Savani Circle, Adajan, Pal, Surat, Gujarat 395009"
03449555-e2c5-4649-b8a7-b39b8e1c0631,404-20-3043-11557,Vi,LTE,404,20,3043,11557,21.20601,72.7913,120.0,90.0,599.0,"Plot 123, Near L P Savani Circle, Adajan, Pal, Surat, Gujarat 395009"
c0e7e4b4-cca0-44fb-b3ef-44c93a3efee2,405-867-1020-11558,Jio,LTE,405,867,1020,11558,21.20601,72.7913,240.0,90.0,599.0,"Plot 123, Near L P Savani Circle, Adajan, Pal, Surat, Gujarat 395009"
9a45c95f-c02a-42db-855a-5870bcc90156,405-867-1039-11559,Jio,NR,405,867,1039,11559,21.17958,72.78121,0.0,90.0,473.0,"Plot 71, Near L P Savani Circle, Adajan, Pal, Surat, Gujarat 395009"
bc8e40a8-92d3-4b71-ad39-9cbf61edacba,404-20-3037-11560,Vi,LTE,404,20,3037,11560,21.17958,72.78121,120.0,90.0,473.0,"Plot 71, Near L P Savani Circle, Adajan, Pal, Surat, Gujarat 395009"
69b8adab-3020-49da-894e-7c2095863a9d,404-20-3037-11561,Vi,LTE,404,20,3037,11561,21.17958,72.78121,240.0,90.0,473.0,"Plot 71, Near L P Savani Circle, Adajan, Pal, Surat, Gujarat 395009"
0eb664a4-995c-4cae-af73-45e480b8765e,404-20-3012-11562,Vi,LTE,404,20,3012,11562,21.2043,72.79423,0.0,90.0,764.0,"Plot 89, Near L P Savani Circle, Adajan, Pal, Surat, Gujarat 395009"
303696f8-b46a-41c6-a4e1-3eb2e537b5a8,405-867-1040-11563,Jio,LTE,405,867,1040,11563,21.2043,72.79423,120.0,90.0,764.0,"Plot 89, Near L P Savani Circle, Adajan, Pal, Surat, Gujarat 395009"
e8c553f5-b925-4f32-a154-27b2e874deeb,404-10-2043-11564,Airtel,LTE,404,10,2043,11564,21.2043,72.79423,240.0,90.0,764.0,"Plot 89, Near L P Savani Circle, Adajan, Pal, Surat, Gujarat 395009"
f8b76fd8-a9bc-47f4-8fb5-1b4e1489d9ff,405-867-1035-11565,Jio,NR,405,867,1035,11565,21.20431,72.81205,0.0,90.0,845.0,"Plot 12, Near L P Savani Circle, Adajan, Pal, Surat, Gujarat 395009"
6bdb48c2-b0f6-4ba4-8e3e-8ea28bfe90a6,405-867-1045-11566,Jio,NR,405,867,1045,11566,21.20431,72.81205,120.0,90.0,845.0,"Plot 12, Near L P Savani Circle, Adajan, Pal, Surat, Gujarat 395009"
99a0be98-71ee-4235-8fad-57ed150ed4bc,404-10-2032-11567,Airtel,GSM,404,10,2032,11567,21.20431,72.81205,240.0,90.0,845.0,"Plot 12, Near L P Savani Circle, Adajan, Pal, Surat, Gujarat 395009"
1b58171a-0d34-4c04-9d30-1ea7646d47df,405-867-1033-11568,Jio,LTE,405,867,1033,11568,21.17595,72.80541,36.8,90.0,504.0,"Plot 95, Near Adajan Patiya, Adajan, Pal, Surat, Gujarat 395009"
821bca13-963a-4865-9bd0-2ef1a8d29f22,404-20-3001-11569,Vi,LTE,404,20,3001,11569,21.20096,72.79353,0.0,90.0,604.0,"Plot 98, Near L P Savani Circle, Adajan, Pal, Surat, Gujarat 395009"
47e578c3-9340-4f1e-b0b1-ef98c26d9ba8,405-867-1009-11570,Jio,LTE,405,867,1009,11570,21.20096,72.79353,120.0,90.0,604.0,"Plot 98, Near L P Savani Circle, Adajan, Pal, Surat, Gujarat 395009"
8218ca4f-92f6-4248-8408-b79419e035b2,405-867-1032-11571,Jio,LTE,405,867,1032,11571,21.20096,72.79353,240.0,90.0,604.0,"Plot 98, Near L P Savani Circle, Adajan, Pal, Surat, Gujarat 395009"
9f169117-0a95-41bf-b0bf-2c6f95d7999a,404-20-3012-11572,Vi,LTE,404,20,3012,11572,21.18805,72.79411,287.1,60.0,443.0,"Plot 113, Near Honey Park Road, Adajan, Pal, Surat, Gujarat 395009"
f5e9da4f-2061-4122-ab88-b96a33d07db2,405-867-1014-11573,Jio,LTE,405,867,1014,11573,21.19057,72.81247,267.3,360.0,469.0,"Plot 44, Near L P Savani Circle, Adajan, Pal, Surat, Gujarat 395009"
d8bd0cb2-a0f4-4307-9cbc-c269493187b1,404-20-3042-11574,Vi,GSM,404,20,3042,11574,21.19033,72.76528,0.0,90.0,424.0,"Plot 56, Near Bhatha Village Road, Adajan, Pal, Surat, Gujarat 395009"
84932ccd-4ecc-4b8a-bb42-c624f637d072,404-10-2007-11575,Airtel,LTE,404,10,2007,11575,21.19033,72.76528,120.0,90.0,424.0,"Plot 56, Near Bhatha Village Road, Adajan, Pal, Surat, Gujarat 395009"
1ec9f519-5cae-4f33-b853-dd93b2cd26c9,405-867-1004-11576,Jio,LTE,405,867,1004,11576,21.19033,72.76528,240.0,90.0,424.0,"Plot 56, Near Bhatha Village Road, Adajan, Pal, Surat, Gujarat 395009"
6fc4ade3-3fbd-45e7-881c-edf7a1523a7d,404-20-3002-11577,Vi,LTE,404,20,3002,11577,21.19068,72.78795,0.0,90.0,591.0,"Plot 52, Near L P Savani Circle, Adajan, Pal, Surat, Gujarat 395009"
2ddd2372-d3f0-4c5c-85c8-409d9c844f0d,405-867-1022-11578,Jio,NR,405,867,1022,11578,21.19068,72.78795,120.0,90.0,591.0,"Plot 52, Near L P Savani Circle, Adajan, Pal, Surat, Gujarat 395009"
67ad575f-c4b8-4ba1-b7be-85eaf6bc2c7d,404-20-3005-11579,Vi,LTE,404,20,3005,11579,21.19068,72.78795,240.0,90.0,591.0,"Plot 52, Near L P Savani Circle, Adajan, Pal, Surat, Gujarat 395009"
a6c9df45-742f-43a8-b610-ffcc9855242f,404-10-2014-11580,Airtel,LTE,404,10,2014,11580,21.20067,72.81878,179.4,90.0,482.0,"Plot 43, Near Honey Park Road, Adajan, Pal, Surat, Gujarat 395009"
d517f033-6c07-4771-84a7-ff4e2e1e108d,405-867-1026-11581,Jio,LTE,405,867,1026,11581,21.21168,72.78464,0.0,90.0,454.0,"Plot 31, Near L P Savani Circle, Adajan, Pal, Surat, Gujarat 395009"
a357269a-bb13-4a6a-ae85-86fc79a19850,404-10-2014-11582,Airtel,LTE,404,10,2014,11582,21.21168,72.78464,120.0,90.0,454.0,"Plot 31, Near L P Savani Circle, Adajan, Pal, Surat, Gujarat 395009"
d5826e5f-780a-4b2e-8a7e-c53d156ee8bd,405-867-1018-11583,Jio,LTE,405,867,1018,11583,21.21168,72.78464,240.0,90.0,454.0,"Plot 31, Near L P Savani Circle, Adajan, Pal, Surat, Gujarat 395009"
8e730162-f16f-4e2f-a51d-91dbdc371399,404-10-2007-11584,Airtel,GSM,404,10,2007,11584,21.18626,72.77764,0.0,90.0,792.0,"Plot 56, Near Adajan Patiya, Adajan, Pal, Surat, Gujarat 395009"
f49e9f4c-faa8-4859-9160-a412f6939a48,404-10-2037-11585,Airtel,NR,404,10,2037,11585,21.18626,72.77764,120.0,90.0,792.0,"Plot 56, Near Adajan Patiya, Adajan, Pal, Surat, Gujarat 395009"
b9f9d7bf-3bed-4e9c-ae34-3056b23d48a3,405-867-1039-11586,Jio,NR,405,867,1039,11586,21.18626,72.77764,240.0,90.0,792.0,"Plot 56, Near Adajan Patiya, Adajan, Pal, Surat, Gujarat 395009"
89f749bf-6bb9-4124-b541-0bec4b15c02c,404-20-3043-11587,Vi,LTE,404,20,3043,11587,21.1863,72.81262,0.0,90.0,725.0,"Plot 35, Near L P Savani Circle, Adajan, Pal, Surat, Gujarat 395009"
dad19efb-0274-4f76-a1e6-a3ca100cc00a,405-867-1039-11588,Jio,LTE,405,867,1039,11588,21.1863,72.81262,120.0,90.0,725.0,"Plot 35, Near L P Savani Circle, Adajan, Pal, Surat, Gujarat 395009"
d02a8835-8a00-4276-b2b4-f5fa031607aa,404-20-3033-11589,Vi,LTE,404,20,3033,11589,21.1863,72.81262,240.0,90.0,725.0,"Plot 35, Near L P Savani Circle, Adajan, Pal, Surat, Gujarat 395009"
9ea9e636-0bd3-467f-9a1b-73d6fd68d66b,404-20-3016-11590,Vi,LTE,404,20,3016,11590,21.1876,72.78102,0.0,90.0,715.0,"Plot 4, Near Bhatha Village Road, Adajan, Pal, Surat, Gujarat 395009"
28dce468-f7da-4607-bddc-d75550bdf190,404-10-2040-11591,Airtel,NR,404,10,2040,11591,21.1876,72.78102,120.0,90.0,715.0,"Plot 4, Near Bhatha Village Road, Adajan, Pal, Surat, Gujarat 395009"
3f1730ea-bb54-459f-812c-fb221a5a6cc1,405-867-1032-11592,Jio,LTE,405,867,1032,11592,21.1876,72.78102,240.0,90.0,715.0,"Plot 4, Near Bhatha Village Road, Adajan, Pal, Surat, Gujarat 395009"
0dda01d2-f893-4f1f-b4e6-04001b3e4c78,404-10-2022-11593,Airtel,GSM,404,10,2022,11593,21.19288,72.80311,0.0,90.0,771.0,"Plot 10, Near Honey Park Road, Adajan, Pal, Surat, Gujarat 395009"
4297de69-d655-4dfa-9842-98f0ea0b2c20,405-867-1003-11594,Jio,LTE,405,867,1003,11594,21.19288,72.80311,120.0,90.0,771.0,"Plot 10, Near Honey Park Road, Adajan, Pal, Surat, Gujarat 395009"
3d534fbb-2032-4689-a10e-ab8bd87f0bce,404-10-2042-11595,Airtel,GSM,404,10,2042,11595,21.19288,72.80311,240.0,90.0,771.0,"Plot 10, Near Honey Park Road, Adajan, Pal, Surat, Gujarat 395009"
88e5a1fe-6021-4969-97fb-b437ae9ebf0b,404-10-2043-11596,Airtel,GSM,404,10,2043,11596,21.205,72.76877,0.0,90.0,505.0,"Plot 85, Near Honey Park Road, Adajan, Pal, Surat, Gujarat 395009"
df18c52d-d8f2-4e6f-8d96-ce86243214da,404-81-4045-11597,BSNL,LTE,404,81,4045,11597,21.205,72.76877,120.0,90.0,505.0,"Plot 85, Near Honey Park Road, Adajan, Pal, Surat, Gujarat 395009"
338ca65b-2f0e-4a53-ba02-e7b35e919ea0,404-10-2025-11598,Airtel,LTE,404,10,2025,11598,21.205,72.76877,240.0,90.0,505.0,"Plot 85, Near Honey Park Road, Adajan, Pal, Surat, Gujarat 395009"
a264e88c-9d9e-41e3-8c6f-c78f86192154,404-81-4010-11599,BSNL,GSM,404,81,4010,11599,21.18427,72.79029,0.0,90.0,435.0,"Plot 17, Near Adajan Patiya, Adajan, Pal, Surat, Gujarat 395009"
5538172d-6ba4-4d13-b930-a5bcf0c18fb0,404-20-3012-11600,Vi,LTE,404,20,3012,11600,21.18427,72.79029,120.0,90.0,435.0,"Plot 17, Near Adajan Patiya, Adajan, Pal, Surat, Gujarat 395009"
2a368078-afcb-4aa7-a6aa-c5f8c190ef44,404-10-2014-11601,Airtel,NR,404,10,2014,11601,21.18427,72.79029,240.0,90.0,435.0,"Plot 17, Near Adajan Patiya, Adajan, Pal, Surat, Gujarat 395009"
cc5fb34d-1aa1-4a52-9eae-4ad8eeb9c3a4,405-867-1016-11602,Jio,LTE,405,867,1016,11602,21.19669,72.80054,0.0,90.0,501.0,"Plot 80, Near L P Savani Circle, Adajan, Pal, Surat, Gujarat 395009"
23eb5fff-6568-4fd9-a3b5-deac4c4b0ae7,405-867-1041-11603,Jio,LTE,405,867,1041,11603,21.19669,72.80054,120.0,90.0,501.0,"Plot 80, Near L P Savani Circle, Adajan, Pal, Surat, Gujarat 395009"
eabe8a7d-08ed-4e53-b96c-263c44022d54,405-867-1031-11604,Jio,NR,405,867,1031,11604,21.19669,72.80054,240.0,90.0,501.0,"Plot 80, Near L P Savani Circle, Adajan, Pal, Surat, Gujarat 395009"
562417a2-d2b8-4edc-98ef-3b90621163d8,405-867-1028-11605,Jio,LTE,405,867,1028,11605,21.21936,72.80578,0.0,90.0,625.0,"Plot 97, Near L P Savani Circle, Adajan, Pal, Surat, Gujarat 395009"
b9d3357d-a74d-4c0a-950b-dd26ddbac5ec,404-20-3031-11606,Vi,GSM,404,20,3031,11606,21.21936,72.80578,120.0,90.0,625.0,"Plot 97, Near L P Savani Circle, Adajan, Pal, Surat, Gujarat 395009"
fd07a91a-c42d-49aa-aeef-67c1a524c9d9,405-867-1006-11607,Jio,LTE,405,867,1006,11607,21.21936,72.80578,240.0,90.0,625.0,"Plot 97, Near L P Savani Circle, Adajan, Pal, Surat, Gujarat 395009"
3a8c300b-a128-4fbb-a71b-8d014fe077c0,405-867-1020-11608,Jio,LTE,405,867,1020,11608,21.19744,72.7642,0.0,90.0,772.0,"Plot 138, Near Bhatha Village Road, Adajan, Pal, Surat, Gujarat 395009"
c3e9d566-8546-4b41-8830-a63175803193,405-867-1039-11609,Jio,LTE,405,867,1039,11609,21.19744,72.7642,120.0,90.0,772.0,"Plot 138, Near Bhatha Village Road, Adajan, Pal, Surat, Gujarat 395009"
58053519-f0af-455e-aede-63664c2d12c5,405-867-1031-11610,Jio,LTE,405,867,1031,11610,21.19744,72.7642,240.0,90.0,772.0,"Plot 138, Near Bhatha Village Road, Adajan, Pal, Surat, Gujarat 395009"
ce925bce-7bb2-4d70-9024-88f2dfcf413c,404-10-2027-11611,Airtel,LTE,404,10,2027,11611,21.20466,72.81816,0.0,90.0,773.0,"Plot 4, Near Adajan Patiya, Adajan, Pal, Surat, Gujarat 395009"
fc40a688-7180-40b6-9004-c13a76be64fc,404-81-4024-11612,BSNL,LTE,404,81,4024,11612,21.20466,72.81816,120.0,90.0,773.0,"Plot 4, Near Adajan Patiya, Adajan, Pal, Surat, Gujarat 395009"
6b84434e-da4c-4520-85b1-b3b670a4ab12,405-867-1038-11613,Jio,LTE,405,867,1038,11613,21.20466,72.81816,240.0,90.0,773.0,"Plot 4, Near Adajan Patiya, Adajan, Pal, Surat, Gujarat 395009"
040d560d-7dcc-45b2-9bf5-f6cdcde6f3a6,405-867-1017-11614,Jio,LTE,405,867,1017,11614,21.21894,72.80381,0.0,90.0,483.0,"Plot 99, Near Adajan Patiya, Adajan, Pal, Surat, Gujarat 395009"
1047230d-7559-49bf-9e1e-0f758fb9f168,404-20-3023-11615,Vi,GSM,404,20,3023,11615,21.21894,72.80381,120.0,90.0,483.0,"Plot 99, Near Adajan Patiya, Adajan, Pal, Surat, Gujarat 395009"
2248a4df-0973-45d3-805d-9535ff007b1d,404-10-2045-11616,Airtel,LTE,404,10,2045,11616,21.21894,72.80381,240.0,90.0,483.0,"Plot 99, Near Adajan Patiya, Adajan, Pal, Surat, Gujarat 395009"
6d5b699e-5cbb-4e90-961f-c08b7d961f3c,405-867-1024-11617,Jio,NR,405,867,1024,11617,21.19127,72.79753,0.0,90.0,524.0,"Plot 109, Near L P Savani Circle, Adajan, Pal, Surat, Gujarat 395009"
2f9bf4be-a7b9-44ce-9470-0b0a2dc91dcb,404-10-2045-11618,Airtel,LTE,404,10,2045,11618,21.19127,72.79753,120.0,90.0,524.0,"Plot 109, Near L P Savani Circle, Adajan, Pal, Surat, Gujarat 395009"
c00aa6e4-3977-4b88-bf85-8ee1d04b7e7b,404-10-2039-11619,Airtel,LTE,404,10,2039,11619,21.19127,72.79753,240.0,90.0,524.0,"Plot 109, Near L P Savani Circle, Adajan, Pal, Surat, Gujarat 395009"
a9baa745-9691-40ad-bbf5-de8c6659d9c7,404-10-2008-11620,Airtel,LTE,404,10,2008,11620,21.17451,72.79862,0.0,90.0,887.0,"Plot 64, Near Pal RTO Office, Adajan, Pal, Surat, Gujarat 395009"
7c6ea381-1f0b-4deb-8ab1-7ed25031d5bd,404-20-3025-11621,Vi,LTE,404,20,3025,11621,21.17451,72.79862,120.0,90.0,887.0,"Plot 64, Near Pal RTO Office, Adajan, Pal, Surat, Gujarat 395009"
86cda048-190e-41e3-9f4f-31ea960d42c0,405-867-1006-11622,Jio,LTE,405,867,1006,11622,21.17451,72.79862,240.0,90.0,887.0,"Plot 64, Near Pal RTO Office, Adajan, Pal, Surat, Gujarat 395009"
9b8afdcf-92ef-4b7e-a9ce-3e9866dcd60f,404-10-2035-11623,Airtel,LTE,404,10,2035,11623,21.18409,72.79051,0.0,90.0,529.0,"Plot 43, Near L P Savani Circle, Adajan, Pal, Surat, Gujarat 395009"
deaaa335-e255-4be9-892f-b37084d6e1e5,404-10-2020-11624,Airtel,LTE,404,10,2020,11624,21.18409,72.79051,120.0,90.0,529.0,"Plot 43, Near L P Savani Circle, Adajan, Pal, Surat, Gujarat 395009"
e1e9d11a-1edc-4177-a173-167ebf17e63d,404-10-2006-11625,Airtel,NR,404,10,2006,11625,21.18409,72.79051,240.0,90.0,529.0,"Plot 43, Near L P Savani Circle, Adajan, Pal, Surat, Gujarat 395009"
f3037eca-73c7-436f-a4fb-f6afaaf8a588,404-20-3020-11626,Vi,LTE,404,20,3020,11626,21.21188,72.80596,0.0,90.0,507.0,"Plot 37, Near Pal RTO Office, Adajan, Pal, Surat, Gujarat 395009"
87377efc-6ffb-498b-938e-ea02de65c6f0,405-867-1032-11627,Jio,LTE,405,867,1032,11627,21.21188,72.80596,120.0,90.0,507.0,"Plot 37, Near Pal RTO Office, Adajan, Pal, Surat, Gujarat 395009"
da815b1c-6683-405b-b10a-fc871ccd0ebe,405-867-1045-11628,Jio,LTE,405,867,1045,11628,21.21188,72.80596,240.0,90.0,507.0,"Plot 37, Near Pal RTO Office, Adajan, Pal, Surat, Gujarat 395009"
4db600f3-e5a6-44a0-9e30-a919e5011c57,405-867-1032-11629,Jio,LTE,405,867,1032,11629,21.18072,72.8013,0.0,90.0,591.0,"Plot 111, Near Pal RTO Office, Adajan, Pal, Surat, Gujarat 395009"
ee6904c5-496e-4daa-b629-13284f00846e,405-867-1029-11630,Jio,NR,405,867,1029,11630,21.18072,72.8013,120.0,90.0,591.0,"Plot 111, Near Pal RTO Office, Adajan, Pal, Surat, Gujarat 395009"
097d5aeb-9c87-4934-bc97-332abfb19d87,404-10-2013-11631,Airtel,LTE,404,10,2013,11631,21.18072,72.8013,240.0,90.0,591.0,"Plot 111, Near Pal RTO Office, Adajan, Pal, Surat, Gujarat 395009"
04dad431-bf41-476c-8c0a-0ca0d4110523,405-867-1040-11632,Jio,LTE,405,867,1040,11632,21.20701,72.79659,0.0,90.0,846.0,"Plot 67, Near Honey Park Road, Adajan, Pal, Surat, Gujarat 395009"
058690a1-778e-48f7-a911-50b2786cb5b0,405-867-1006-11633,Jio,LTE,405,867,1006,11633,21.20701,72.79659,120.0,90.0,846.0,"Plot 67, Near Honey Park Road, Adajan, Pal, Surat, Gujarat 395009"
c5a201dd-e2e4-4c7a-80ed-ad0ae0844cc1,405-867-1018-11634,Jio,LTE,405,867,1018,11634,21.20701,72.79659,240.0,90.0,846.0,"Plot 67, Near Honey Park Road, Adajan, Pal, Surat, Gujarat 395009"
82527a94-65cb-4f84-b2d1-ab7bc4829928,405-867-1001-11635,Jio,LTE,405,867,1001,11635,21.20093,72.79426,0.0,90.0,789.0,"Plot 123, Near Honey Park Road, Adajan, Pal, Surat, Gujarat 395009"
b1c65427-cb06-445a-9d3e-386eed7aa712,404-10-2003-11636,Airtel,NR,404,10,2003,11636,21.20093,72.79426,120.0,90.0,789.0,"Plot 123, Near Honey Park Road, Adajan, Pal, Surat, Gujarat 395009"
f963fdfc-b90d-463a-b725-62a48a4e9ca0,405-867-1001-11637,Jio,LTE,405,867,1001,11637,21.20093,72.79426,240.0,90.0,789.0,"Plot 123, Near Honey Park Road, Adajan, Pal, Surat, Gujarat 395009"
11c90c08-ddb5-4f80-aa82-acff8ea0b43c,404-10-2044-11638,Airtel,LTE,404,10,2044,11638,21.1821,72.80679,0.0,90.0,572.0,"Plot 125, Near Pal RTO Office, Adajan, Pal, Surat, Gujarat 395009"
2dce757f-5172-425c-8158-eca40a6c2f6c,404-20-3016-11639,Vi,GSM,404,20,3016,11639,21.1821,72.80679,120.0,90.0,572.0,"Plot 125, Near Pal RTO Office, Adajan, Pal, Surat, Gujarat 395009"
f94e0326-4c6c-41d7-a586-9e36accd1da7,404-81-4025-11640,BSNL,LTE,404,81,4025,11640,21.1821,72.80679,240.0,90.0,572.0,"Plot 125, Near Pal RTO Office, Adajan, Pal, Surat, Gujarat 395009"
4b034e0b-c016-4b9b-9376-2865fb90485b,404-20-3002-11641,Vi,GSM,404,20,3002,11641,21.17552,72.77364,304.7,90.0,585.0,"Plot 26, Near Pal RTO Office, Adajan, Pal, Surat, Gujarat 395009"
b9920e79-b214-4bca-829e-7d958697fac9,404-10-2033-11642,Airtel,NR,404,10,2033,11642,21.17578,72.77584,0.0,90.0,716.0,"Plot 64, Near Pal RTO Office, Adajan, Pal, Surat, Gujarat 395009"
43db0fb8-d45f-425f-8bc5-44c2f661085c,405-867-1041-11643,Jio,LTE,405,867,1041,11643,21.17578,72.77584,120.0,90.0,716.0,"Plot 64, Near Pal RTO Office, Adajan, Pal, Surat, Gujarat 395009"
e890cf65-d21e-4cbc-9db1-5e8664391382,404-81-4002-11644,BSNL,LTE,404,81,4002,11644,21.17578,72.77584,240.0,90.0,716.0,"Plot 64, Near Pal RTO Office, Adajan, Pal, Surat, Gujarat 395009"
4b8e8d6c-5a8f-4e38-bff4-a66cc80ddf1c,405-867-1006-11645,Jio,LTE,405,867,1006,11645,21.17914,72.7718,0.0,90.0,648.0,"Plot 114, Near Pal RTO Office, Adajan, Pal, Surat, Gujarat 395009"
f241344b-3eed-4b48-b4ba-6a0415696270,405-867-1031-11646,Jio,NR,405,867,1031,11646,21.17914,72.7718,120.0,90.0,648.0,"Plot 114, Near Pal RTO Office, Adajan, Pal, Surat, Gujarat 395009"
6e7ef81a-b23e-4624-8151-94440e41b9ad,404-81-4007-11647,BSNL,LTE,404,81,4007,11647,21.17914,72.7718,240.0,90.0,648.0,"Plot 114, Near Pal RTO Office, Adajan, Pal, Surat, Gujarat 395009"
8e287c5d-75ab-47f7-9170-ed0a6aa8aeed,404-10-2033-11648,Airtel,NR,404,10,2033,11648,21.19454,72.77618,0.0,90.0,848.0,"Plot 37, Near Honey Park Road, Adajan, Pal, Surat, Gujarat 395009"
ac9666f6-2a13-466f-8765-cb7615742315,405-867-1006-11649,Jio,LTE,405,867,1006,11649,21.19454,72.77618,120.0,90.0,848.0,"Plot 37, Near Honey Park Road, Adajan, Pal, Surat, Gujarat 395009"
1243e598-97bd-40d4-b5e3-9f1aa155987b,405-867-1036-11650,Jio,LTE,405,867,1036,11650,21.19454,72.77618,240.0,90.0,848.0,"Plot 37, Near Honey Park Road, Adajan, Pal, Surat, Gujarat 395009"
6639a7ac-d9a6-4370-abb3-8c4d2e37f35a,405-867-1043-11651,Jio,LTE,405,867,1043,11651,21.21451,72.7904,0.0,90.0,676.0,"Plot 30, Near L P Savani Circle, Adajan, Pal, Surat, Gujarat 395009"
8991db2f-89c0-4ab1-bed1-813eb3d9bc47,404-10-2002-11652,Airtel,LTE,404,10,2002,11652,21.21451,72.7904,120.0,90.0,676.0,"Plot 30, Near L P Savani Circle, Adajan, Pal, Surat, Gujarat 395009"
7b7c0f4a-a82e-4379-9488-dafdc2548ffe,405-867-1025-11653,Jio,NR,405,867,1025,11653,21.21451,72.7904,240.0,90.0,676.0,"Plot 30, Near L P Savani Circle, Adajan, Pal, Surat, Gujarat 395009"
c76c5ed9-acb2-4405-b878-f71998c924c1,405-867-1035-11654,Jio,LTE,405,867,1035,11654,21.19732,72.77823,0.0,90.0,743.0,"Plot 122, Near Pal RTO Office, Adajan, Pal, Surat, Gujarat 395009"
c89429d0-c323-478e-94a1-7632865cace4,404-10-2045-11655,Airtel,LTE,404,10,2045,11655,21.19732,72.77823,120.0,90.0,743.0,"Plot 122, Near Pal RTO Office, Adajan, Pal, Surat, Gujarat 395009"
bf1a9a65-0248-4d38-b7a9-19757135be82,405-867-1037-11656,Jio,LTE,405,867,1037,11656,21.19732,72.77823,240.0,90.0,743.0,"Plot 122, Near Pal RTO Office, Adajan, Pal, Surat, Gujarat 395009"
66433932-aaa4-4338-89c2-56d51840d8f4,404-10-2042-11657,Airtel,LTE,404,10,2042,11657,21.19815,72.76958,0.0,90.0,780.0,"Plot 97, Near Pal RTO Office, Adajan, Pal, Surat, Gujarat 395009"
a4118cf2-79c0-4dab-8c0c-c19fbfb0f7d7,404-20-3028-11658,Vi,GSM,404,20,3028,11658,21.19815,72.76958,120.0,90.0,780.0,"Plot 97, Near Pal RTO Office, Adajan, Pal, Surat, Gujarat 395009"
f9787b0e-c697-4f0d-bf67-d4e6f710371b,404-20-3008-11659,Vi,LTE,404,20,3008,11659,21.19815,72.76958,240.0,90.0,780.0,"Plot 97, Near Pal RTO Office, Adajan, Pal, Surat, Gujarat 395009"
0085c4ce-953b-4f3e-b44e-38f4b6d94181,404-10-2021-11660,Airtel,LTE,404,10,2021,11660,21.19361,72.80172,0.0,90.0,459.0,"Plot 49, Near Pal RTO Office, Adajan, Pal, Surat, Gujarat 395009"
82fcd136-4004-456e-87b8-d698f7e22730,404-81-4001-11661,BSNL,LTE,404,81,4001,11661,21.19361,72.80172,120.0,90.0,459.0,"Plot 49, Near Pal RTO Office, Adajan, Pal, Surat, Gujarat 395009"
c7eb4f4e-816d-4502-944d-a1581aa52fac,405-867-1013-11662,Jio,LTE,405,867,1013,11662,21.19361,72.80172,240.0,90.0,459.0,"Plot 49, Near Pal RTO Office, Adajan, Pal, Surat, Gujarat 395009"
3647a395-fa59-4d86-9916-fa3a02c90e4c,404-20-3039-11663,Vi,LTE,404,20,3039,11663,21.21133,72.76848,0.0,90.0,878.0,"Plot 94, Near Pal RTO Office, Adajan, Pal, Surat, Gujarat 395009"
c0e3a6fc-8666-40c7-bcaa-a100b2ec5110,404-10-2001-11664,Airtel,LTE,404,10,2001,11664,21.21133,72.76848,120.0,90.0,878.0,"Plot 94, Near Pal RTO Office, Adajan, Pal, Surat, Gujarat 395009"
60a13908-2916-4849-8029-dfa3b82f4bd8,404-10-2010-11665,Airtel,LTE,404,10,2010,11665,21.21133,72.76848,240.0,90.0,878.0,"Plot 94, Near Pal RTO Office, Adajan, Pal, Surat, Gujarat 395009"
b5671f37-54f6-445c-b775-17f843eec4d5,404-10-2043-11666,Airtel,LTE,404,10,2043,11666,21.20202,72.77738,0.0,90.0,475.0,"Plot 128, Near Honey Park Road, Adajan, Pal, Surat, Gujarat 395009"
5ddfd201-b7c2-4267-b255-a6e37119499e,404-20-3003-11667,Vi,GSM,404,20,3003,11667,21.20202,72.77738,120.0,90.0,475.0,"Plot 128, Near Honey Park Road, Adajan, Pal, Surat, Gujarat 395009"
5a16c21a-d49b-4fd0-96c1-9e27677457c6,404-10-2045-11668,Airtel,LTE,404,10,2045,11668,21.20202,72.77738,240.0,90.0,475.0,"Plot 128, Near Honey Park Road, Adajan, Pal, Surat, Gujarat 395009"
d46e6cab-51aa-4839-bfd0-3f01711eda48,405-867-1025-11669,Jio,LTE,405,867,1025,11669,21.21526,72.81227,0.0,90.0,510.0,"Plot 123, Near Bhatha Village Road, Adajan, Pal, Surat, Gujarat 395009"
e29e9b66-498d-4fae-9072-73308de43812,405-867-1010-11670,Jio,NR,405,867,1010,11670,21.21526,72.81227,120.0,90.0,510.0,"Plot 123, Near Bhatha Village Road, Adajan, Pal, Surat, Gujarat 395009"
6056f5ea-0d95-4ed8-85ad-0b856e35471a,404-20-3015-11671,Vi,LTE,404,20,3015,11671,21.21526,72.81227,240.0,90.0,510.0,"Plot 123, Near Bhatha Village Road, Adajan, Pal, Surat, Gujarat 395009"
d03e37d7-4671-4af0-9f5d-0c29a3fa2027,404-81-4011-11672,BSNL,LTE,404,81,4011,11672,21.19394,72.78513,0.0,90.0,553.0,"Plot 125, Near Honey Park Road, Adajan, Pal, Surat, Gujarat 395009"
094c2dc8-17ac-4d05-a4e1-91121c854211,404-81-4022-11673,BSNL,LTE,404,81,4022,11673,21.19394,72.78513,120.0,90.0,553.0,"Plot 125, Near Honey Park Road, Adajan, Pal, Surat, Gujarat 395009"
0e0913f5-32f8-46a7-934c-16696efacc31,405-867-1023-11674,Jio,LTE,405,867,1023,11674,21.19394,72.78513,240.0,90.0,553.0,"Plot 125, Near Honey Park Road, Adajan, Pal, Surat, Gujarat 395009"
5dd4630d-c757-4e23-84c7-2f11002ba1f6,405-867-1026-11675,Jio,NR,405,867,1026,11675,21.19683,72.77375,0.0,90.0,872.0,"Plot 73, Near Bhatha Village Road, Adajan, Pal, Surat, Gujarat 395009"
e9e67dd5-dbdd-4b3c-9587-7da2627ead6e,405-867-1038-11676,Jio,LTE,405,867,1038,11676,21.19683,72.77375,120.0,90.0,872.0,"Plot 73, Near Bhatha Village Road, Adajan, Pal, Surat, Gujarat 395009"
81d80446-bc32-4859-98a7-4022ef1b54da,404-20-3020-11677,Vi,LTE,404,20,3020,11677,21.19683,72.77375,240.0,90.0,872.0,"Plot 73, Near Bhatha Village Road, Adajan, Pal, Surat, Gujarat 395009"
32c4f681-f246-4442-bf2d-1d90174eb624,404-20-3013-11678,Vi,LTE,404,20,3013,11678,21.18519,72.79517,0.0,90.0,549.0,"Plot 114, Near Honey Park Road, Adajan, Pal, Surat, Gujarat 395009"
43e51fcb-ef12-4014-9f97-83bc35262c01,404-10-2037-11679,Airtel,LTE,404,10,2037,11679,21.18519,72.79517,120.0,90.0,549.0,"Plot 114, Near Honey Park Road, Adajan, Pal, Surat, Gujarat 395009"
466bba2a-cb61-4183-8625-21180f6e9ed7,405-867-1010-11680,Jio,NR,405,867,1010,11680,21.18519,72.79517,240.0,90.0,549.0,"Plot 114, Near Honey Park Road, Adajan, Pal, Surat, Gujarat 395009"
62e36d29-e2c1-4152-a7cb-e0d061eb7e49,405-867-1022-11681,Jio,LTE,405,867,1022,11681,21.17687,72.81212,341.0,60.0,413.0,"Plot 15, Near Honey Park Road, Adajan, Pal, Surat, Gujarat 395009"
19ea22c1-19d4-46e2-bd0c-25c3cb4dbf8a,404-10-2042-11682,Airtel,GSM,404,10,2042,11682,21.17383,72.77619,84.3,90.0,477.0,"Plot 63, Near L P Savani Circle, Adajan, Pal, Surat, Gujarat 395009"
0b3ad85a-01be-4aba-b4e8-a48ed5733111,405-867-1029-11683,Jio,LTE,405,867,1029,11683,21.19528,72.76644,0.0,90.0,732.0,"Plot 119, Near Adajan Patiya, Adajan, Pal, Surat, Gujarat 395009"
51d0015e-d79e-40d2-8c07-5e16b2b1ee2b,405-867-1006-11684,Jio,LTE,405,867,1006,11684,21.19528,72.76644,120.0,90.0,732.0,"Plot 119, Near Adajan Patiya, Adajan, Pal, Surat, Gujarat 395009"
5b9c69cb-9f98-4c6d-81c7-3a5b4510d834,405-867-1033-11685,Jio,LTE,405,867,1033,11685,21.19528,72.76644,240.0,90.0,732.0,"Plot 119, Near Adajan Patiya, Adajan, Pal, Surat, Gujarat 395009"
4d923413-3741-4283-b083-4e4650ca49bd,405-867-1025-11686,Jio,LTE,405,867,1025,11686,21.19926,72.81401,0.0,90.0,781.0,"Plot 123, Near Bhatha Village Road, Adajan, Pal, Surat, Gujarat 395009"
47e0fc54-b69c-4732-8d76-a5588d7fe3c8,405-867-1028-11687,Jio,LTE,405,867,1028,11687,21.19926,72.81401,120.0,90.0,781.0,"Plot 123, Near Bhatha Village Road, Adajan, Pal, Surat, Gujarat 395009"
24b697c7-9602-47b5-96a3-d4621a414461,405-867-1021-11688,Jio,LTE,405,867,1021,11688,21.19926,72.81401,240.0,90.0,781.0,"Plot 123, Near Bhatha Village Road, Adajan, Pal, Surat, Gujarat 395009"
32a28516-5edf-4cc6-9937-97a0877e6746,405-867-1035-11689,Jio,LTE,405,867,1035,11689,21.21975,72.80274,0.0,90.0,758.0,"Plot 48, Near Bhatha Village Road, Adajan, Pal, Surat, Gujarat 395009"
4e723d4f-6174-4536-a7ae-b75895708d21,404-20-3005-11690,Vi,LTE,404,20,3005,11690,21.21975,72.80274,120.0,90.0,758.0,"Plot 48, Near Bhatha Village Road, Adajan, Pal, Surat, Gujarat 395009"
55842b37-ba23-44db-aadd-394d39a4ac50,404-10-2042-11691,Airtel,LTE,404,10,2042,11691,21.21975,72.80274,240.0,90.0,758.0,"Plot 48, Near Bhatha Village Road, Adajan, Pal, Surat, Gujarat 395009"
86a599aa-064d-46e9-a838-7ce235b8747a,405-867-1021-11692,Jio,LTE,405,867,1021,11692,21.21271,72.80971,0.0,90.0,755.0,"Plot 47, Near Adajan Patiya, Adajan, Pal, Surat, Gujarat 395009"
91c9e45d-9b7e-4d48-9685-df229c2a5701,405-867-1014-11693,Jio,LTE,405,867,1014,11693,21.21271,72.80971,120.0,90.0,755.0,"Plot 47, Near Adajan Patiya, Adajan, Pal, Surat, Gujarat 395009"
8857a325-fbd9-4672-bb16-5555827e71de,404-10-2017-11694,Airtel,LTE,404,10,2017,11694,21.21271,72.80971,240.0,90.0,755.0,"Plot 47, Near Adajan Patiya, Adajan, Pal, Surat, Gujarat 395009"
34c51536-0b25-4a8e-a556-d743dfb1a0b9,404-10-2043-11695,Airtel,LTE,404,10,2043,11695,21.1994,72.78708,0.0,90.0,894.0,"Plot 130, Near Adajan Patiya, Adajan, Pal, Surat, Gujarat 395009"
d1c5ac12-a388-472f-9604-8c302d82a965,405-867-1034-11696,Jio,LTE,405,867,1034,11696,21.1994,72.78708,120.0,90.0,894.0,"Plot 130, Near Adajan Patiya, Adajan, Pal, Surat, Gujarat 395009"
6cedfabe-8cf7-4e89-9091-2cec64df2139,404-20-3035-11697,Vi,LTE,404,20,3035,11697,21.1994,72.78708,240.0,90.0,894.0,"Plot 130, Near Adajan Patiya, Adajan, Pal, Surat, Gujarat 395009"
e23ae071-ec89-4c32-bfcc-40548a7723ea,404-10-2045-11698,Airtel,LTE,404,10,2045,11698,21.17662,72.7995,0.0,90.0,580.0,"Plot 134, Near Pal RTO Office, Adajan, Pal, Surat, Gujarat 395009"
d5a9eb7e-9434-4717-8858-f1811c6009c4,405-867-1016-11699,Jio,NR,405,867,1016,11699,21.17662,72.7995,120.0,90.0,580.0,"Plot 134, Near Pal RTO Office, Adajan, Pal, Surat, Gujarat 395009"
c4be6090-354d-4f7d-afd2-944b8baa47c0,405-867-1014-11700,Jio,LTE,405,867,1014,11700,21.17662,72.7995,240.0,90.0,580.0,"Plot 134, Near Pal RTO Office, Adajan, Pal, Surat, Gujarat 395009"
a1833fe4-e8d7-4e06-8ddb-f0884480732c,404-10-2017-11701,Airtel,LTE,404,10,2017,11701,21.21629,72.78603,0.0,90.0,773.0,"Plot 92, Near Honey Park Road, Adajan, Pal, Surat, Gujarat 395009"
9a5ef57c-15ff-4e73-a678-e17ab963c71b,405-867-1011-11702,Jio,LTE,405,867,1011,11702,21.21629,72.78603,120.0,90.0,773.0,"Plot 92, Near Honey Park Road, Adajan, Pal, Surat, Gujarat 395009"
1e3c6779-400e-4532-af4d-cf3fa79ed332,405-867-1017-11703,Jio,LTE,405,867,1017,11703,21.21629,72.78603,240.0,90.0,773.0,"Plot 92, Near Honey Park Road, Adajan, Pal, Surat, Gujarat 395009"
84578793-5347-488a-b3e0-cc1cfea5253d,404-10-2045-11704,Airtel,GSM,404,10,2045,11704,21.18432,72.76683,0.0,90.0,722.0,"Plot 138, Near Honey Park Road, Adajan, Pal, Surat, Gujarat 395009"
ea47446f-74c5-4040-92da-08ce2bed974f,404-10-2037-11705,Airtel,NR,404,10,2037,11705,21.18432,72.76683,120.0,90.0,722.0,"Plot 138, Near Honey Park Road, Adajan, Pal, Surat, Gujarat 395009"
fbe0a1d2-4248-4b29-b507-6dc6a0e9bc81,404-10-2039-11706,Airtel,NR,404,10,2039,11706,21.18432,72.76683,240.0,90.0,722.0,"Plot 138, Near Honey Park Road, Adajan, Pal, Surat, Gujarat 395009"
256b22a5-969f-4d93-9a4e-28cf294aa6ed,404-10-2008-11707,Airtel,LTE,404,10,2008,11707,21.20861,72.81456,0.0,90.0,893.0,"Plot 112, Near Pal RTO Office, Adajan, Pal, Surat, Gujarat 395009"
5f6e31f3-4029-4caa-85f7-5445d1d9da87,404-10-2027-11708,Airtel,LTE,404,10,2027,11708,21.20861,72.81456,120.0,90.0,893.0,"Plot 112, Near Pal RTO Office, Adajan, Pal, Surat, Gujarat 395009"
5fead2e1-82a7-464b-85ae-bae272120e5b,405-867-1024-11709,Jio,LTE,405,867,1024,11709,21.20861,72.81456,240.0,90.0,893.0,"Plot 112, Near Pal RTO Office, Adajan, Pal, Surat, Gujarat 395009"
0b9e0910-0eb0-4223-a7a7-8e9545b46a9e,405-867-1025-11710,Jio,NR,405,867,1025,11710,21.2161,72.77818,0.0,90.0,450.0,"Plot 58, Near Honey Park Road, Adajan, Pal, Surat, Gujarat 395009"
9a903f22-2e5e-424f-85b7-230d10606ccd,404-81-4008-11711,BSNL,LTE,404,81,4008,11711,21.2161,72.77818,120.0,90.0,450.0,"Plot 58, Near Honey Park Road, Adajan, Pal, Surat, Gujarat 395009"
4a22c1f6-eef2-41b0-b1f4-dde05427ad17,405-867-1020-11712,Jio,LTE,405,867,1020,11712,21.2161,72.77818,240.0,90.0,450.0,"Plot 58, Near Honey Park Road, Adajan, Pal, Surat, Gujarat 395009"
4f71bff5-e220-468b-bb5b-03d4e866b671,404-20-3039-11713,Vi,LTE,404,20,3039,11713,21.17538,72.77819,0.0,90.0,692.0,"Plot 136, Near Adajan Patiya, Adajan, Pal, Surat, Gujarat 395009"
d002bf94-6f72-4aa5-8c01-aa1e6cfb6a2a,405-867-1021-11714,Jio,LTE,405,867,1021,11714,21.17538,72.77819,120.0,90.0,692.0,"Plot 136, Near Adajan Patiya, Adajan, Pal, Surat, Gujarat 395009"
50e0627f-4bd7-4454-8613-46d64aaf9601,404-81-4023-11715,BSNL,GSM,404,81,4023,11715,21.17538,72.77819,240.0,90.0,692.0,"Plot 136, Near Adajan Patiya, Adajan, Pal, Surat, Gujarat 395009"
e4086468-e6be-4885-b8d3-c6e7e858eade,405-867-1017-11716,Jio,LTE,405,867,1017,11716,21.2037,72.76955,0.0,90.0,835.0,"Plot 142, Near Bhatha Village Road, Adajan, Pal, Surat, Gujarat 395009"
355790c7-4a19-468f-ad15-45af86cb0392,405-867-1010-11717,Jio,LTE,405,867,1010,11717,21.2037,72.76955,120.0,90.0,835.0,"Plot 142, Near Bhatha Village Road, Adajan, Pal, Surat, Gujarat 395009"
3e70cf27-2a55-4a5e-8111-efbc24790cf7,404-10-2037-11718,Airtel,LTE,404,10,2037,11718,21.2037,72.76955,240.0,90.0,835.0,"Plot 142, Near Bhatha Village Road, Adajan, Pal, Surat, Gujarat 395009"
dcb364ca-d7e5-4573-a134-29942d24838f,404-10-2023-11719,Airtel,LTE,404,10,2023,11719,21.19538,72.78479,0.0,90.0,614.0,"Plot 64, Near Pal RTO Office, Adajan, Pal, Surat, Gujarat 395009"
d71a82c8-f315-4097-8def-5fa125e6b517,404-20-3018-11720,Vi,LTE,404,20,3018,11720,21.19538,72.78479,120.0,90.0,614.0,"Plot 64, Near Pal RTO Office, Adajan, Pal, Surat, Gujarat 395009"
964dfccf-b941-4707-9eb4-290584498a0d,404-81-4015-11721,BSNL,LTE,404,81,4015,11721,21.19538,72.78479,240.0,90.0,614.0,"Plot 64, Near Pal RTO Office, Adajan, Pal, Surat, Gujarat 395009"
50e706d4-9baf-4595-a5ff-7514fb104a39,405-867-1016-11722,Jio,LTE,405,867,1016,11722,21.18749,72.81727,0.0,90.0,832.0,"Plot 105, Near Pal RTO Office, Adajan, Pal, Surat, Gujarat 395009"
ef2bad1a-8acd-461b-8837-8d7bfee4fb04,404-81-4004-11723,BSNL,GSM,404,81,4004,11723,21.18749,72.81727,120.0,90.0,832.0,"Plot 105, Near Pal RTO Office, Adajan, Pal, Surat, Gujarat 395009"
ddbd553f-823d-4999-8164-e3493042a222,405-867-1032-11724,Jio,LTE,405,867,1032,11724,21.18749,72.81727,240.0,90.0,832.0,"Plot 105, Near Pal RTO Office, Adajan, Pal, Surat, Gujarat 395009"
b56d17d9-4feb-4909-984e-a827efa37d88,405-867-1044-11725,Jio,LTE,405,867,1044,11725,21.19739,72.78812,0.0,90.0,469.0,"Plot 131, Near L P Savani Circle, Adajan, Pal, Surat, Gujarat 395009"
9f093a8e-b42f-406f-8ea5-3dd0d4ba5d62,404-20-3026-11726,Vi,LTE,404,20,3026,11726,21.19739,72.78812,120.0,90.0,469.0,"Plot 131, Near L P Savani Circle, Adajan, Pal, Surat, Gujarat 395009"
c899eb6b-4c7e-4197-910c-823f2b3afc12,405-867-1001-11727,Jio,LTE,405,867,1001,11727,21.19739,72.78812,240.0,90.0,469.0,"Plot 131, Near L P Savani Circle, Adajan, Pal, Surat, Gujarat 395009"
c769b3fb-8a74-457b-a950-91a531f92c6a,404-81-4034-11728,BSNL,LTE,404,81,4034,11728,21.19093,72.76827,0.0,90.0,738.0,"Plot 63, Near Pal RTO Office, Adajan, Pal, Surat, Gujarat 395009"
d1bffa64-aada-4f03-968d-46625ff70ad1,404-10-2029-11729,Airtel,LTE,404,10,2029,11729,21.19093,72.76827,120.0,90.0,738.0,"Plot 63, Near Pal RTO Office, Adajan, Pal, Surat, Gujarat 395009"
86c3af79-2cca-428e-a777-8d352fdce777,404-81-4034-11730,BSNL,LTE,404,81,4034,11730,21.19093,72.76827,240.0,90.0,738.0,"Plot 63, Near Pal RTO Office, Adajan, Pal, Surat, Gujarat 395009"
cd2a7028-15b7-415d-a5f9-f9bef4f7badf,405-867-1011-11731,Jio,LTE,405,867,1011,11731,21.20551,72.78495,0.0,90.0,887.0,"Plot 35, Near Pal RTO Office, Adajan, Pal, Surat, Gujarat 395009"
cd4f0137-6961-4e28-badb-c1c4dc025a68,405-867-1044-11732,Jio,LTE,405,867,1044,11732,21.20551,72.78495,120.0,90.0,887.0,"Plot 35, Near Pal RTO Office, Adajan, Pal, Surat, Gujarat 395009"
e19b0b2d-d2e6-48f7-85cb-899e2676c53e,405-867-1008-11733,Jio,LTE,405,867,1008,11733,21.20551,72.78495,240.0,90.0,887.0,"Plot 35, Near Pal RTO Office, Adajan, Pal, Surat, Gujarat 395009"
d0c3660a-5347-489b-8554-50f44413db6a,404-20-3042-11734,Vi,GSM,404,20,3042,11734,21.1913,72.81162,220.9,90.0,455.0,"Plot 55, Near Pal RTO Office, Adajan, Pal, Surat, Gujarat 395009"
365a604e-9be3-49ce-97c9-4111e5ab0c3c,405-867-1023-11735,Jio,LTE,405,867,1023,11735,21.17056,72.78933,2.1,90.0,484.0,"Plot 125, Near L P Savani Circle, Adajan, Pal, Surat, Gujarat 395009"
a18a4928-c8ba-4c06-8f2a-dfd7886bf53c,404-10-2008-11736,Airtel,LTE,404,10,2008,11736,21.20519,72.78387,172.2,60.0,535.0,"Plot 3, Near Pal RTO Office, Adajan, Pal, Surat, Gujarat 395009"
234ebb0a-68e5-49c0-a46a-6565978f07ea,405-867-1012-11737,Jio,LTE,405,867,1012,11737,21.199,72.79005,0.0,90.0,591.0,"Plot 58, Near Pal RTO Office, Adajan, Pal, Surat, Gujarat 395009"
2ad7220a-517c-4dc6-baca-a7adf90e74fc,404-10-2029-11738,Airtel,LTE,404,10,2029,11738,21.199,72.79005,120.0,90.0,591.0,"Plot 58, Near Pal RTO Office, Adajan, Pal, Surat, Gujarat 395009"
087ee659-0fc0-4243-8361-90805074e1e2,404-10-2009-11739,Airtel,LTE,404,10,2009,11739,21.199,72.79005,240.0,90.0,591.0,"Plot 58, Near Pal RTO Office, Adajan, Pal, Surat, Gujarat 395009"
2c9d124c-b19b-42e0-9aaa-501bbc9e9e14,405-867-1003-11740,Jio,LTE,405,867,1003,11740,21.18513,72.80728,99.7,60.0,501.0,"Plot 51, Near Pal RTO Office, Adajan, Pal, Surat, Gujarat 395009"
02dde749-0d5f-4772-8b43-a1dbf0555ac3,404-10-2026-11741,Airtel,LTE,404,10,2026,11741,21.20257,72.80315,171.2,90.0,574.0,"Plot 69, Near L P Savani Circle, Adajan, Pal, Surat, Gujarat 395009"
8a04900c-cb1d-416c-9627-e37ce03264cd,405-867-1044-11742,Jio,LTE,405,867,1044,11742,21.11729,72.76465,37.8,60.0,432.0,"Plot 34, Near City Light Shopping Complex, Vesu, City Light, Surat, Gujarat 395007"
6b3b1734-04b5-4352-9c53-bff7594e7223,405-867-1032-11743,Jio,LTE,405,867,1032,11743,21.14702,72.79043,0.0,90.0,408.0,"Plot 110, Near Shyamal Cross Road, Vesu, City Light, Surat, Gujarat 395007"
8ea17506-c864-4e89-ba8b-453a3a9eca6f,405-867-1040-11744,Jio,LTE,405,867,1040,11744,21.14702,72.79043,120.0,90.0,408.0,"Plot 110, Near Shyamal Cross Road, Vesu, City Light, Surat, Gujarat 395007"
377aeca2-fc86-4914-87fc-6a2124281de7,405-867-1016-11745,Jio,LTE,405,867,1016,11745,21.14702,72.79043,240.0,90.0,408.0,"Plot 110, Near Shyamal Cross Road, Vesu, City Light, Surat, Gujarat 395007"
e0bb2fc1-f54d-4b5d-9d68-fbed2f128a2d,405-867-1007-11746,Jio,LTE,405,867,1007,11746,21.14303,72.77567,0.0,90.0,839.0,"Plot 64, Near Shyamal Cross Road, Vesu, City Light, Surat, Gujarat 395007"
836fdafa-50ec-4d4f-9911-a3d8801fd8d4,404-10-2012-11747,Airtel,LTE,404,10,2012,11747,21.14303,72.77567,120.0,90.0,839.0,"Plot 64, Near Shyamal Cross Road, Vesu, City Light, Surat, Gujarat 395007"
c09a2fcc-16fa-481a-9a74-82b427f70876,405-867-1041-11748,Jio,NR,405,867,1041,11748,21.14303,72.77567,240.0,90.0,839.0,"Plot 64, Near Shyamal Cross Road, Vesu, City Light, Surat, Gujarat 395007"
955f9197-5f3d-4850-bd49-1691bd784113,405-867-1004-11749,Jio,LTE,405,867,1004,11749,21.13568,72.75374,346.6,60.0,509.0,"Plot 103, Near University Road, Vesu, City Light, Surat, Gujarat 395007"
41266f73-22a1-433f-8215-b265a1dc0f7a,405-867-1004-11750,Jio,LTE,405,867,1004,11750,21.12967,72.78036,0.0,90.0,890.0,"Plot 57, Near University Road, Vesu, City Light, Surat, Gujarat 395007"
711fc5fb-cf63-48a6-8597-c911eb4f260f,405-867-1018-11751,Jio,LTE,405,867,1018,11751,21.12967,72.78036,120.0,90.0,890.0,"Plot 57, Near University Road, Vesu, City Light, Surat, Gujarat 395007"
c3311921-d52b-492c-906f-d19318f14c74,404-81-4016-11752,BSNL,LTE,404,81,4016,11752,21.12967,72.78036,240.0,90.0,890.0,"Plot 57, Near University Road, Vesu, City Light, Surat, Gujarat 395007"
a4f10873-d339-4fcc-8c89-35e5ec44af79,405-867-1007-11753,Jio,NR,405,867,1007,11753,21.14207,72.77169,260.7,60.0,473.0,"Plot 1, Near Vesu VIP Road, Vesu, City Light, Surat, Gujarat 395007"
445f072f-47ef-44b7-9444-9163c27b0aa5,405-867-1036-11754,Jio,LTE,405,867,1036,11754,21.13167,72.77163,0.0,90.0,514.0,"Plot 94, Near City Light Shopping Complex, Vesu, City Light, Surat, Gujarat 395007"
c1048e1c-427b-40bd-b813-9009d337c69a,404-20-3024-11755,Vi,LTE,404,20,3024,11755,21.13167,72.77163,120.0,90.0,514.0,"Plot 94, Near City Light Shopping Complex, Vesu, City Light, Surat, Gujarat 395007"
8f3e4a3f-82cf-4749-9534-5c0bac975a03,404-20-3038-11756,Vi,LTE,404,20,3038,11756,21.13167,72.77163,240.0,90.0,514.0,"Plot 94, Near City Light Shopping Complex, Vesu, City Light, Surat, Gujarat 395007"
0fc84bbb-b04c-45bc-81f3-9764faf71335,404-20-3039-11757,Vi,LTE,404,20,3039,11757,21.12757,72.76157,0.0,90.0,489.0,"Plot 54, Near Shyamal Cross Road, Vesu, City Light, Surat, Gujarat 395007"
398fe742-3f60-4865-86dd-e139a58532f1,405-867-1042-11758,Jio,LTE,405,867,1042,11758,21.12757,72.76157,120.0,90.0,489.0,"Plot 54, Near Shyamal Cross Road, Vesu, City Light, Surat, Gujarat 395007"
ed5eb7c1-f17e-49b7-87bf-46f06ec93811,404-20-3029-11759,Vi,LTE,404,20,3029,11759,21.12757,72.76157,240.0,90.0,489.0,"Plot 54, Near Shyamal Cross Road, Vesu, City Light, Surat, Gujarat 395007"
e4d2e557-45c8-448e-9f8a-cd26dfeef25f,404-81-4010-11760,BSNL,GSM,404,81,4010,11760,21.15246,72.76095,0.0,90.0,885.0,"Plot 88, Near Someshwar Enclave, Vesu, City Light, Surat, Gujarat 395007"
74840b76-a354-4b66-9d4d-8ebc1b03fcad,405-867-1036-11761,Jio,LTE,405,867,1036,11761,21.15246,72.76095,120.0,90.0,885.0,"Plot 88, Near Someshwar Enclave, Vesu, City Light, Surat, Gujarat 395007"
80f1aea7-166c-45cc-8c72-0260e6162d06,404-10-2036-11762,Airtel,NR,404,10,2036,11762,21.15246,72.76095,240.0,90.0,885.0,"Plot 88, Near Someshwar Enclave, Vesu, City Light, Surat, Gujarat 395007"
aefd2f18-f859-4650-b9fd-4a1b88527e17,405-867-1033-11763,Jio,LTE,405,867,1033,11763,21.17196,72.76045,0.0,90.0,469.0,"Plot 31, Near City Light Shopping Complex, Vesu, City Light, Surat, Gujarat 395007"
6b405f52-0018-480f-9d7b-a73ec9bc0bba,404-20-3018-11764,Vi,LTE,404,20,3018,11764,21.17196,72.76045,120.0,90.0,469.0,"Plot 31, Near City Light Shopping Complex, Vesu, City Light, Surat, Gujarat 395007"
5713dc3d-d32d-438d-a1f9-f27bc7763ab4,404-10-2003-11765,Airtel,LTE,404,10,2003,11765,21.17196,72.76045,240.0,90.0,469.0,"Plot 31, Near City Light Shopping Complex, Vesu, City Light, Surat, Gujarat 395007"
549dd626-f559-4c34-affd-b39ccd300060,404-20-3011-11766,Vi,GSM,404,20,3011,11766,21.15234,72.76276,0.0,90.0,945.0,"Plot 102, Near University Road, Vesu, City Light, Surat, Gujarat 395007"
83aa090b-13c9-45b4-9d85-f633cd3664bb,405-867-1036-11767,Jio,LTE,405,867,1036,11767,21.15234,72.76276,120.0,90.0,945.0,"Plot 102, Near University Road, Vesu, City Light, Surat, Gujarat 395007"
22461b8e-0d0d-41fa-ac69-95d05875c0a8,404-20-3018-11768,Vi,LTE,404,20,3018,11768,21.15234,72.76276,240.0,90.0,945.0,"Plot 102, Near University Road, Vesu, City Light, Surat, Gujarat 395007"
1c74fc21-f8f0-4194-80dc-8da0e71d84dd,404-20-3030-11769,Vi,GSM,404,20,3030,11769,21.1459,72.76847,0.0,90.0,409.0,"Plot 56, Near Someshwar Enclave, Vesu, City Light, Surat, Gujarat 395007"
d11bd32c-3a2c-427d-9ed0-18d172f6b2b2,404-10-2017-11770,Airtel,NR,404,10,2017,11770,21.1459,72.76847,120.0,90.0,409.0,"Plot 56, Near Someshwar Enclave, Vesu, City Light, Surat, Gujarat 395007"
7e39fed8-98e4-4886-86f2-71263e6fa440,405-867-1018-11771,Jio,LTE,405,867,1018,11771,21.1459,72.76847,240.0,90.0,409.0,"Plot 56, Near Someshwar Enclave, Vesu, City Light, Surat, Gujarat 395007"
06041865-e3f8-4c55-8266-4a88dbdf4ab4,404-10-2018-11772,Airtel,GSM,404,10,2018,11772,21.13344,72.76079,0.0,90.0,440.0,"Plot 137, Near Vesu VIP Road, Vesu, City Light, Surat, Gujarat 395007"
a3f7ea08-4de8-4414-8a38-f4a8be5cc25a,404-20-3004-11773,Vi,LTE,404,20,3004,11773,21.13344,72.76079,120.0,90.0,440.0,"Plot 137, Near Vesu VIP Road, Vesu, City Light, Surat, Gujarat 395007"
37716cfb-9799-4436-b637-e299ed73e83d,404-10-2014-11774,Airtel,LTE,404,10,2014,11774,21.13344,72.76079,240.0,90.0,440.0,"Plot 137, Near Vesu VIP Road, Vesu, City Light, Surat, Gujarat 395007"
64989df9-2809-4126-a010-317d8cef4a08,405-867-1040-11775,Jio,LTE,405,867,1040,11775,21.142,72.76429,0.0,90.0,962.0,"Plot 95, Near Shyamal Cross Road, Vesu, City Light, Surat, Gujarat 395007"
0b7cdc0b-71d5-456b-b913-d7c7e93a4e87,405-867-1041-11776,Jio,NR,405,867,1041,11776,21.142,72.76429,120.0,90.0,962.0,"Plot 95, Near Shyamal Cross Road, Vesu, City Light, Surat, Gujarat 395007"
6d972bd4-fc57-4abe-993c-fd8b20d07cfb,404-20-3015-11777,Vi,GSM,404,20,3015,11777,21.142,72.76429,240.0,90.0,962.0,"Plot 95, Near Shyamal Cross Road, Vesu, City Light, Surat, Gujarat 395007"
b94a9d57-1465-4ee5-95e9-fa4afc7f23d2,405-867-1025-11778,Jio,LTE,405,867,1025,11778,21.14311,72.74857,0.0,90.0,997.0,"Plot 5, Near Shyamal Cross Road, Vesu, City Light, Surat, Gujarat 395007"
b9bd2ead-64ce-4a74-9cfd-d7f51cbace7e,404-81-4041-11779,BSNL,GSM,404,81,4041,11779,21.14311,72.74857,120.0,90.0,997.0,"Plot 5, Near Shyamal Cross Road, Vesu, City Light, Surat, Gujarat 395007"
3e193cf4-4a94-4a3d-8edb-393269ae2fda,404-10-2029-11780,Airtel,LTE,404,10,2029,11780,21.14311,72.74857,240.0,90.0,997.0,"Plot 5, Near Shyamal Cross Road, Vesu, City Light, Surat, Gujarat 395007"
2ff115e7-ce2e-4c6d-a28b-be988cd90ea8,404-10-2010-11781,Airtel,LTE,404,10,2010,11781,21.14778,72.78097,0.0,90.0,637.0,"Plot 102, Near Someshwar Enclave, Vesu, City Light, Surat, Gujarat 395007"
eaa0ca18-d5db-4d89-b9aa-0022e5468745,404-20-3012-11782,Vi,LTE,404,20,3012,11782,21.14778,72.78097,120.0,90.0,637.0,"Plot 102, Near Someshwar Enclave, Vesu, City Light, Surat, Gujarat 395007"
05ef6ddd-0149-40e4-b2d1-46ab21ab8547,405-867-1012-11783,Jio,NR,405,867,1012,11783,21.14778,72.78097,240.0,90.0,637.0,"Plot 102, Near Someshwar Enclave, Vesu, City Light, Surat, Gujarat 395007"
748250fd-f746-4aa8-a3b8-5386ba56690d,404-10-2010-11784,Airtel,LTE,404,10,2010,11784,21.15261,72.78517,57.0,60.0,500.0,"Plot 73, Near University Road, Vesu, City Light, Surat, Gujarat 395007"
d421f021-af02-4fa9-a856-4d0de0bed89b,404-10-2039-11785,Airtel,NR,404,10,2039,11785,21.15803,72.7718,0.0,90.0,540.0,"Plot 26, Near City Light Shopping Complex, Vesu, City Light, Surat, Gujarat 395007"
8c743a1a-d502-4bde-bd53-ab372cea1aa6,405-867-1008-11786,Jio,LTE,405,867,1008,11786,21.15803,72.7718,120.0,90.0,540.0,"Plot 26, Near City Light Shopping Complex, Vesu, City Light, Surat, Gujarat 395007"
32ca7214-db93-4a58-88a5-512fb3e66b1a,404-20-3042-11787,Vi,GSM,404,20,3042,11787,21.15803,72.7718,240.0,90.0,540.0,"Plot 26, Near City Light Shopping Complex, Vesu, City Light, Surat, Gujarat 395007"
108799e0-5438-4990-a352-0c526575424f,404-81-4022-11788,BSNL,GSM,404,81,4022,11788,21.15492,72.76037,219.6,60.0,402.0,"Plot 69, Near Vesu VIP Road, Vesu, City Light, Surat, Gujarat 395007"
d1bd77d8-5d10-458e-946a-df4e070b4b8f,404-20-3031-11789,Vi,LTE,404,20,3031,11789,21.15032,72.75742,0.0,90.0,854.0,"Plot 123, Near University Road, Vesu, City Light, Surat, Gujarat 395007"
6ace62f4-36e6-4e4f-a017-f62bb0f62fd3,405-867-1045-11790,Jio,LTE,405,867,1045,11790,21.15032,72.75742,120.0,90.0,854.0,"Plot 123, Near University Road, Vesu, City Light, Surat, Gujarat 395007"
fc019258-933c-45c1-bef6-ed0cbe1d6785,405-867-1002-11791,Jio,LTE,405,867,1002,11791,21.15032,72.75742,240.0,90.0,854.0,"Plot 123, Near University Road, Vesu, City Light, Surat, Gujarat 395007"
7e4edf65-9e69-4b78-97c1-f679d3850116,405-867-1002-11792,Jio,NR,405,867,1002,11792,21.14937,72.75579,0.0,90.0,825.0,"Plot 27, Near Shyamal Cross Road, Vesu, City Light, Surat, Gujarat 395007"
1c46c768-c9f6-4dc7-a544-9e085e6bebe4,405-867-1023-11793,Jio,LTE,405,867,1023,11793,21.14937,72.75579,120.0,90.0,825.0,"Plot 27, Near Shyamal Cross Road, Vesu, City Light, Surat, Gujarat 395007"
76e6bb43-fb42-490a-8e6a-b0d977a97185,404-10-2044-11794,Airtel,LTE,404,10,2044,11794,21.14937,72.75579,240.0,90.0,825.0,"Plot 27, Near Shyamal Cross Road, Vesu, City Light, Surat, Gujarat 395007"
ac405935-a265-46af-a6fe-fd3d96557046,405-867-1019-11795,Jio,NR,405,867,1019,11795,21.12468,72.78427,0.0,90.0,512.0,"Plot 126, Near Vesu VIP Road, Vesu, City Light, Surat, Gujarat 395007"
a76ff9e6-a48e-47e9-944f-af57d5efcc0e,405-867-1008-11796,Jio,LTE,405,867,1008,11796,21.12468,72.78427,120.0,90.0,512.0,"Plot 126, Near Vesu VIP Road, Vesu, City Light, Surat, Gujarat 395007"
688ba8a7-9e87-4812-9d77-5168da6280c8,405-867-1006-11797,Jio,NR,405,867,1006,11797,21.12468,72.78427,240.0,90.0,512.0,"Plot 126, Near Vesu VIP Road, Vesu, City Light, Surat, Gujarat 395007"
7bf6d9a2-3771-4e2f-9d16-2e29396efca0,404-10-2043-11798,Airtel,LTE,404,10,2043,11798,21.16282,72.75029,0.0,90.0,585.0,"Plot 110, Near University Road, Vesu, City Light, Surat, Gujarat 395007"
8617961c-0bb1-49d6-9afd-f21207bcdc44,404-10-2019-11799,Airtel,LTE,404,10,2019,11799,21.16282,72.75029,120.0,90.0,585.0,"Plot 110, Near University Road, Vesu, City Light, Surat, Gujarat 395007"
8df9f13e-50ab-4c5d-b5fc-db065754df95,405-867-1032-11800,Jio,LTE,405,867,1032,11800,21.16282,72.75029,240.0,90.0,585.0,"Plot 110, Near University Road, Vesu, City Light, Surat, Gujarat 395007"
f78c871d-730b-486c-9eee-cb24bf341643,404-20-3010-11801,Vi,LTE,404,20,3010,11801,21.13033,72.73961,0.0,90.0,552.0,"Plot 1, Near Vesu VIP Road, Vesu, City Light, Surat, Gujarat 395007"
2bfa3bca-6855-4947-8464-b4f58bd613c9,405-867-1031-11802,Jio,LTE,405,867,1031,11802,21.13033,72.73961,120.0,90.0,552.0,"Plot 1, Near Vesu VIP Road, Vesu, City Light, Surat, Gujarat 395007"
6e0b90ae-ec81-45e3-8324-1717d9c95fb0,404-20-3028-11803,Vi,LTE,404,20,3028,11803,21.13033,72.73961,240.0,90.0,552.0,"Plot 1, Near Vesu VIP Road, Vesu, City Light, Surat, Gujarat 395007"
27feecbd-78f4-4995-b47e-b17d74fe170d,404-20-3032-11804,Vi,LTE,404,20,3032,11804,21.15991,72.76085,0.0,90.0,586.0,"Plot 83, Near Vesu VIP Road, Vesu, City Light, Surat, Gujarat 395007"
883e46c1-92e8-4fdb-8a50-5a6003439650,405-867-1027-11805,Jio,LTE,405,867,1027,11805,21.15991,72.76085,120.0,90.0,586.0,"Plot 83, Near Vesu VIP Road, Vesu, City Light, Surat, Gujarat 395007"
663b4075-732b-4ab1-9e5c-a2feb06f2908,404-10-2009-11806,Airtel,LTE,404,10,2009,11806,21.15991,72.76085,240.0,90.0,586.0,"Plot 83, Near Vesu VIP Road, Vesu, City Light, Surat, Gujarat 395007"
1dfff8e6-8ac5-474a-97b9-c217de92b5ea,404-10-2035-11807,Airtel,LTE,404,10,2035,11807,21.15252,72.74127,0.0,90.0,909.0,"Plot 99, Near University Road, Vesu, City Light, Surat, Gujarat 395007"
b59e4ece-5507-401c-a203-48f7015d584e,404-20-3038-11808,Vi,LTE,404,20,3038,11808,21.15252,72.74127,120.0,90.0,909.0,"Plot 99, Near University Road, Vesu, City Light, Surat, Gujarat 395007"
2eb40e50-f02c-4f49-868f-4c35d900f726,404-10-2045-11809,Airtel,LTE,404,10,2045,11809,21.15252,72.74127,240.0,90.0,909.0,"Plot 99, Near University Road, Vesu, City Light, Surat, Gujarat 395007"
0a4b5aff-0ab0-49fb-8ab2-57664864dba5,404-81-4036-11810,BSNL,GSM,404,81,4036,11810,21.15016,72.75135,0.0,90.0,608.0,"Plot 61, Near Vesu VIP Road, Vesu, City Light, Surat, Gujarat 395007"
dc493fde-2225-439c-95f4-16d4bbef3b77,405-867-1008-11811,Jio,LTE,405,867,1008,11811,21.15016,72.75135,120.0,90.0,608.0,"Plot 61, Near Vesu VIP Road, Vesu, City Light, Surat, Gujarat 395007"
0b3090da-e9cc-4cc5-8861-68a8399bca49,405-867-1009-11812,Jio,LTE,405,867,1009,11812,21.15016,72.75135,240.0,90.0,608.0,"Plot 61, Near Vesu VIP Road, Vesu, City Light, Surat, Gujarat 395007"
2e0d7c03-bee3-442f-9f33-0d0d687f4ea6,405-867-1045-11813,Jio,LTE,405,867,1045,11813,21.14188,72.77661,0.0,90.0,629.0,"Plot 108, Near Someshwar Enclave, Vesu, City Light, Surat, Gujarat 395007"
954c6f65-123c-435f-9586-ce99fdd1e36e,404-10-2002-11814,Airtel,LTE,404,10,2002,11814,21.14188,72.77661,120.0,90.0,629.0,"Plot 108, Near Someshwar Enclave, Vesu, City Light, Surat, Gujarat 395007"
281d568a-b765-41ba-ad58-4a9d1b1a827c,404-10-2004-11815,Airtel,LTE,404,10,2004,11815,21.14188,72.77661,240.0,90.0,629.0,"Plot 108, Near Someshwar Enclave, Vesu, City Light, Surat, Gujarat 395007"
665715ca-f515-4d8c-abf5-f81fd8af1b25,405-867-1006-11816,Jio,LTE,405,867,1006,11816,21.13793,72.74094,0.0,90.0,561.0,"Plot 123, Near Vesu VIP Road, Vesu, City Light, Surat, Gujarat 395007"
d523b03b-efdc-4240-bf67-d6bde11553d9,405-867-1027-11817,Jio,LTE,405,867,1027,11817,21.13793,72.74094,120.0,90.0,561.0,"Plot 123, Near Vesu VIP Road, Vesu, City Light, Surat, Gujarat 395007"
25f750d9-099e-4ab2-815a-df4b0759c026,405-867-1009-11818,Jio,LTE,405,867,1009,11818,21.13793,72.74094,240.0,90.0,561.0,"Plot 123, Near Vesu VIP Road, Vesu, City Light, Surat, Gujarat 395007"
14eae869-5661-4758-a67d-1e38827cdff7,405-867-1001-11819,Jio,LTE,405,867,1001,11819,21.14471,72.73911,0.0,90.0,745.0,"Plot 121, Near Shyamal Cross Road, Vesu, City Light, Surat, Gujarat 395007"
dbc6d0ee-6346-413d-a75f-8401d66f48b3,405-867-1042-11820,Jio,LTE,405,867,1042,11820,21.14471,72.73911,120.0,90.0,745.0,"Plot 121, Near Shyamal Cross Road, Vesu, City Light, Surat, Gujarat 395007"
76e4abf5-6a45-4dbd-8c4c-633b653f7793,405-867-1033-11821,Jio,NR,405,867,1033,11821,21.14471,72.73911,240.0,90.0,745.0,"Plot 121, Near Shyamal Cross Road, Vesu, City Light, Surat, Gujarat 395007"
ab229bc6-5fd5-4e4f-878f-0a4d6fe1d196,404-20-3015-11822,Vi,LTE,404,20,3015,11822,21.15477,72.78158,0.0,90.0,664.0,"Plot 117, Near City Light Shopping Complex, Vesu, City Light, Surat, Gujarat 395007"
bf6e6028-b2d8-4808-9760-c0a849653ef8,405-867-1006-11823,Jio,LTE,405,867,1006,11823,21.15477,72.78158,120.0,90.0,664.0,"Plot 117, Near City Light Shopping Complex, Vesu, City Light, Surat, Gujarat 395007"
73b85c3b-3148-4f6c-8273-45b024d85383,404-10-2009-11824,Airtel,GSM,404,10,2009,11824,21.15477,72.78158,240.0,90.0,664.0,"Plot 117, Near City Light Shopping Complex, Vesu, City Light, Surat, Gujarat 395007"
a78ee861-b71b-4fce-8f3f-7f1b53c76cb1,404-10-2045-11825,Airtel,LTE,404,10,2045,11825,21.14421,72.74531,0.0,90.0,972.0,"Plot 57, Near Vesu VIP Road, Vesu, City Light, Surat, Gujarat 395007"
d4814921-1f6e-4e95-b689-3d4015423294,405-867-1042-11826,Jio,LTE,405,867,1042,11826,21.14421,72.74531,120.0,90.0,972.0,"Plot 57, Near Vesu VIP Road, Vesu, City Light, Surat, Gujarat 395007"
6ecd0afd-98ed-4b49-a861-62792dcc6ca0,405-867-1004-11827,Jio,LTE,405,867,1004,11827,21.14421,72.74531,240.0,90.0,972.0,"Plot 57, Near Vesu VIP Road, Vesu, City Light, Surat, Gujarat 395007"
d9d674a0-9261-4e89-bc17-65d9f0a9e453,404-20-3019-11828,Vi,LTE,404,20,3019,11828,21.15265,72.74146,27.2,360.0,599.0,"Plot 70, Near University Road, Vesu, City Light, Surat, Gujarat 395007"
43e384d9-4640-404a-b139-75aa2b02b817,405-867-1003-11829,Jio,LTE,405,867,1003,11829,21.1501,72.77396,0.0,90.0,716.0,"Plot 3, Near University Road, Vesu, City Light, Surat, Gujarat 395007"
6fb1ac00-51cb-47ee-bc07-aa46e4fcfb17,405-867-1037-11830,Jio,LTE,405,867,1037,11830,21.1501,72.77396,120.0,90.0,716.0,"Plot 3, Near University Road, Vesu, City Light, Surat, Gujarat 395007"
ffdaf703-46cc-4632-9229-f271585b7518,404-10-2031-11831,Airtel,LTE,404,10,2031,11831,21.1501,72.77396,240.0,90.0,716.0,"Plot 3, Near University Road, Vesu, City Light, Surat, Gujarat 395007"
e112c681-dc47-48a9-8f2f-c6bc9f86a1f9,404-81-4021-11832,BSNL,LTE,404,81,4021,11832,21.16068,72.76996,0.0,90.0,689.0,"Plot 3, Near Shyamal Cross Road, Vesu, City Light, Surat, Gujarat 395007"
43c05f1c-aa85-4fa4-968e-2cb322c4b0da,404-20-3009-11833,Vi,LTE,404,20,3009,11833,21.16068,72.76996,120.0,90.0,689.0,"Plot 3, Near Shyamal Cross Road, Vesu, City Light, Surat, Gujarat 395007"
780169a3-bf3b-4e0a-a3b2-539f54403c46,404-10-2027-11834,Airtel,LTE,404,10,2027,11834,21.16068,72.76996,240.0,90.0,689.0,"Plot 3, Near Shyamal Cross Road, Vesu, City Light, Surat, Gujarat 395007"
16c6f0eb-6d18-4227-99cc-c79597bd28de,404-20-3011-11835,Vi,LTE,404,20,3011,11835,21.16136,72.75166,278.6,90.0,550.0,"Plot 39, Near Someshwar Enclave, Vesu, City Light, Surat, Gujarat 395007"
603c602d-64e6-41ba-a418-95394baa8bbc,404-20-3033-11836,Vi,LTE,404,20,3033,11836,21.15644,72.78224,0.0,90.0,544.0,"Plot 60, Near Vesu VIP Road, Vesu, City Light, Surat, Gujarat 395007"
bde9d2fd-41a0-4818-9de4-e3434b4ba6d8,404-10-2042-11837,Airtel,NR,404,10,2042,11837,21.15644,72.78224,120.0,90.0,544.0,"Plot 60, Near Vesu VIP Road, Vesu, City Light, Surat, Gujarat 395007"
3ec2e4c6-4ae5-4293-bd17-d3cd6d573918,404-10-2029-11838,Airtel,NR,404,10,2029,11838,21.15644,72.78224,240.0,90.0,544.0,"Plot 60, Near Vesu VIP Road, Vesu, City Light, Surat, Gujarat 395007"
6a9e3334-e0ef-4b40-9b29-1f3819ff0134,405-867-1039-11839,Jio,NR,405,867,1039,11839,21.14873,72.74727,249.5,360.0,499.0,"Plot 111, Near Shyamal Cross Road, Vesu, City Light, Surat, Gujarat 395007"
329b8582-5312-4bdc-bc4c-bb738ec79543,404-20-3006-11840,Vi,LTE,404,20,3006,11840,21.1553,72.77063,0.0,90.0,546.0,"Plot 25, Near City Light Shopping Complex, Vesu, City Light, Surat, Gujarat 395007"
8fe0ef17-d35d-4112-80a7-f32a622dd421,405-867-1011-11841,Jio,LTE,405,867,1011,11841,21.1553,72.77063,120.0,90.0,546.0,"Plot 25, Near City Light Shopping Complex, Vesu, City Light, Surat, Gujarat 395007"
694f943f-bf00-4ae3-bff5-b8202ce80f21,404-20-3018-11842,Vi,LTE,404,20,3018,11842,21.1553,72.77063,240.0,90.0,546.0,"Plot 25, Near City Light Shopping Complex, Vesu, City Light, Surat, Gujarat 395007"
c7f47f98-d52a-48dc-b5c5-eab48223633a,405-867-1017-11843,Jio,LTE,405,867,1017,11843,21.12967,72.75643,0.0,90.0,871.0,"Plot 46, Near Vesu VIP Road, Vesu, City Light, Surat, Gujarat 395007"
6c1337a0-b480-479f-bd6f-dc0eff4328dd,404-20-3009-11844,Vi,LTE,404,20,3009,11844,21.12967,72.75643,120.0,90.0,871.0,"Plot 46, Near Vesu VIP Road, Vesu, City Light, Surat, Gujarat 395007"
2954668e-f8af-4fbd-9fdb-6c3d423784e6,404-20-3032-11845,Vi,GSM,404,20,3032,11845,21.12967,72.75643,240.0,90.0,871.0,"Plot 46, Near Vesu VIP Road, Vesu, City Light, Surat, Gujarat 395007"
19921e75-4844-4ce8-88e7-f87184285b50,405-867-1040-11846,Jio,LTE,405,867,1040,11846,21.17092,72.77206,0.0,90.0,532.0,"Plot 105, Near City Light Shopping Complex, Vesu, City Light, Surat, Gujarat 395007"
f16fdca6-2ffb-4be4-ad0c-9c9f5dba6dd9,404-81-4044-11847,BSNL,GSM,404,81,4044,11847,21.17092,72.77206,120.0,90.0,532.0,"Plot 105, Near City Light Shopping Complex, Vesu, City Light, Surat, Gujarat 395007"
16f2b715-a630-44d0-a4ce-f8cc983000d1,405-867-1044-11848,Jio,LTE,405,867,1044,11848,21.17092,72.77206,240.0,90.0,532.0,"Plot 105, Near City Light Shopping Complex, Vesu, City Light, Surat, Gujarat 395007"
5457dc32-550c-4988-8970-a2e147463860,405-867-1019-11849,Jio,NR,405,867,1019,11849,21.17249,72.7731,0.0,90.0,974.0,"Plot 63, Near Vesu VIP Road, Vesu, City Light, Surat, Gujarat 395007"
521061ab-402b-4d2c-a997-b5c9a433ea2e,405-867-1005-11850,Jio,LTE,405,867,1005,11850,21.17249,72.7731,120.0,90.0,974.0,"Plot 63, Near Vesu VIP Road, Vesu, City Light, Surat, Gujarat 395007"
c4e9a88f-e1e3-4daf-87a6-4ce7389f9a13,405-867-1043-11851,Jio,NR,405,867,1043,11851,21.17249,72.7731,240.0,90.0,974.0,"Plot 63, Near Vesu VIP Road, Vesu, City Light, Surat, Gujarat 395007"
8100e90e-deeb-4638-a3e6-7d5a0b0338cf,404-20-3022-11852,Vi,LTE,404,20,3022,11852,21.16147,72.77676,63.1,60.0,501.0,"Plot 120, Near Someshwar Enclave, Vesu, City Light, Surat, Gujarat 395007"
a612fd32-d5ea-432c-8c15-f2622e1dc339,405-867-1035-11853,Jio,LTE,405,867,1035,11853,21.16065,72.7722,0.0,90.0,887.0,"Plot 125, Near Someshwar Enclave, Vesu, City Light, Surat, Gujarat 395007"
ee5110f4-931c-4a56-9c0a-f8b77b3908ea,405-867-1041-11854,Jio,LTE,405,867,1041,11854,21.16065,72.7722,120.0,90.0,887.0,"Plot 125, Near Someshwar Enclave, Vesu, City Light, Surat, Gujarat 395007"
e3a59997-b652-4e5f-a95e-ac6a75bc4859,405-867-1039-11855,Jio,LTE,405,867,1039,11855,21.16065,72.7722,240.0,90.0,887.0,"Plot 125, Near Someshwar Enclave, Vesu, City Light, Surat, Gujarat 395007"
9cb8665a-c9d5-41aa-ae2e-66c0fa51e22a,405-867-1044-11856,Jio,NR,405,867,1044,11856,21.14617,72.75681,0.0,90.0,618.0,"Plot 111, Near Shyamal Cross Road, Vesu, City Light, Surat, Gujarat 395007"
13e67376-c7ce-4a70-bced-c03e08708b87,405-867-1012-11857,Jio,LTE,405,867,1012,11857,21.14617,72.75681,120.0,90.0,618.0,"Plot 111, Near Shyamal Cross Road, Vesu, City Light, Surat, Gujarat 395007"
d77b1d5e-fe1e-472d-8c8d-f780e833541b,405-867-1026-11858,Jio,LTE,405,867,1026,11858,21.14617,72.75681,240.0,90.0,618.0,"Plot 111, Near Shyamal Cross Road, Vesu, City Light, Surat, Gujarat 395007"
41fc250b-729c-4a21-9b72-8ae5165db746,405-867-1028-11859,Jio,LTE,405,867,1028,11859,21.16849,72.7792,0.0,90.0,665.0,"Plot 108, Near City Light Shopping Complex, Vesu, City Light, Surat, Gujarat 395007"
be00e446-f64d-40d6-99ef-5048773f826f,405-867-1011-11860,Jio,NR,405,867,1011,11860,21.16849,72.7792,120.0,90.0,665.0,"Plot 108, Near City Light Shopping Complex, Vesu, City Light, Surat, Gujarat 395007"
ec309931-b0ac-4c6d-8bfa-da71b90b7872,405-867-1031-11861,Jio,NR,405,867,1031,11861,21.16849,72.7792,240.0,90.0,665.0,"Plot 108, Near City Light Shopping Complex, Vesu, City Light, Surat, Gujarat 395007"
417a3079-5c51-4319-8a13-7caddc94dc3c,405-867-1039-11862,Jio,LTE,405,867,1039,11862,21.1213,72.76894,0.0,90.0,984.0,"Plot 112, Near University Road, Vesu, City Light, Surat, Gujarat 395007"
c968e79b-9937-4cf3-9b83-17e3539fd4de,405-867-1038-11863,Jio,LTE,405,867,1038,11863,21.1213,72.76894,120.0,90.0,984.0,"Plot 112, Near University Road, Vesu, City Light, Surat, Gujarat 395007"
84239a46-0370-4066-9eae-76372993df1f,404-10-2021-11864,Airtel,LTE,404,10,2021,11864,21.1213,72.76894,240.0,90.0,984.0,"Plot 112, Near University Road, Vesu, City Light, Surat, Gujarat 395007"
40466ac7-1b9d-47f0-80c9-e72b47d59be0,404-20-3017-11865,Vi,LTE,404,20,3017,11865,21.1722,72.76761,0.0,90.0,516.0,"Plot 128, Near University Road, Vesu, City Light, Surat, Gujarat 395007"
c3e4e364-0aa3-4929-ac1e-85b38c407aca,404-10-2029-11866,Airtel,LTE,404,10,2029,11866,21.1722,72.76761,120.0,90.0,516.0,"Plot 128, Near University Road, Vesu, City Light, Surat, Gujarat 395007"
50413102-6033-4189-b9a9-f29f75413cb1,404-81-4041-11867,BSNL,LTE,404,81,4041,11867,21.1722,72.76761,240.0,90.0,516.0,"Plot 128, Near University Road, Vesu, City Light, Surat, Gujarat 395007"
61725397-9cca-40a3-98eb-aaa240fb1206,405-867-1011-11868,Jio,LTE,405,867,1011,11868,21.11804,72.77453,0.0,90.0,592.0,"Plot 10, Near Vesu VIP Road, Vesu, City Light, Surat, Gujarat 395007"
924d7e5a-fd82-47e7-8675-4a32d5ffa11f,404-10-2014-11869,Airtel,LTE,404,10,2014,11869,21.11804,72.77453,120.0,90.0,592.0,"Plot 10, Near Vesu VIP Road, Vesu, City Light, Surat, Gujarat 395007"
86ab4f01-250e-408e-b1a0-e3137ee8d286,404-81-4037-11870,BSNL,LTE,404,81,4037,11870,21.11804,72.77453,240.0,90.0,592.0,"Plot 10, Near Vesu VIP Road, Vesu, City Light, Surat, Gujarat 395007"
aff6e559-3bda-42eb-be25-31ce4b6ab427,404-10-2045-11871,Airtel,NR,404,10,2045,11871,21.16199,72.75972,0.0,90.0,714.0,"Plot 5, Near Shyamal Cross Road, Vesu, City Light, Surat, Gujarat 395007"
a5918376-f95e-4cd7-83bb-76880b8f1e64,405-867-1027-11872,Jio,NR,405,867,1027,11872,21.16199,72.75972,120.0,90.0,714.0,"Plot 5, Near Shyamal Cross Road, Vesu, City Light, Surat, Gujarat 395007"
e8575834-89aa-431b-aee2-ec90f3723340,405-867-1035-11873,Jio,LTE,405,867,1035,11873,21.16199,72.75972,240.0,90.0,714.0,"Plot 5, Near Shyamal Cross Road, Vesu, City Light, Surat, Gujarat 395007"
b6b9d5c6-533d-4266-9c78-63dd7d567c10,405-867-1039-11874,Jio,LTE,405,867,1039,11874,21.11958,72.77871,0.0,90.0,869.0,"Plot 30, Near Shyamal Cross Road, Vesu, City Light, Surat, Gujarat 395007"
fcbc9b58-5695-4d49-91c6-2071e2034b91,405-867-1019-11875,Jio,LTE,405,867,1019,11875,21.11958,72.77871,120.0,90.0,869.0,"Plot 30, Near Shyamal Cross Road, Vesu, City Light, Surat, Gujarat 395007"
b530213c-6465-4483-8812-c29ec99419a0,404-20-3028-11876,Vi,LTE,404,20,3028,11876,21.11958,72.77871,240.0,90.0,869.0,"Plot 30, Near Shyamal Cross Road, Vesu, City Light, Surat, Gujarat 395007"
2c5c42bb-db6b-48ec-b88a-2804f5272db3,405-867-1027-11877,Jio,LTE,405,867,1027,11877,21.12889,72.74563,0.0,90.0,506.0,"Plot 23, Near Vesu VIP Road, Vesu, City Light, Surat, Gujarat 395007"
991a67c6-7f69-4557-9f1f-37dcc92b4fb2,405-867-1040-11878,Jio,LTE,405,867,1040,11878,21.12889,72.74563,120.0,90.0,506.0,"Plot 23, Near Vesu VIP Road, Vesu, City Light, Surat, Gujarat 395007"
9ab314c1-88c2-42a3-b227-751be5669904,404-20-3029-11879,Vi,LTE,404,20,3029,11879,21.12889,72.74563,240.0,90.0,506.0,"Plot 23, Near Vesu VIP Road, Vesu, City Light, Surat, Gujarat 395007"
c8a537d9-b121-404c-a9fe-f86d885988e3,404-10-2031-11880,Airtel,LTE,404,10,2031,11880,21.11909,72.76441,0.0,90.0,865.0,"Plot 108, Near Shyamal Cross Road, Vesu, City Light, Surat, Gujarat 395007"
085b2724-9cc1-4f71-bb21-f9fa447663d7,404-81-4030-11881,BSNL,GSM,404,81,4030,11881,21.11909,72.76441,120.0,90.0,865.0,"Plot 108, Near Shyamal Cross Road, Vesu, City Light, Surat, Gujarat 395007"
85d7c3d5-ef26-4e65-b772-7271d334487a,405-867-1026-11882,Jio,NR,405,867,1026,11882,21.11909,72.76441,240.0,90.0,865.0,"Plot 108, Near Shyamal Cross Road, Vesu, City Light, Surat, Gujarat 395007"
f45d3796-41f6-4327-80d5-a2a840adeb58,405-867-1027-11883,Jio,NR,405,867,1027,11883,21.16277,72.76591,0.0,90.0,670.0,"Plot 130, Near University Road, Vesu, City Light, Surat, Gujarat 395007"
b21ddf07-1c24-4517-a038-4551b1cf691f,404-10-2027-11884,Airtel,LTE,404,10,2027,11884,21.16277,72.76591,120.0,90.0,670.0,"Plot 130, Near University Road, Vesu, City Light, Surat, Gujarat 395007"
b3ecd8b9-469b-481b-839b-8d47c44a0737,405-867-1024-11885,Jio,LTE,405,867,1024,11885,21.16277,72.76591,240.0,90.0,670.0,"Plot 130, Near University Road, Vesu, City Light, Surat, Gujarat 395007"
252c0405-a836-4344-94bc-d1fb7f78d4ad,404-81-4026-11886,BSNL,GSM,404,81,4026,11886,21.15626,72.74617,0.0,90.0,985.0,"Plot 82, Near Someshwar Enclave, Vesu, City Light, Surat, Gujarat 395007"
5ab98e04-a982-4579-b94e-d6b3a6c273bf,405-867-1004-11887,Jio,LTE,405,867,1004,11887,21.15626,72.74617,120.0,90.0,985.0,"Plot 82, Near Someshwar Enclave, Vesu, City Light, Surat, Gujarat 395007"
a314f315-cec4-4226-8239-13ad04b91064,404-20-3009-11888,Vi,LTE,404,20,3009,11888,21.15626,72.74617,240.0,90.0,985.0,"Plot 82, Near Someshwar Enclave, Vesu, City Light, Surat, Gujarat 395007"
d35d025a-ef80-4ed6-ba43-fc1cb5e1ce9e,405-867-1009-11889,Jio,LTE,405,867,1009,11889,21.16185,72.75777,0.0,90.0,929.0,"Plot 104, Near University Road, Vesu, City Light, Surat, Gujarat 395007"
6cd974bb-35ce-4d09-8c62-08816b4ca667,404-10-2026-11890,Airtel,LTE,404,10,2026,11890,21.16185,72.75777,120.0,90.0,929.0,"Plot 104, Near University Road, Vesu, City Light, Surat, Gujarat 395007"
b2709136-bc5e-4c40-91a2-d2a661853e0f,404-20-3017-11891,Vi,LTE,404,20,3017,11891,21.16185,72.75777,240.0,90.0,929.0,"Plot 104, Near University Road, Vesu, City Light, Surat, Gujarat 395007"
2d9c5974-a098-4ca7-a359-a82f79a7ad71,404-20-3040-11892,Vi,LTE,404,20,3040,11892,21.15115,72.75421,9.0,60.0,560.0,"Plot 53, Near Shyamal Cross Road, Vesu, City Light, Surat, Gujarat 395007"
6f39bfa7-5f83-4408-b8f2-62bd6eeef90d,404-81-4023-11893,BSNL,LTE,404,81,4023,11893,21.13771,72.73638,0.0,90.0,533.0,"Plot 147, Near Vesu VIP Road, Vesu, City Light, Surat, Gujarat 395007"
75d82899-a775-4e14-b695-2af926d4f122,405-867-1015-11894,Jio,LTE,405,867,1015,11894,21.13771,72.73638,120.0,90.0,533.0,"Plot 147, Near Vesu VIP Road, Vesu, City Light, Surat, Gujarat 395007"
8972e3f4-a3b5-4848-b5b1-16dbb405d9eb,405-867-1016-11895,Jio,LTE,405,867,1016,11895,21.13771,72.73638,240.0,90.0,533.0,"Plot 147, Near Vesu VIP Road, Vesu, City Light, Surat, Gujarat 395007"
7f48f4a6-fda3-4b45-8ee9-b0b9f021b67f,405-867-1002-11896,Jio,LTE,405,867,1002,11896,21.14115,72.73751,0.0,90.0,681.0,"Plot 67, Near City Light Shopping Complex, Vesu, City Light, Surat, Gujarat 395007"
f587a2d6-1852-478e-befa-3bc4c27e29db,404-10-2007-11897,Airtel,LTE,404,10,2007,11897,21.14115,72.73751,120.0,90.0,681.0,"Plot 67, Near City Light Shopping Complex, Vesu, City Light, Surat, Gujarat 395007"
02cfea9b-99eb-4028-a70e-bd9fbf83cf71,405-867-1008-11898,Jio,NR,405,867,1008,11898,21.14115,72.73751,240.0,90.0,681.0,"Plot 67, Near City Light Shopping Complex, Vesu, City Light, Surat, Gujarat 395007"
06fba455-ee42-4e0b-a1f5-ee7b38f52e04,405-867-1027-11899,Jio,NR,405,867,1027,11899,21.15713,72.77537,295.6,60.0,500.0,"Plot 24, Near University Road, Vesu, City Light, Surat, Gujarat 395007"
d7210b0b-367f-42fc-b731-c2ac1fccf953,404-20-3029-11900,Vi,LTE,404,20,3029,11900,21.17028,72.7785,0.0,90.0,784.0,"Plot 54, Near Vesu VIP Road, Vesu, City Light, Surat, Gujarat 395007"
73c05ecc-298c-4fd1-b658-88cb8c9414b1,404-20-3001-11901,Vi,LTE,404,20,3001,11901,21.17028,72.7785,120.0,90.0,784.0,"Plot 54, Near Vesu VIP Road, Vesu, City Light, Surat, Gujarat 395007"
82ef34ee-9e88-4ebb-8c8a-1bb05bf12801,404-20-3041-11902,Vi,LTE,404,20,3041,11902,21.17028,72.7785,240.0,90.0,784.0,"Plot 54, Near Vesu VIP Road, Vesu, City Light, Surat, Gujarat 395007"
d6a90f50-200c-46c5-a66b-69a7c8a17f3c,405-867-1017-11903,Jio,LTE,405,867,1017,11903,21.14042,72.76111,0.0,90.0,959.0,"Plot 89, Near Shyamal Cross Road, Vesu, City Light, Surat, Gujarat 395007"
432d549f-3152-4581-a318-2011969fedd9,404-20-3002-11904,Vi,LTE,404,20,3002,11904,21.14042,72.76111,120.0,90.0,959.0,"Plot 89, Near Shyamal Cross Road, Vesu, City Light, Surat, Gujarat 395007"
da1da719-eba8-4478-b23f-467af47cf98e,404-10-2010-11905,Airtel,LTE,404,10,2010,11905,21.14042,72.76111,240.0,90.0,959.0,"Plot 89, Near Shyamal Cross Road, Vesu, City Light, Surat, Gujarat 395007"
46651e30-075e-47cd-8ace-6b9a8b27aad5,405-867-1009-11906,Jio,LTE,405,867,1009,11906,21.14869,72.78341,0.0,90.0,625.0,"Plot 8, Near University Road, Vesu, City Light, Surat, Gujarat 395007"
7e0ba9ea-a4ba-4bc3-8133-0bdaa1b19f79,405-867-1006-11907,Jio,LTE,405,867,1006,11907,21.14869,72.78341,120.0,90.0,625.0,"Plot 8, Near University Road, Vesu, City Light, Surat, Gujarat 395007"
847be13b-9379-4286-b8f3-0218084ca59a,405-867-1019-11908,Jio,LTE,405,867,1019,11908,21.14869,72.78341,240.0,90.0,625.0,"Plot 8, Near University Road, Vesu, City Light, Surat, Gujarat 395007"
320e5df6-473a-4a15-a28c-175d20dd5b19,405-867-1018-11909,Jio,LTE,405,867,1018,11909,21.11959,72.77072,0.0,90.0,597.0,"Plot 132, Near City Light Shopping Complex, Vesu, City Light, Surat, Gujarat 395007"
02fd04c1-9d8e-4542-b80d-e103390f8d92,404-81-4038-11910,BSNL,GSM,404,81,4038,11910,21.11959,72.77072,120.0,90.0,597.0,"Plot 132, Near City Light Shopping Complex, Vesu, City Light, Surat, Gujarat 395007"
dafe6545-cbc8-4690-a698-c71fd8618d36,405-867-1032-11911,Jio,NR,405,867,1032,11911,21.11959,72.77072,240.0,90.0,597.0,"Plot 132, Near City Light Shopping Complex, Vesu, City Light, Surat, Gujarat 395007"
77638964-7cb4-430b-afe7-c133199296d3,404-10-2037-11912,Airtel,LTE,404,10,2037,11912,21.12729,72.77343,0.0,90.0,510.0,"Plot 70, Near Someshwar Enclave, Vesu, City Light, Surat, Gujarat 395007"
27d18427-b257-4ca2-905f-c73932c5ac40,405-867-1005-11913,Jio,NR,405,867,1005,11913,21.12729,72.77343,120.0,90.0,510.0,"Plot 70, Near Someshwar Enclave, Vesu, City Light, Surat, Gujarat 395007"
b026a88e-095e-4cc3-bb27-b19a2a712768,405-867-1033-11914,Jio,NR,405,867,1033,11914,21.12729,72.77343,240.0,90.0,510.0,"Plot 70, Near Someshwar Enclave, Vesu, City Light, Surat, Gujarat 395007"
ac2ef8ce-6c2c-4ea5-8970-3b7ac6f12035,405-867-1028-11915,Jio,NR,405,867,1028,11915,21.14464,72.78493,0.0,90.0,430.0,"Plot 136, Near Someshwar Enclave, Vesu, City Light, Surat, Gujarat 395007"
c2b9d551-f36c-455c-bacb-db590e1ea4a5,404-20-3005-11916,Vi,LTE,404,20,3005,11916,21.14464,72.78493,120.0,90.0,430.0,"Plot 136, Near Someshwar Enclave, Vesu, City Light, Surat, Gujarat 395007"
120a6dc2-8cf8-45c1-b2cc-fb6ea1a3db96,405-867-1010-11917,Jio,LTE,405,867,1010,11917,21.14464,72.78493,240.0,90.0,430.0,"Plot 136, Near Someshwar Enclave, Vesu, City Light, Surat, Gujarat 395007"
3aa04f9e-6df8-40f1-bdc8-15236e51c23f,405-867-1015-11918,Jio,NR,405,867,1015,11918,21.14692,72.754,0.0,90.0,618.0,"Plot 3, Near Shyamal Cross Road, Vesu, City Light, Surat, Gujarat 395007"
792de8a2-01d9-4ddb-be78-d87725d8dfde,404-10-2039-11919,Airtel,LTE,404,10,2039,11919,21.14692,72.754,120.0,90.0,618.0,"Plot 3, Near Shyamal Cross Road, Vesu, City Light, Surat, Gujarat 395007"
1426e272-b457-47d2-96cd-fde23ba90ed5,405-867-1036-11920,Jio,LTE,405,867,1036,11920,21.14692,72.754,240.0,90.0,618.0,"Plot 3, Near Shyamal Cross Road, Vesu, City Light, Surat, Gujarat 395007"
9771a483-9a39-41e2-81f7-f07b9580b691,404-10-2021-11921,Airtel,LTE,404,10,2021,11921,21.14105,72.7888,0.0,90.0,831.0,"Plot 147, Near Vesu VIP Road, Vesu, City Light, Surat, Gujarat 395007"
e8e93a96-4ab8-40c9-a9a0-5e417e44e1f7,405-867-1032-11922,Jio,LTE,405,867,1032,11922,21.14105,72.7888,120.0,90.0,831.0,"Plot 147, Near Vesu VIP Road, Vesu, City Light, Surat, Gujarat 395007"
02b31996-ccc4-4964-bd81-59d12e43bd57,405-867-1027-11923,Jio,NR,405,867,1027,11923,21.14105,72.7888,240.0,90.0,831.0,"Plot 147, Near Vesu VIP Road, Vesu, City Light, Surat, Gujarat 395007"
e04ac2a2-d802-4fe8-9493-327a330424e7,404-10-2042-11924,Airtel,LTE,404,10,2042,11924,21.15929,72.77925,0.0,90.0,642.0,"Plot 84, Near Someshwar Enclave, Vesu, City Light, Surat, Gujarat 395007"
25a41c71-51ff-4aae-902f-787e78defaa1,404-20-3001-11925,Vi,LTE,404,20,3001,11925,21.15929,72.77925,120.0,90.0,642.0,"Plot 84, Near Someshwar Enclave, Vesu, City Light, Surat, Gujarat 395007"
a06e44cb-5054-4832-ab88-3d40fe61f344,404-20-3026-11926,Vi,LTE,404,20,3026,11926,21.15929,72.77925,240.0,90.0,642.0,"Plot 84, Near Someshwar Enclave, Vesu, City Light, Surat, Gujarat 395007"
ac1e3a64-0a35-46d1-84df-e1bfc9b4d61d,405-867-1027-11927,Jio,LTE,405,867,1027,11927,21.16558,72.77023,0.0,90.0,416.0,"Plot 11, Near Someshwar Enclave, Vesu, City Light, Surat, Gujarat 395007"
e591c62d-3ca1-42e5-9eb7-14edc3a00689,404-10-2023-11928,Airtel,LTE,404,10,2023,11928,21.16558,72.77023,120.0,90.0,416.0,"Plot 11, Near Someshwar Enclave, Vesu, City Light, Surat, Gujarat 395007"
52a0123f-a6c8-430f-a0a4-bebd59507e45,405-867-1021-11929,Jio,LTE,405,867,1021,11929,21.16558,72.77023,240.0,90.0,416.0,"Plot 11, Near Someshwar Enclave, Vesu, City Light, Surat, Gujarat 395007"
7a58677a-bb4c-4d42-9d42-caad9687cae0,404-20-3007-11930,Vi,GSM,404,20,3007,11930,21.13815,72.76529,0.0,90.0,524.0,"Plot 117, Near Shyamal Cross Road, Vesu, City Light, Surat, Gujarat 395007"
78806d78-ca67-4804-9f54-075de60b5713,405-867-1001-11931,Jio,LTE,405,867,1001,11931,21.13815,72.76529,120.0,90.0,524.0,"Plot 117, Near Shyamal Cross Road, Vesu, City Light, Surat, Gujarat 395007"
b657e488-326d-480c-bd11-e81edfc4ee5b,405-867-1045-11932,Jio,NR,405,867,1045,11932,21.13815,72.76529,240.0,90.0,524.0,"Plot 117, Near Shyamal Cross Road, Vesu, City Light, Surat, Gujarat 395007"
da34fb31-87fb-49cb-a3fa-75e045e9f958,404-20-3001-11933,Vi,LTE,404,20,3001,11933,21.14275,72.75024,0.0,90.0,777.0,"Plot 49, Near Vesu VIP Road, Vesu, City Light, Surat, Gujarat 395007"
d8d51990-d8e4-4023-b571-75962501f25f,404-20-3017-11934,Vi,GSM,404,20,3017,11934,21.14275,72.75024,120.0,90.0,777.0,"Plot 49, Near Vesu VIP Road, Vesu, City Light, Surat, Gujarat 395007"
0ea03a91-8527-4b21-a9a7-f98d917d08c5,404-20-3004-11935,Vi,LTE,404,20,3004,11935,21.14275,72.75024,240.0,90.0,777.0,"Plot 49, Near Vesu VIP Road, Vesu, City Light, Surat, Gujarat 395007"
629fe311-8744-4fe3-86e5-7f940160d132,404-20-3008-11936,Vi,LTE,404,20,3008,11936,21.15291,72.76207,0.0,90.0,574.0,"Plot 98, Near Shyamal Cross Road, Vesu, City Light, Surat, Gujarat 395007"
a64011fd-00b8-4e42-9d26-8c85b98a1b86,405-867-1038-11937,Jio,NR,405,867,1038,11937,21.15291,72.76207,120.0,90.0,574.0,"Plot 98, Near Shyamal Cross Road, Vesu, City Light, Surat, Gujarat 395007"
883d2159-bcb3-4ab9-9960-b81a84824b42,404-20-3027-11938,Vi,GSM,404,20,3027,11938,21.15291,72.76207,240.0,90.0,574.0,"Plot 98, Near Shyamal Cross Road, Vesu, City Light, Surat, Gujarat 395007"
4f4755a2-b282-4779-86bb-2713cb428c6e,404-10-2021-11939,Airtel,GSM,404,10,2021,11939,21.12959,72.7458,0.0,90.0,889.0,"Plot 136, Near Someshwar Enclave, Vesu, City Light, Surat, Gujarat 395007"
833b8cbb-65fc-4fd4-b3b4-505b00bd2acd,404-20-3006-11940,Vi,LTE,404,20,3006,11940,21.12959,72.7458,120.0,90.0,889.0,"Plot 136, Near Someshwar Enclave, Vesu, City Light, Surat, Gujarat 395007"
e0d55534-371f-48e0-8fcc-dc0b033067fb,405-867-1006-11941,Jio,LTE,405,867,1006,11941,21.12959,72.7458,240.0,90.0,889.0,"Plot 136, Near Someshwar Enclave, Vesu, City Light, Surat, Gujarat 395007"
7252f5ef-48f3-485f-a3b4-300289698c2c,404-81-4001-11942,BSNL,GSM,404,81,4001,11942,21.12909,72.78756,0.0,90.0,476.0,"Plot 53, Near University Road, Vesu, City Light, Surat, Gujarat 395007"
b595e545-e876-4b18-bf0f-9af651315606,404-10-2025-11943,Airtel,LTE,404,10,2025,11943,21.12909,72.78756,120.0,90.0,476.0,"Plot 53, Near University Road, Vesu, City Light, Surat, Gujarat 395007"
bb117550-1326-45eb-9fbc-c8519186ba3c,405-867-1014-11944,Jio,LTE,405,867,1014,11944,21.12909,72.78756,240.0,90.0,476.0,"Plot 53, Near University Road, Vesu, City Light, Surat, Gujarat 395007"
af804043-40be-4f63-81a4-87bc583bbfe3,404-10-2033-11945,Airtel,LTE,404,10,2033,11945,21.15486,72.74014,0.0,90.0,719.0,"Plot 81, Near Someshwar Enclave, Vesu, City Light, Surat, Gujarat 395007"
e6106c90-9968-4bdf-b503-edd16eb8e6c3,405-867-1024-11946,Jio,LTE,405,867,1024,11946,21.15486,72.74014,120.0,90.0,719.0,"Plot 81, Near Someshwar Enclave, Vesu, City Light, Surat, Gujarat 395007"
454310be-3ff8-46c1-b3ce-fdb05ae92073,405-867-1040-11947,Jio,LTE,405,867,1040,11947,21.15486,72.74014,240.0,90.0,719.0,"Plot 81, Near Someshwar Enclave, Vesu, City Light, Surat, Gujarat 395007"
78082d2f-5dde-4f75-bfda-98db2b3d9f8e,404-10-2037-11948,Airtel,GSM,404,10,2037,11948,21.11959,72.76269,0.0,90.0,568.0,"Plot 18, Near University Road, Vesu, City Light, Surat, Gujarat 395007"
75b189b4-fab7-46e7-aca4-09dcdfc2ff14,404-10-2007-11949,Airtel,LTE,404,10,2007,11949,21.11959,72.76269,120.0,90.0,568.0,"Plot 18, Near University Road, Vesu, City Light, Surat, Gujarat 395007"
7e7d2708-6fd5-4ba6-85fa-4f99b3fdd969,404-20-3030-11950,Vi,LTE,404,20,3030,11950,21.11959,72.76269,240.0,90.0,568.0,"Plot 18, Near University Road, Vesu, City Light, Surat, Gujarat 395007"
1942be8e-5ff4-47e8-938b-7c37a0a48aa7,404-20-3028-11951,Vi,LTE,404,20,3028,11951,21.14717,72.77058,0.0,90.0,521.0,"Plot 116, Near Someshwar Enclave, Vesu, City Light, Surat, Gujarat 395007"
4b95e4c0-4b28-4a45-9225-a235f9ccba0e,405-867-1028-11952,Jio,LTE,405,867,1028,11952,21.14717,72.77058,120.0,90.0,521.0,"Plot 116, Near Someshwar Enclave, Vesu, City Light, Surat, Gujarat 395007"
5cb3eec3-8ae1-4a4b-a583-c531050492dd,404-10-2018-11953,Airtel,LTE,404,10,2018,11953,21.14717,72.77058,240.0,90.0,521.0,"Plot 116, Near Someshwar Enclave, Vesu, City Light, Surat, Gujarat 395007"
e1853e64-f0f9-40ce-9b07-356a34319dc6,405-867-1034-11954,Jio,LTE,405,867,1034,11954,21.14023,72.77046,0.0,90.0,593.0,"Plot 109, Near City Light Shopping Complex, Vesu, City Light, Surat, Gujarat 395007"
88e0bf1a-7392-4b8b-a8d9-d58db2dbb969,404-10-2007-11955,Airtel,LTE,404,10,2007,11955,21.14023,72.77046,120.0,90.0,593.0,"Plot 109, Near City Light Shopping Complex, Vesu, City Light, Surat, Gujarat 395007"
9fc9bf0e-6f65-4f5a-9f08-8deea08cadb7,404-10-2008-11956,Airtel,LTE,404,10,2008,11956,21.14023,72.77046,240.0,90.0,593.0,"Plot 109, Near City Light Shopping Complex, Vesu, City Light, Surat, Gujarat 395007"
91aa3955-0e47-458e-9cd8-90e92bf0f45f,404-10-2040-11957,Airtel,LTE,404,10,2040,11957,21.14637,72.77259,0.0,90.0,467.0,"Plot 148, Near Vesu VIP Road, Vesu, City Light, Surat, Gujarat 395007"
1ea4f88b-0de3-491d-8eb4-abb2b228d935,404-10-2026-11958,Airtel,LTE,404,10,2026,11958,21.14637,72.77259,120.0,90.0,467.0,"Plot 148, Near Vesu VIP Road, Vesu, City Light, Surat, Gujarat 395007"
f497d104-a408-4aa2-bf67-733284bca574,405-867-1045-11959,Jio,LTE,405,867,1045,11959,21.14637,72.77259,240.0,90.0,467.0,"Plot 148, Near Vesu VIP Road, Vesu, City Light, Surat, Gujarat 395007"
a9802913-b52d-4006-b38b-a405d31256df,404-10-2033-11960,Airtel,LTE,404,10,2033,11960,21.14347,72.77919,0.0,90.0,694.0,"Plot 89, Near University Road, Vesu, City Light, Surat, Gujarat 395007"
62a837c8-3ed9-4b84-90b9-65c294ded506,404-20-3020-11961,Vi,LTE,404,20,3020,11961,21.14347,72.77919,120.0,90.0,694.0,"Plot 89, Near University Road, Vesu, City Light, Surat, Gujarat 395007"
68967f6d-2714-4414-bfb5-58af1d4df820,404-20-3011-11962,Vi,LTE,404,20,3011,11962,21.14347,72.77919,240.0,90.0,694.0,"Plot 89, Near University Road, Vesu, City Light, Surat, Gujarat 395007"
890d7f30-2b69-4456-951a-57eda9f9ec1b,404-81-4028-11963,BSNL,LTE,404,81,4028,11963,21.14178,72.77296,0.0,90.0,545.0,"Plot 86, Near University Road, Vesu, City Light, Surat, Gujarat 395007"
7c585850-0b5e-4b65-a2b4-ef9397c43a51,405-867-1017-11964,Jio,LTE,405,867,1017,11964,21.14178,72.77296,120.0,90.0,545.0,"Plot 86, Near University Road, Vesu, City Light, Surat, Gujarat 395007"
98510f3c-c7b1-47ec-b145-100ebb873166,404-20-3001-11965,Vi,LTE,404,20,3001,11965,21.14178,72.77296,240.0,90.0,545.0,"Plot 86, Near University Road, Vesu, City Light, Surat, Gujarat 395007"
390bfce6-3ea5-4c53-819a-dc8613bb49f6,405-867-1002-11966,Jio,LTE,405,867,1002,11966,21.12142,72.74805,0.0,90.0,653.0,"Plot 1, Near Someshwar Enclave, Vesu, City Light, Surat, Gujarat 395007"
0628c97f-49bf-4530-9625-4a597c287638,404-10-2015-11967,Airtel,GSM,404,10,2015,11967,21.12142,72.74805,120.0,90.0,653.0,"Plot 1, Near Someshwar Enclave, Vesu, City Light, Surat, Gujarat 395007"
a4a8ca02-3f55-445c-91f1-fdb10fb71497,404-10-2010-11968,Airtel,LTE,404,10,2010,11968,21.12142,72.74805,240.0,90.0,653.0,"Plot 1, Near Someshwar Enclave, Vesu, City Light, Surat, Gujarat 395007"
94c3b9af-7d07-4910-b30e-8ee320b4957f,404-81-4032-11969,BSNL,GSM,404,81,4032,11969,21.1465,72.75492,0.0,90.0,759.0,"Plot 116, Near Shyamal Cross Road, Vesu, City Light, Surat, Gujarat 395007"
3287183d-f116-4a86-a52d-ec9d7604e147,405-867-1023-11970,Jio,LTE,405,867,1023,11970,21.1465,72.75492,120.0,90.0,759.0,"Plot 116, Near Shyamal Cross Road, Vesu, City Light, Surat, Gujarat 395007"
c0e6c8bb-8a22-4f27-aa22-e538b2c1eb03,405-867-1034-11971,Jio,LTE,405,867,1034,11971,21.1465,72.75492,240.0,90.0,759.0,"Plot 116, Near Shyamal Cross Road, Vesu, City Light, Surat, Gujarat 395007"
b130a5a8-25f2-44ac-b216-50ab8e6adb96,405-867-1015-11972,Jio,NR,405,867,1015,11972,21.1491,72.7367,240.0,360.0,563.0,"Plot 124, Near Someshwar Enclave, Vesu, City Light, Surat, Gujarat 395007"
cfc1c5da-1800-4d7e-beab-011a63024b1e,405-867-1013-11973,Jio,LTE,405,867,1013,11973,21.13898,72.75491,0.0,90.0,841.0,"Plot 8, Near City Light Shopping Complex, Vesu, City Light, Surat, Gujarat 395007"
94b2ef9c-2d7c-4ff6-ac56-bf68af23b5d9,404-20-3007-11974,Vi,LTE,404,20,3007,11974,21.13898,72.75491,120.0,90.0,841.0,"Plot 8, Near City Light Shopping Complex, Vesu, City Light, Surat, Gujarat 395007"
a862ae99-955c-4283-8688-43afdae419d0,404-81-4044-11975,BSNL,LTE,404,81,4044,11975,21.13898,72.75491,240.0,90.0,841.0,"Plot 8, Near City Light Shopping Complex, Vesu, City Light, Surat, Gujarat 395007"
667ea7d5-dcb1-4833-b1b5-cffc432a0b63,404-20-3027-11976,Vi,LTE,404,20,3027,11976,21.11854,72.75677,0.0,90.0,757.0,"Plot 45, Near Someshwar Enclave, Vesu, City Light, Surat, Gujarat 395007"
09d57439-4544-444e-b136-72dd67032866,404-81-4013-11977,BSNL,GSM,404,81,4013,11977,21.11854,72.75677,120.0,90.0,757.0,"Plot 45, Near Someshwar Enclave, Vesu, City Light, Surat, Gujarat 395007"
476547a5-cb31-48fa-ac67-970f1e889644,405-867-1022-11978,Jio,LTE,405,867,1022,11978,21.11854,72.75677,240.0,90.0,757.0,"Plot 45, Near Someshwar Enclave, Vesu, City Light, Surat, Gujarat 395007"
a52dbaf6-4d1f-4492-96e5-f0ea2afa7950,405-867-1032-11979,Jio,NR,405,867,1032,11979,21.15028,72.75531,0.0,90.0,755.0,"Plot 146, Near City Light Shopping Complex, Vesu, City Light, Surat, Gujarat 395007"
5aa45609-7ba7-4afc-adbb-29e7c15436f6,404-20-3044-11980,Vi,LTE,404,20,3044,11980,21.15028,72.75531,120.0,90.0,755.0,"Plot 146, Near City Light Shopping Complex, Vesu, City Light, Surat, Gujarat 395007"
ed03e950-67f9-4320-a088-423bb39a33ff,405-867-1040-11981,Jio,NR,405,867,1040,11981,21.15028,72.75531,240.0,90.0,755.0,"Plot 146, Near City Light Shopping Complex, Vesu, City Light, Surat, Gujarat 395007"
15b350b4-ffdf-4530-ac35-d78aa394fee0,405-867-1008-11982,Jio,NR,405,867,1008,11982,21.13387,72.76043,103.2,90.0,410.0,"Plot 74, Near City Light Shopping Complex, Vesu, City Light, Surat, Gujarat 395007"
c87317f4-2875-4350-aff8-f2123da2eaf5,405-867-1019-11983,Jio,LTE,405,867,1019,11983,21.16023,72.77067,0.0,90.0,400.0,"Plot 91, Near City Light Shopping Complex, Vesu, City Light, Surat, Gujarat 395007"
7ae904a3-77de-4eec-b830-bb167e5d90b3,404-20-3036-11984,Vi,LTE,404,20,3036,11984,21.16023,72.77067,120.0,90.0,400.0,"Plot 91, Near City Light Shopping Complex, Vesu, City Light, Surat, Gujarat 395007"
8f4e61e2-3e9f-412e-98e7-567fac5f82b3,405-867-1018-11985,Jio,LTE,405,867,1018,11985,21.16023,72.77067,240.0,90.0,400.0,"Plot 91, Near City Light Shopping Complex, Vesu, City Light, Surat, Gujarat 395007"
b92ae9f2-7f30-4194-a092-8cb3212a051a,405-867-1023-11986,Jio,LTE,405,867,1023,11986,21.17007,72.82818,0.0,90.0,498.0,"Plot 150, Near Bhatar Water Works, Bhatar, Althan, Surat, Gujarat 395017"
455445dd-2f08-4ddc-95c0-9fd1b67afc82,405-867-1025-11987,Jio,LTE,405,867,1025,11987,21.17007,72.82818,120.0,90.0,498.0,"Plot 150, Near Bhatar Water Works, Bhatar, Althan, Surat, Gujarat 395017"
6bd7d49d-9751-4796-8a37-47a1fa9e8145,405-867-1007-11988,Jio,NR,405,867,1007,11988,21.17007,72.82818,240.0,90.0,498.0,"Plot 150, Near Bhatar Water Works, Bhatar, Althan, Surat, Gujarat 395017"
cecc9586-fcf4-47ae-a53b-0c0b5b35873c,404-20-3009-11989,Vi,GSM,404,20,3009,11989,21.17491,72.79757,0.0,90.0,697.0,"Plot 45, Near Sosyo Circle, Bhatar, Althan, Surat, Gujarat 395017"
211aa72e-59f1-4c56-bbe7-64e7f13c19a0,404-10-2009-11990,Airtel,LTE,404,10,2009,11990,21.17491,72.79757,120.0,90.0,697.0,"Plot 45, Near Sosyo Circle, Bhatar, Althan, Surat, Gujarat 395017"
600beabc-e37e-4915-b124-eaf3d8ffd44c,405-867-1020-11991,Jio,LTE,405,867,1020,11991,21.17491,72.79757,240.0,90.0,697.0,"Plot 45, Near Sosyo Circle, Bhatar, Althan, Surat, Gujarat 395017"
7c1204c8-2afb-4301-b186-b333413444a6,404-20-3009-11992,Vi,LTE,404,20,3009,11992,21.17262,72.82135,0.0,90.0,750.0,"Plot 140, Near Bhatar Water Works, Bhatar, Althan, Surat, Gujarat 395017"
1f3aa7d3-8b3e-4ee9-aa89-17cfd2c7a6d8,404-10-2033-11993,Airtel,LTE,404,10,2033,11993,21.17262,72.82135,120.0,90.0,750.0,"Plot 140, Near Bhatar Water Works, Bhatar, Althan, Surat, Gujarat 395017"
187421b3-f2e3-470f-bfac-31a9404267df,404-20-3030-11994,Vi,LTE,404,20,3030,11994,21.17262,72.82135,240.0,90.0,750.0,"Plot 140, Near Bhatar Water Works, Bhatar, Althan, Surat, Gujarat 395017"
2886947c-4857-4a07-95e6-ecf8f5147028,404-20-3020-11995,Vi,LTE,404,20,3020,11995,21.14858,72.82516,195.6,90.0,372.0,"Plot 119, Near Bhatar Water Works, Bhatar, Althan, Surat, Gujarat 395017"
6f462174-7f52-483b-a741-f5a0217affbe,404-10-2026-11996,Airtel,LTE,404,10,2026,11996,21.16193,72.79402,0.0,90.0,810.0,"Plot 33, Near Sosyo Circle, Bhatar, Althan, Surat, Gujarat 395017"
4779b8cb-9857-42c6-bdf7-6c1671bcbf75,405-867-1030-11997,Jio,LTE,405,867,1030,11997,21.16193,72.79402,120.0,90.0,810.0,"Plot 33, Near Sosyo Circle, Bhatar, Althan, Surat, Gujarat 395017"
fe599caa-85ae-4673-8bce-4317505d5986,404-20-3030-11998,Vi,GSM,404,20,3030,11998,21.16193,72.79402,240.0,90.0,810.0,"Plot 33, Near Sosyo Circle, Bhatar, Althan, Surat, Gujarat 395017"
e7316d33-bcc2-401b-a2d1-0a5f8c3b5c41,404-20-3045-11999,Vi,LTE,404,20,3045,11999,21.16167,72.80573,0.0,90.0,399.0,"Plot 28, Near Sosyo Circle, Bhatar, Althan, Surat, Gujarat 395017"
5795e48f-6d8d-48cb-a8ce-dfaeb313200b,405-867-1038-12000,Jio,LTE,405,867,1038,12000,21.16167,72.80573,120.0,90.0,399.0,"Plot 28, Near Sosyo Circle, Bhatar, Althan, Surat, Gujarat 395017"
4eafb80e-23f8-4536-9805-bd6a18cf9e78,404-10-2004-12001,Airtel,NR,404,10,2004,12001,21.16167,72.80573,240.0,90.0,399.0,"Plot 28, Near Sosyo Circle, Bhatar, Althan, Surat, Gujarat 395017"
0a9b8ba6-c6ff-491e-92ba-fe8a5a24b31a,404-10-2041-12002,Airtel,LTE,404,10,2041,12002,21.15313,72.79537,0.0,90.0,695.0,"Plot 35, Near Bhatar Water Works, Bhatar, Althan, Surat, Gujarat 395017"
4ae94647-a15b-4ea9-839d-152d8dd96653,405-867-1001-12003,Jio,NR,405,867,1001,12003,21.15313,72.79537,120.0,90.0,695.0,"Plot 35, Near Bhatar Water Works, Bhatar, Althan, Surat, Gujarat 395017"
039b1e1e-b44e-4fca-bcaa-3100772eb009,404-20-3013-12004,Vi,LTE,404,20,3013,12004,21.15313,72.79537,240.0,90.0,695.0,"Plot 35, Near Bhatar Water Works, Bhatar, Althan, Surat, Gujarat 395017"
ad6c37c7-69aa-4100-a4ce-524097dd1823,404-20-3004-12005,Vi,LTE,404,20,3004,12005,21.1597,72.8136,71.5,90.0,356.0,"Plot 134, Near Althan Canal Road, Bhatar, Althan, Surat, Gujarat 395017"
0896b699-c532-4f73-9ecf-9afdb689f18d,404-20-3040-12006,Vi,LTE,404,20,3040,12006,21.16915,72.806,0.0,90.0,780.0,"Plot 48, Near Bhatar Water Works, Bhatar, Althan, Surat, Gujarat 395017"
c0aaef15-d8f8-42a7-a0bf-5f04e8c5aa07,404-10-2040-12007,Airtel,NR,404,10,2040,12007,21.16915,72.806,120.0,90.0,780.0,"Plot 48, Near Bhatar Water Works, Bhatar, Althan, Surat, Gujarat 395017"
bd7a0b19-cac8-477a-a6b1-b31ead600651,405-867-1002-12008,Jio,LTE,405,867,1002,12008,21.16915,72.806,240.0,90.0,780.0,"Plot 48, Near Bhatar Water Works, Bhatar, Althan, Surat, Gujarat 395017"
bc64f6c7-3b79-4c32-ab3a-34a79df86ddd,404-10-2019-12009,Airtel,LTE,404,10,2019,12009,21.16612,72.83206,0.0,90.0,708.0,"Plot 44, Near Bhatar Four Road, Bhatar, Althan, Surat, Gujarat 395017"
871a86ce-6ce3-4341-8b1f-826d90641802,405-867-1038-12010,Jio,LTE,405,867,1038,12010,21.16612,72.83206,120.0,90.0,708.0,"Plot 44, Near Bhatar Four Road, Bhatar, Althan, Surat, Gujarat 395017"
48ef6e5d-2672-4e2b-b489-cf11b0de63ec,405-867-1026-12011,Jio,LTE,405,867,1026,12011,21.16612,72.83206,240.0,90.0,708.0,"Plot 44, Near Bhatar Four Road, Bhatar, Althan, Surat, Gujarat 395017"
c4c5c30f-b16d-4476-afd5-213898fad709,405-867-1037-12012,Jio,LTE,405,867,1037,12012,21.1428,72.82622,0.0,90.0,425.0,"Plot 107, Near Bhatar Water Works, Bhatar, Althan, Surat, Gujarat 395017"
e321458d-18af-4809-bba6-3aeb580d2c97,405-867-1003-12013,Jio,LTE,405,867,1003,12013,21.1428,72.82622,120.0,90.0,425.0,"Plot 107, Near Bhatar Water Works, Bhatar, Althan, Surat, Gujarat 395017"
3cc29e87-6789-4faa-91fa-4de8f93af176,404-10-2040-12014,Airtel,NR,404,10,2040,12014,21.1428,72.82622,240.0,90.0,425.0,"Plot 107, Near Bhatar Water Works, Bhatar, Althan, Surat, Gujarat 395017"
daabadba-672c-4ae4-a1ad-82426a87f5fb,405-867-1011-12015,Jio,LTE,405,867,1011,12015,21.13782,72.81987,0.0,90.0,720.0,"Plot 36, Near Sosyo Circle, Bhatar, Althan, Surat, Gujarat 395017"
58671569-8e58-4ce3-bcc6-2c89fbfcf1e3,405-867-1033-12016,Jio,NR,405,867,1033,12016,21.13782,72.81987,120.0,90.0,720.0,"Plot 36, Near Sosyo Circle, Bhatar, Althan, Surat, Gujarat 395017"
2ad6f8a0-d9a8-4c4c-81c3-03aa91d69e3c,405-867-1034-12017,Jio,NR,405,867,1034,12017,21.13782,72.81987,240.0,90.0,720.0,"Plot 36, Near Sosyo Circle, Bhatar, Althan, Surat, Gujarat 395017"
a036a3dc-79e5-47bc-8dd8-ba2915a71724,405-867-1009-12018,Jio,LTE,405,867,1009,12018,21.15332,72.81612,0.0,90.0,638.0,"Plot 91, Near Bhatar Four Road, Bhatar, Althan, Surat, Gujarat 395017"
0f84d097-18d5-4ff4-93b1-dccbf2b12388,405-867-1020-12019,Jio,NR,405,867,1020,12019,21.15332,72.81612,120.0,90.0,638.0,"Plot 91, Near Bhatar Four Road, Bhatar, Althan, Surat, Gujarat 395017"
7a1ab2cd-3049-4163-8a5b-ec679f33a967,404-20-3042-12020,Vi,LTE,404,20,3042,12020,21.15332,72.81612,240.0,90.0,638.0,"Plot 91, Near Bhatar Four Road, Bhatar, Althan, Surat, Gujarat 395017"
a7e7d763-8912-4a33-9ec3-2a7bb61c52b7,404-20-3009-12021,Vi,LTE,404,20,3009,12021,21.13601,72.81442,0.0,90.0,609.0,"Plot 148, Near Bhatar Four Road, Bhatar, Althan, Surat, Gujarat 395017"
f36b76b3-0cb0-493b-9812-c79c2fc5124b,404-10-2038-12022,Airtel,LTE,404,10,2038,12022,21.13601,72.81442,120.0,90.0,609.0,"Plot 148, Near Bhatar Four Road, Bhatar, Althan, Surat, Gujarat 395017"
52af0db6-720e-4385-8d71-39e7a601d39c,405-867-1026-12023,Jio,LTE,405,867,1026,12023,21.13601,72.81442,240.0,90.0,609.0,"Plot 148, Near Bhatar Four Road, Bhatar, Althan, Surat, Gujarat 395017"
e21366ad-ca00-4065-b54f-7eb793ea9594,405-867-1016-12024,Jio,LTE,405,867,1016,12024,21.16206,72.81397,37.2,360.0,471.0,"Plot 60, Near Bhatar Four Road, Bhatar, Althan, Surat, Gujarat 395017"
8284e250-362c-4071-9ea2-99cb020bf711,404-10-2005-12025,Airtel,LTE,404,10,2005,12025,21.17468,72.82595,0.0,90.0,381.0,"Plot 108, Near Bhatar Water Works, Bhatar, Althan, Surat, Gujarat 395017"
0cc63ff1-7cb0-4496-92c4-5f8560f152b5,405-867-1041-12026,Jio,LTE,405,867,1041,12026,21.17468,72.82595,120.0,90.0,381.0,"Plot 108, Near Bhatar Water Works, Bhatar, Althan, Surat, Gujarat 395017"
e90e6390-74c8-4f33-89c2-ab55405873f7,404-20-3021-12027,Vi,GSM,404,20,3021,12027,21.17468,72.82595,240.0,90.0,381.0,"Plot 108, Near Bhatar Water Works, Bhatar, Althan, Surat, Gujarat 395017"
8fe2abc2-c1f0-4915-a94f-ee968ac6a2d2,405-867-1019-12028,Jio,LTE,405,867,1019,12028,21.16985,72.8222,0.0,90.0,450.0,"Plot 147, Near Bhatar Four Road, Bhatar, Althan, Surat, Gujarat 395017"
f9a2efc5-f5bf-4c77-8467-76839ac7f6be,405-867-1028-12029,Jio,LTE,405,867,1028,12029,21.16985,72.8222,120.0,90.0,450.0,"Plot 147, Near Bhatar Four Road, Bhatar, Althan, Surat, Gujarat 395017"
b4677d6c-bbf7-4865-b761-c777e7fd92f8,404-20-3013-12030,Vi,GSM,404,20,3013,12030,21.16985,72.8222,240.0,90.0,450.0,"Plot 147, Near Bhatar Four Road, Bhatar, Althan, Surat, Gujarat 395017"
baaeb47f-18e8-4da3-a172-4bcdd2aa7ec1,404-20-3005-12031,Vi,LTE,404,20,3005,12031,21.16156,72.81429,49.2,60.0,442.0,"Plot 53, Near Althan Canal Road, Bhatar, Althan, Surat, Gujarat 395017"
1deb4082-23d8-4b20-b910-5f442736b052,404-20-3023-12032,Vi,LTE,404,20,3023,12032,21.14794,72.82884,0.0,90.0,642.0,"Plot 49, Near Bhatar Water Works, Bhatar, Althan, Surat, Gujarat 395017"
773938cd-f251-4f7a-a62e-c6d7753f486c,404-10-2009-12033,Airtel,LTE,404,10,2009,12033,21.14794,72.82884,120.0,90.0,642.0,"Plot 49, Near Bhatar Water Works, Bhatar, Althan, Surat, Gujarat 395017"
f8211af6-8fe7-461d-a9c1-59ab2e51df13,404-20-3041-12034,Vi,LTE,404,20,3041,12034,21.14794,72.82884,240.0,90.0,642.0,"Plot 49, Near Bhatar Water Works, Bhatar, Althan, Surat, Gujarat 395017"
f6852db8-9b5d-4f79-9ebe-997596c8545f,405-867-1004-12035,Jio,LTE,405,867,1004,12035,21.15346,72.8168,0.0,90.0,502.0,"Plot 33, Near Althan Canal Road, Bhatar, Althan, Surat, Gujarat 395017"
6b6735c7-6e09-4a38-b652-45e1d43fde97,404-10-2015-12036,Airtel,LTE,404,10,2015,12036,21.15346,72.8168,120.0,90.0,502.0,"Plot 33, Near Althan Canal Road, Bhatar, Althan, Surat, Gujarat 395017"
ba911bd9-8d2d-4452-b882-638260f4b61f,404-20-3017-12037,Vi,LTE,404,20,3017,12037,21.15346,72.8168,240.0,90.0,502.0,"Plot 33, Near Althan Canal Road, Bhatar, Althan, Surat, Gujarat 395017"
4ff5a38d-d54d-47b5-9696-472cfa401eec,404-10-2004-12038,Airtel,LTE,404,10,2004,12038,21.1475,72.82126,201.4,360.0,506.0,"Plot 74, Near Bhatar Four Road, Bhatar, Althan, Surat, Gujarat 395017"
a7ce1a48-716e-4a10-afc2-e361387c8630,405-867-1022-12039,Jio,LTE,405,867,1022,12039,21.1376,72.8055,0.0,90.0,366.0,"Plot 68, Near Bhatar Water Works, Bhatar, Althan, Surat, Gujarat 395017"
4006c75d-3aa8-4f72-ba8c-785b320a848d,404-20-3014-12040,Vi,LTE,404,20,3014,12040,21.1376,72.8055,120.0,90.0,366.0,"Plot 68, Near Bhatar Water Works, Bhatar, Althan, Surat, Gujarat 395017"
06cc0cff-29f7-4dc4-944b-cdfda741a49c,404-10-2043-12041,Airtel,NR,404,10,2043,12041,21.1376,72.8055,240.0,90.0,366.0,"Plot 68, Near Bhatar Water Works, Bhatar, Althan, Surat, Gujarat 395017"
934f14e3-cd88-4808-9c41-5c563085df0d,404-20-3003-12042,Vi,LTE,404,20,3003,12042,21.16314,72.80861,0.0,90.0,638.0,"Plot 19, Near Bhatar Water Works, Bhatar, Althan, Surat, Gujarat 395017"
abff5b66-1a41-431e-af79-98165f8467de,405-867-1027-12043,Jio,LTE,405,867,1027,12043,21.16314,72.80861,120.0,90.0,638.0,"Plot 19, Near Bhatar Water Works, Bhatar, Althan, Surat, Gujarat 395017"
adb34de4-5323-4e74-9034-4c229625653c,404-10-2006-12044,Airtel,LTE,404,10,2006,12044,21.16314,72.80861,240.0,90.0,638.0,"Plot 19, Near Bhatar Water Works, Bhatar, Althan, Surat, Gujarat 395017"
35737638-b678-4602-a719-e3a32bcbb758,405-867-1042-12045,Jio,LTE,405,867,1042,12045,21.16992,72.80109,0.0,90.0,403.0,"Plot 70, Near Bhatar Four Road, Bhatar, Althan, Surat, Gujarat 395017"
91dc7b2a-fddf-4663-8ab6-852027e26cb6,405-867-1015-12046,Jio,LTE,405,867,1015,12046,21.16992,72.80109,120.0,90.0,403.0,"Plot 70, Near Bhatar Four Road, Bhatar, Althan, Surat, Gujarat 395017"
4ef06585-20cb-4b81-9390-fa97fda4f78c,405-867-1013-12047,Jio,LTE,405,867,1013,12047,21.16992,72.80109,240.0,90.0,403.0,"Plot 70, Near Bhatar Four Road, Bhatar, Althan, Surat, Gujarat 395017"
46fca0f8-c516-4166-b7e0-307eb817ed29,404-20-3028-12048,Vi,LTE,404,20,3028,12048,21.13757,72.80722,0.0,90.0,548.0,"Plot 142, Near Althan Canal Road, Bhatar, Althan, Surat, Gujarat 395017"
81b63101-32a7-4162-9203-0de0bb1b7085,404-10-2008-12049,Airtel,LTE,404,10,2008,12049,21.13757,72.80722,120.0,90.0,548.0,"Plot 142, Near Althan Canal Road, Bhatar, Althan, Surat, Gujarat 395017"
eeb6599e-ce2d-452b-9dce-53ada8c2faae,405-867-1024-12050,Jio,NR,405,867,1024,12050,21.13757,72.80722,240.0,90.0,548.0,"Plot 142, Near Althan Canal Road, Bhatar, Althan, Surat, Gujarat 395017"
1d302e2b-22dc-4e07-b22d-9dcc09646994,405-867-1035-12051,Jio,LTE,405,867,1035,12051,21.15005,72.82346,0.0,90.0,651.0,"Plot 61, Near Althan Canal Road, Bhatar, Althan, Surat, Gujarat 395017"
e3ffa6b5-3d16-49d0-9456-2c55a41e9d9f,404-10-2001-12052,Airtel,GSM,404,10,2001,12052,21.15005,72.82346,120.0,90.0,651.0,"Plot 61, Near Althan Canal Road, Bhatar, Althan, Surat, Gujarat 395017"
fd746887-bb9d-4be4-846c-a85608002a9f,404-20-3004-12053,Vi,LTE,404,20,3004,12053,21.15005,72.82346,240.0,90.0,651.0,"Plot 61, Near Althan Canal Road, Bhatar, Althan, Surat, Gujarat 395017"
416f35e1-19bc-43f5-9c8a-8b74c0c3f4e9,404-81-4026-12054,BSNL,GSM,404,81,4026,12054,21.16535,72.81612,122.4,360.0,412.0,"Plot 73, Near Bhatar Four Road, Bhatar, Althan, Surat, Gujarat 395017"
03b644d2-5ab3-47b3-b338-49a440fa3962,405-867-1023-12055,Jio,LTE,405,867,1023,12055,21.14992,72.81317,0.0,90.0,628.0,"Plot 20, Near Althan Canal Road, Bhatar, Althan, Surat, Gujarat 395017"
1357b696-d5e7-4edd-bb00-a97d6abd2fff,404-20-3029-12056,Vi,GSM,404,20,3029,12056,21.14992,72.81317,120.0,90.0,628.0,"Plot 20, Near Althan Canal Road, Bhatar, Althan, Surat, Gujarat 395017"
b800413f-3857-40ae-975f-d1b8013fc5e7,404-10-2036-12057,Airtel,GSM,404,10,2036,12057,21.14992,72.81317,240.0,90.0,628.0,"Plot 20, Near Althan Canal Road, Bhatar, Althan, Surat, Gujarat 395017"
fa9cb00c-1e9c-45eb-b93e-3f26476a96c0,405-867-1027-12058,Jio,LTE,405,867,1027,12058,21.15316,72.83088,0.0,90.0,607.0,"Plot 82, Near Sosyo Circle, Bhatar, Althan, Surat, Gujarat 395017"
1d08afde-fdeb-483d-a1d5-90e0974d8dfe,404-10-2018-12059,Airtel,LTE,404,10,2018,12059,21.15316,72.83088,120.0,90.0,607.0,"Plot 82, Near Sosyo Circle, Bhatar, Althan, Surat, Gujarat 395017"
aa178ce6-05cb-4b30-8b9d-c88258482512,405-867-1034-12060,Jio,NR,405,867,1034,12060,21.15316,72.83088,240.0,90.0,607.0,"Plot 82, Near Sosyo Circle, Bhatar, Althan, Surat, Gujarat 395017"
b03c1436-b574-46d6-8ed6-dc6aa1b5f5f3,404-20-3016-12061,Vi,LTE,404,20,3016,12061,21.16037,72.83268,0.0,90.0,767.0,"Plot 32, Near Bhatar Four Road, Bhatar, Althan, Surat, Gujarat 395017"
5bdca2af-4542-4f4e-84b6-8c2166862bdd,404-10-2030-12062,Airtel,LTE,404,10,2030,12062,21.16037,72.83268,120.0,90.0,767.0,"Plot 32, Near Bhatar Four Road, Bhatar, Althan, Surat, Gujarat 395017"
774ff98c-c550-4b70-8cc7-7b1e9f9453d1,404-81-4003-12063,BSNL,GSM,404,81,4003,12063,21.16037,72.83268,240.0,90.0,767.0,"Plot 32, Near Bhatar Four Road, Bhatar, Althan, Surat, Gujarat 395017"
949d17e8-2695-461e-8ab7-213e547b3fb5,405-867-1029-12064,Jio,LTE,405,867,1029,12064,21.1558,72.83044,299.1,90.0,476.0,"Plot 22, Near Sosyo Circle, Bhatar, Althan, Surat, Gujarat 395017"
05629abf-602f-436e-844f-39105468ddb0,405-867-1023-12065,Jio,LTE,405,867,1023,12065,21.16801,72.81508,0.0,90.0,688.0,"Plot 111, Near Bhatar Four Road, Bhatar, Althan, Surat, Gujarat 395017"
018a45ae-0930-4244-9e23-b47ec4178226,404-20-3022-12066,Vi,GSM,404,20,3022,12066,21.16801,72.81508,120.0,90.0,688.0,"Plot 111, Near Bhatar Four Road, Bhatar, Althan, Surat, Gujarat 395017"
7cd5341a-fa17-4f85-b252-d0a994111958,404-20-3038-12067,Vi,GSM,404,20,3038,12067,21.16801,72.81508,240.0,90.0,688.0,"Plot 111, Near Bhatar Four Road, Bhatar, Althan, Surat, Gujarat 395017"
0e4e5d06-20d1-433d-902c-5434c307a728,404-10-2007-12068,Airtel,LTE,404,10,2007,12068,21.1589,72.81655,0.0,90.0,825.0,"Plot 110, Near Bhatar Water Works, Bhatar, Althan, Surat, Gujarat 395017"
d20dcbae-0a28-4602-909f-6f32593f2abe,404-10-2044-12069,Airtel,GSM,404,10,2044,12069,21.1589,72.81655,120.0,90.0,825.0,"Plot 110, Near Bhatar Water Works, Bhatar, Althan, Surat, Gujarat 395017"
d73caf18-069b-4513-961a-459247e4fa0a,405-867-1035-12070,Jio,NR,405,867,1035,12070,21.1589,72.81655,240.0,90.0,825.0,"Plot 110, Near Bhatar Water Works, Bhatar, Althan, Surat, Gujarat 395017"
a097ff94-6a5b-48b1-90d2-114ae7677797,404-20-3009-12071,Vi,GSM,404,20,3009,12071,21.14134,72.81617,0.0,90.0,589.0,"Plot 42, Near Sosyo Circle, Bhatar, Althan, Surat, Gujarat 395017"
989a7745-9a45-447c-813a-4e911ef69f3c,404-20-3044-12072,Vi,LTE,404,20,3044,12072,21.14134,72.81617,120.0,90.0,589.0,"Plot 42, Near Sosyo Circle, Bhatar, Althan, Surat, Gujarat 395017"
436f3ab0-d8d4-4fae-a03d-2b4a472974b9,404-81-4016-12073,BSNL,GSM,404,81,4016,12073,21.14134,72.81617,240.0,90.0,589.0,"Plot 42, Near Sosyo Circle, Bhatar, Althan, Surat, Gujarat 395017"
2566b42d-45db-4011-848e-defa51331d94,405-867-1042-12074,Jio,LTE,405,867,1042,12074,21.15966,72.79883,0.0,90.0,535.0,"Plot 10, Near Bhatar Water Works, Bhatar, Althan, Surat, Gujarat 395017"
775fc887-b3db-43f0-ad8a-5e92f3cc167e,404-20-3008-12075,Vi,LTE,404,20,3008,12075,21.15966,72.79883,120.0,90.0,535.0,"Plot 10, Near Bhatar Water Works, Bhatar, Althan, Surat, Gujarat 395017"
49eb0226-bb12-4736-908f-067967b84b68,405-867-1017-12076,Jio,LTE,405,867,1017,12076,21.15966,72.79883,240.0,90.0,535.0,"Plot 10, Near Bhatar Water Works, Bhatar, Althan, Surat, Gujarat 395017"
1e232112-2321-47e3-b1fe-c67695dfde2e,404-10-2027-12077,Airtel,LTE,404,10,2027,12077,21.16669,72.79876,13.0,90.0,472.0,"Plot 113, Near Althan Canal Road, Bhatar, Althan, Surat, Gujarat 395017"
16ae4b7d-a7de-4c4b-911d-a22685a12032,405-867-1018-12078,Jio,LTE,405,867,1018,12078,21.17837,72.82042,0.0,90.0,382.0,"Plot 142, Near Sosyo Circle, Bhatar, Althan, Surat, Gujarat 395017"
89e6dce1-51c0-4ca6-a16e-847eb646a13c,405-867-1015-12079,Jio,LTE,405,867,1015,12079,21.17837,72.82042,120.0,90.0,382.0,"Plot 142, Near Sosyo Circle, Bhatar, Althan, Surat, Gujarat 395017"
b12a0ee6-4a65-4f54-8284-9733fed3651a,404-10-2040-12080,Airtel,LTE,404,10,2040,12080,21.17837,72.82042,240.0,90.0,382.0,"Plot 142, Near Sosyo Circle, Bhatar, Althan, Surat, Gujarat 395017"
03a37abe-d9f3-4c72-af48-2805a4a5640c,405-867-1036-12081,Jio,LTE,405,867,1036,12081,21.15185,72.80217,0.0,90.0,790.0,"Plot 48, Near Althan Canal Road, Bhatar, Althan, Surat, Gujarat 395017"
09402319-347c-4b40-a8f2-2318c7545812,404-10-2017-12082,Airtel,LTE,404,10,2017,12082,21.15185,72.80217,120.0,90.0,790.0,"Plot 48, Near Althan Canal Road, Bhatar, Althan, Surat, Gujarat 395017"
b7035f92-1d6d-48be-b912-f1d6f5bfee5e,404-81-4023-12083,BSNL,GSM,404,81,4023,12083,21.15185,72.80217,240.0,90.0,790.0,"Plot 48, Near Althan Canal Road, Bhatar, Althan, Surat, Gujarat 395017"
db2f8654-bac9-4533-92f0-ab18372ba9f4,405-867-1037-12084,Jio,LTE,405,867,1037,12084,21.15292,72.81059,177.4,60.0,480.0,"Plot 90, Near Bhatar Four Road, Bhatar, Althan, Surat, Gujarat 395017"
9e7ec60d-3c1a-4363-9e23-13384d9f61a9,405-867-1039-12085,Jio,LTE,405,867,1039,12085,21.14387,72.82786,0.0,90.0,798.0,"Plot 19, Near Bhatar Water Works, Bhatar, Althan, Surat, Gujarat 395017"
68a6ab16-52c3-4fbc-9c6b-315152d2705d,404-20-3027-12086,Vi,LTE,404,20,3027,12086,21.14387,72.82786,120.0,90.0,798.0,"Plot 19, Near Bhatar Water Works, Bhatar, Althan, Surat, Gujarat 395017"
4a0d8072-69fc-4b42-a80b-3321eca6f236,404-20-3019-12087,Vi,LTE,404,20,3019,12087,21.14387,72.82786,240.0,90.0,798.0,"Plot 19, Near Bhatar Water Works, Bhatar, Althan, Surat, Gujarat 395017"
6ca4db94-c8a8-497e-920b-071a48f2556f,404-10-2014-12088,Airtel,LTE,404,10,2014,12088,21.15133,72.80512,0.0,90.0,816.0,"Plot 75, Near Althan Canal Road, Bhatar, Althan, Surat, Gujarat 395017"
8e1b7706-ee3f-4234-893b-aa79419a4bcc,404-20-3033-12089,Vi,LTE,404,20,3033,12089,21.15133,72.80512,120.0,90.0,816.0,"Plot 75, Near Althan Canal Road, Bhatar, Althan, Surat, Gujarat 395017"
8db225a6-2820-467d-a288-c907f0c807c7,404-20-3014-12090,Vi,LTE,404,20,3014,12090,21.15133,72.80512,240.0,90.0,816.0,"Plot 75, Near Althan Canal Road, Bhatar, Althan, Surat, Gujarat 395017"
0458673f-fedb-46c5-8cd1-b7a86018ce16,405-867-1015-12091,Jio,LTE,405,867,1015,12091,21.14551,72.82476,0.0,90.0,682.0,"Plot 98, Near Bhatar Four Road, Bhatar, Althan, Surat, Gujarat 395017"
c0febfa2-cd1c-46f9-9f83-8e5a493294df,404-10-2041-12092,Airtel,GSM,404,10,2041,12092,21.14551,72.82476,120.0,90.0,682.0,"Plot 98, Near Bhatar Four Road, Bhatar, Althan, Surat, Gujarat 395017"
c2055418-347e-40da-baf5-b72a504d3da0,404-10-2008-12093,Airtel,LTE,404,10,2008,12093,21.14551,72.82476,240.0,90.0,682.0,"Plot 98, Near Bhatar Four Road, Bhatar, Althan, Surat, Gujarat 395017"
634acdaf-0099-4503-972d-6e3e9580c333,405-867-1037-12094,Jio,LTE,405,867,1037,12094,21.16746,72.79759,0.0,90.0,616.0,"Plot 121, Near Althan Canal Road, Bhatar, Althan, Surat, Gujarat 395017"
cf364ccb-e988-4033-85fd-7c477eeac068,405-867-1016-12095,Jio,LTE,405,867,1016,12095,21.16746,72.79759,120.0,90.0,616.0,"Plot 121, Near Althan Canal Road, Bhatar, Althan, Surat, Gujarat 395017"
2bf3deac-fc81-447c-a1fd-c41ab5e8860d,404-20-3015-12096,Vi,GSM,404,20,3015,12096,21.16746,72.79759,240.0,90.0,616.0,"Plot 121, Near Althan Canal Road, Bhatar, Althan, Surat, Gujarat 395017"
d293848f-ed72-4d18-ab54-cc2ae3afcbd6,404-20-3023-12097,Vi,LTE,404,20,3023,12097,21.13923,72.81773,0.0,90.0,840.0,"Plot 62, Near Althan Canal Road, Bhatar, Althan, Surat, Gujarat 395017"
de6eb02d-a95e-463c-a1f4-66502c5b4f7d,404-10-2024-12098,Airtel,LTE,404,10,2024,12098,21.13923,72.81773,120.0,90.0,840.0,"Plot 62, Near Althan Canal Road, Bhatar, Althan, Surat, Gujarat 395017"
8057e80a-fb24-457f-8c12-779dddd24501,404-10-2029-12099,Airtel,LTE,404,10,2029,12099,21.13923,72.81773,240.0,90.0,840.0,"Plot 62, Near Althan Canal Road, Bhatar, Althan, Surat, Gujarat 395017"
447822ab-5797-4cda-b97d-ac1bb7acc259,405-867-1009-12100,Jio,LTE,405,867,1009,12100,21.16048,72.80054,0.0,90.0,815.0,"Plot 138, Near Bhatar Four Road, Bhatar, Althan, Surat, Gujarat 395017"
2ebbc706-1f34-4354-a4cb-7df1dd16ca4b,404-10-2022-12101,Airtel,NR,404,10,2022,12101,21.16048,72.80054,120.0,90.0,815.0,"Plot 138, Near Bhatar Four Road, Bhatar, Althan, Surat, Gujarat 395017"
a8b914f3-b1a9-4b8a-bc2f-f502ed639f0d,405-867-1027-12102,Jio,LTE,405,867,1027,12102,21.16048,72.80054,240.0,90.0,815.0,"Plot 138, Near Bhatar Four Road, Bhatar, Althan, Surat, Gujarat 395017"
ffbfa6d5-5a3f-4292-988c-dab4f2a86be8,405-867-1027-12103,Jio,LTE,405,867,1027,12103,21.14908,72.8117,0.0,90.0,798.0,"Plot 51, Near Bhatar Water Works, Bhatar, Althan, Surat, Gujarat 395017"
53c7065b-0a6d-40df-80c3-6720ab210a64,405-867-1031-12104,Jio,LTE,405,867,1031,12104,21.14908,72.8117,120.0,90.0,798.0,"Plot 51, Near Bhatar Water Works, Bhatar, Althan, Surat, Gujarat 395017"
6ef6da65-4513-4e39-b9fa-131cd4ba715e,404-20-3003-12105,Vi,LTE,404,20,3003,12105,21.14908,72.8117,240.0,90.0,798.0,"Plot 51, Near Bhatar Water Works, Bhatar, Althan, Surat, Gujarat 395017"
b07612af-6a8f-4c99-9ffc-82a350f2e9b7,405-867-1036-12106,Jio,LTE,405,867,1036,12106,21.16008,72.80817,303.4,90.0,458.0,"Plot 19, Near Bhatar Four Road, Bhatar, Althan, Surat, Gujarat 395017"
6ac1dc61-7a5c-4bd5-8df0-d18227335ec9,405-867-1005-12107,Jio,LTE,405,867,1005,12107,21.15866,72.82522,0.0,90.0,665.0,"Plot 87, Near Sosyo Circle, Bhatar, Althan, Surat, Gujarat 395017"
631b443e-94b1-4ba3-9734-878de2e59118,404-10-2029-12108,Airtel,LTE,404,10,2029,12108,21.15866,72.82522,120.0,90.0,665.0,"Plot 87, Near Sosyo Circle, Bhatar, Althan, Surat, Gujarat 395017"
fa615e8f-341b-4d2a-a979-6685b8ff5114,404-20-3028-12109,Vi,LTE,404,20,3028,12109,21.15866,72.82522,240.0,90.0,665.0,"Plot 87, Near Sosyo Circle, Bhatar, Althan, Surat, Gujarat 395017"
af86e26e-2304-460b-a6ca-c1d20d51f4c4,404-20-3006-12110,Vi,GSM,404,20,3006,12110,21.15418,72.82826,0.0,90.0,651.0,"Plot 47, Near Bhatar Four Road, Bhatar, Althan, Surat, Gujarat 395017"
a8bd9560-6574-4a0a-b19c-703402bd0399,405-867-1038-12111,Jio,LTE,405,867,1038,12111,21.15418,72.82826,120.0,90.0,651.0,"Plot 47, Near Bhatar Four Road, Bhatar, Althan, Surat, Gujarat 395017"
fc0f7478-eafe-4dd0-9505-04c470395d1a,405-867-1025-12112,Jio,LTE,405,867,1025,12112,21.15418,72.82826,240.0,90.0,651.0,"Plot 47, Near Bhatar Four Road, Bhatar, Althan, Surat, Gujarat 395017"
47e0a7ee-4531-4b7a-9fca-7813e4935886,405-867-1034-12113,Jio,LTE,405,867,1034,12113,21.15385,72.82139,0.0,90.0,602.0,"Plot 25, Near Sosyo Circle, Bhatar, Althan, Surat, Gujarat 395017"
12f53d3f-3460-417b-ab12-760f3b4c9353,404-10-2028-12114,Airtel,NR,404,10,2028,12114,21.15385,72.82139,120.0,90.0,602.0,"Plot 25, Near Sosyo Circle, Bhatar, Althan, Surat, Gujarat 395017"
24f92245-2acc-427f-992f-73e9f4ca21bd,405-867-1012-12115,Jio,LTE,405,867,1012,12115,21.15385,72.82139,240.0,90.0,602.0,"Plot 25, Near Sosyo Circle, Bhatar, Althan, Surat, Gujarat 395017"
16852480-8c6a-4f17-9e64-b67b1fbe4ca2,404-20-3023-12116,Vi,LTE,404,20,3023,12116,21.1629,72.81042,0.0,90.0,644.0,"Plot 111, Near Bhatar Four Road, Bhatar, Althan, Surat, Gujarat 395017"
3c851227-b814-40d7-af25-892040c2b409,405-867-1018-12117,Jio,LTE,405,867,1018,12117,21.1629,72.81042,120.0,90.0,644.0,"Plot 111, Near Bhatar Four Road, Bhatar, Althan, Surat, Gujarat 395017"
536ccb6d-e7b9-4060-b685-a987f0da1f92,405-867-1011-12118,Jio,LTE,405,867,1011,12118,21.1629,72.81042,240.0,90.0,644.0,"Plot 111, Near Bhatar Four Road, Bhatar, Althan, Surat, Gujarat 395017"
73525d1c-fa73-4e4d-a203-c3c76cb76f46,405-867-1033-12119,Jio,LTE,405,867,1033,12119,21.15283,72.83447,0.0,90.0,422.0,"Plot 60, Near Althan Canal Road, Bhatar, Althan, Surat, Gujarat 395017"
88716a93-cea5-4cb4-874f-559f39548e66,404-20-3003-12120,Vi,LTE,404,20,3003,12120,21.15283,72.83447,120.0,90.0,422.0,"Plot 60, Near Althan Canal Road, Bhatar, Althan, Surat, Gujarat 395017"
aad3890a-b5ba-44cc-af4e-797b030e786e,404-81-4013-12121,BSNL,LTE,404,81,4013,12121,21.15283,72.83447,240.0,90.0,422.0,"Plot 60, Near Althan Canal Road, Bhatar, Althan, Surat, Gujarat 395017"
fda2c573-8f7e-4863-a429-b584f9653737,404-81-4029-12122,BSNL,GSM,404,81,4029,12122,21.17855,72.81292,0.0,90.0,832.0,"Plot 95, Near Althan Canal Road, Bhatar, Althan, Surat, Gujarat 395017"
c7949ab9-2bdb-45d1-bdee-3c0ddf45eff5,404-10-2019-12123,Airtel,NR,404,10,2019,12123,21.17855,72.81292,120.0,90.0,832.0,"Plot 95, Near Althan Canal Road, Bhatar, Althan, Surat, Gujarat 395017"
2018b8f4-0d24-4776-9945-a7dc60d492a5,404-20-3008-12124,Vi,LTE,404,20,3008,12124,21.17855,72.81292,240.0,90.0,832.0,"Plot 95, Near Althan Canal Road, Bhatar, Althan, Surat, Gujarat 395017"
0e09c36b-cbde-4197-ba72-5c7169f9a477,404-10-2023-12125,Airtel,LTE,404,10,2023,12125,21.144,72.81747,0.0,90.0,492.0,"Plot 23, Near Sosyo Circle, Bhatar, Althan, Surat, Gujarat 395017"
a5535354-46ec-44b6-b797-7db1e14a7904,404-20-3015-12126,Vi,LTE,404,20,3015,12126,21.144,72.81747,120.0,90.0,492.0,"Plot 23, Near Sosyo Circle, Bhatar, Althan, Surat, Gujarat 395017"
aba85d34-980c-454e-86ef-ec2a200eda9b,404-10-2033-12127,Airtel,LTE,404,10,2033,12127,21.144,72.81747,240.0,90.0,492.0,"Plot 23, Near Sosyo Circle, Bhatar, Althan, Surat, Gujarat 395017"
38800e82-6c14-4f7f-a3ee-fcb06bd69deb,405-867-1034-12128,Jio,NR,405,867,1034,12128,21.15021,72.82606,0.0,90.0,369.0,"Plot 81, Near Althan Canal Road, Bhatar, Althan, Surat, Gujarat 395017"
917298d8-c92c-4815-8e48-affcccfef59d,405-867-1043-12129,Jio,NR,405,867,1043,12129,21.15021,72.82606,120.0,90.0,369.0,"Plot 81, Near Althan Canal Road, Bhatar, Althan, Surat, Gujarat 395017"
facb34cf-a412-483f-8220-6158801cd52c,404-20-3041-12130,Vi,LTE,404,20,3041,12130,21.15021,72.82606,240.0,90.0,369.0,"Plot 81, Near Althan Canal Road, Bhatar, Althan, Surat, Gujarat 395017"
51d60f03-90cf-463a-a410-e169d85a32de,405-867-1012-12131,Jio,LTE,405,867,1012,12131,21.1501,72.80328,0.0,90.0,485.0,"Plot 57, Near Bhatar Water Works, Bhatar, Althan, Surat, Gujarat 395017"
e2b4e459-e708-4bb7-af13-b540aa12cd96,404-10-2013-12132,Airtel,LTE,404,10,2013,12132,21.1501,72.80328,120.0,90.0,485.0,"Plot 57, Near Bhatar Water Works, Bhatar, Althan, Surat, Gujarat 395017"
9e201f25-8d4d-4092-ba34-bfdc8f06a5ef,404-10-2034-12133,Airtel,LTE,404,10,2034,12133,21.1501,72.80328,240.0,90.0,485.0,"Plot 57, Near Bhatar Water Works, Bhatar, Althan, Surat, Gujarat 395017"
3aef3257-17ce-44f0-9d46-182af5c3668d,405-867-1040-12134,Jio,LTE,405,867,1040,12134,21.17018,72.79563,195.2,60.0,395.0,"Plot 112, Near Althan Canal Road, Bhatar, Althan, Surat, Gujarat 395017"
5071e6ee-3020-4926-b171-235ac28d06f4,405-867-1015-12135,Jio,LTE,405,867,1015,12135,21.14539,72.82465,0.0,90.0,838.0,"Plot 124, Near Sosyo Circle, Bhatar, Althan, Surat, Gujarat 395017"
43876d1d-7c5b-45a3-8dbb-a63dcbc4283d,404-20-3032-12136,Vi,LTE,404,20,3032,12136,21.14539,72.82465,120.0,90.0,838.0,"Plot 124, Near Sosyo Circle, Bhatar, Althan, Surat, Gujarat 395017"
cbcada90-8153-4fe5-8ffe-920281dddc28,404-20-3023-12137,Vi,LTE,404,20,3023,12137,21.14539,72.82465,240.0,90.0,838.0,"Plot 124, Near Sosyo Circle, Bhatar, Althan, Surat, Gujarat 395017"
eb8ad66d-2d10-4a66-b828-192fd493ae88,404-20-3029-12138,Vi,LTE,404,20,3029,12138,21.14607,72.80842,0.0,90.0,809.0,"Plot 29, Near Bhatar Four Road, Bhatar, Althan, Surat, Gujarat 395017"
cddf8bef-0c39-4268-9f09-dcea7c9bcccc,405-867-1008-12139,Jio,LTE,405,867,1008,12139,21.14607,72.80842,120.0,90.0,809.0,"Plot 29, Near Bhatar Four Road, Bhatar, Althan, Surat, Gujarat 395017"
e925c6ec-045f-4f33-97ec-ec1b8fc694ef,405-867-1043-12140,Jio,NR,405,867,1043,12140,21.14607,72.80842,240.0,90.0,809.0,"Plot 29, Near Bhatar Four Road, Bhatar, Althan, Surat, Gujarat 395017"
f429b3c0-1c6d-4398-8761-a14750558794,405-867-1016-12141,Jio,LTE,405,867,1016,12141,21.17225,72.82522,0.0,90.0,792.0,"Plot 124, Near Bhatar Four Road, Bhatar, Althan, Surat, Gujarat 395017"
95586153-6e71-495b-a94e-583ebe0aeed1,405-867-1014-12142,Jio,LTE,405,867,1014,12142,21.17225,72.82522,120.0,90.0,792.0,"Plot 124, Near Bhatar Four Road, Bhatar, Althan, Surat, Gujarat 395017"
37dd3a31-bb5e-48a7-8aa5-b75b6a6b9a51,404-20-3004-12143,Vi,GSM,404,20,3004,12143,21.17225,72.82522,240.0,90.0,792.0,"Plot 124, Near Bhatar Four Road, Bhatar, Althan, Surat, Gujarat 395017"
b4148ec2-6ee9-4b6d-bdd0-10cb3020af89,405-867-1004-12144,Jio,LTE,405,867,1004,12144,21.14604,72.80671,0.0,90.0,576.0,"Plot 106, Near Sosyo Circle, Bhatar, Althan, Surat, Gujarat 395017"
63036116-e45f-47aa-b7ed-d158b5580996,405-867-1022-12145,Jio,LTE,405,867,1022,12145,21.14604,72.80671,120.0,90.0,576.0,"Plot 106, Near Sosyo Circle, Bhatar, Althan, Surat, Gujarat 395017"
21cbefec-c5f1-40b3-bcb6-4c471c58a598,404-10-2029-12146,Airtel,LTE,404,10,2029,12146,21.14604,72.80671,240.0,90.0,576.0,"Plot 106, Near Sosyo Circle, Bhatar, Althan, Surat, Gujarat 395017"
48c4790e-cef5-484e-9e13-5e8918814bfc,405-867-1040-12147,Jio,NR,405,867,1040,12147,21.14357,72.82185,0.0,90.0,670.0,"Plot 138, Near Bhatar Four Road, Bhatar, Althan, Surat, Gujarat 395017"
80d85ae7-9004-4168-8cc0-735055d8c59b,405-867-1002-12148,Jio,LTE,405,867,1002,12148,21.14357,72.82185,120.0,90.0,670.0,"Plot 138, Near Bhatar Four Road, Bhatar, Althan, Surat, Gujarat 395017"
354fe79b-64eb-469e-9c3f-885ef681126e,404-81-4025-12149,BSNL,GSM,404,81,4025,12149,21.14357,72.82185,240.0,90.0,670.0,"Plot 138, Near Bhatar Four Road, Bhatar, Althan, Surat, Gujarat 395017"
24e7b67d-5dac-458c-b3d3-5dadacdea913,404-10-2035-12150,Airtel,GSM,404,10,2035,12150,21.17398,72.82291,17.2,60.0,442.0,"Plot 142, Near Sosyo Circle, Bhatar, Althan, Surat, Gujarat 395017"
334c3e98-4bb4-4e41-a359-fa04dfaa6be8,405-867-1016-12151,Jio,LTE,405,867,1016,12151,21.14285,72.82451,0.0,90.0,519.0,"Plot 42, Near Sosyo Circle, Bhatar, Althan, Surat, Gujarat 395017"
160ebc1f-7927-4086-ba47-6e0c97d02e84,404-81-4002-12152,BSNL,GSM,404,81,4002,12152,21.14285,72.82451,120.0,90.0,519.0,"Plot 42, Near Sosyo Circle, Bhatar, Althan, Surat, Gujarat 395017"
c6407c2f-689d-480a-83d7-4eef0430df5d,404-20-3033-12153,Vi,LTE,404,20,3033,12153,21.14285,72.82451,240.0,90.0,519.0,"Plot 42, Near Sosyo Circle, Bhatar, Althan, Surat, Gujarat 395017"
e8f39447-f5f2-4213-854a-e6b3b9465460,404-10-2003-12154,Airtel,LTE,404,10,2003,12154,21.14537,72.82211,0.0,90.0,467.0,"Plot 73, Near Bhatar Four Road, Bhatar, Althan, Surat, Gujarat 395017"
d4036193-721c-4397-a4cf-63aa6fef066a,405-867-1025-12155,Jio,LTE,405,867,1025,12155,21.14537,72.82211,120.0,90.0,467.0,"Plot 73, Near Bhatar Four Road, Bhatar, Althan, Surat, Gujarat 395017"
7e0a5e92-700d-4081-98d8-09f73c0a0184,404-10-2018-12156,Airtel,LTE,404,10,2018,12156,21.14537,72.82211,240.0,90.0,467.0,"Plot 73, Near Bhatar Four Road, Bhatar, Althan, Surat, Gujarat 395017"
18c7797e-f695-49b4-894a-21dd1f15a415,405-867-1026-12157,Jio,LTE,405,867,1026,12157,21.16227,72.80661,290.6,360.0,388.0,"Plot 6, Near Bhatar Water Works, Bhatar, Althan, Surat, Gujarat 395017"
15dfab02-4c22-4d4a-a4c9-b8d46a3c73b7,405-867-1013-12158,Jio,LTE,405,867,1013,12158,21.16403,72.82971,0.0,90.0,730.0,"Plot 83, Near Sosyo Circle, Bhatar, Althan, Surat, Gujarat 395017"
acaf4ff0-bc4b-4089-a7dd-b2b88dca9291,405-867-1037-12159,Jio,NR,405,867,1037,12159,21.16403,72.82971,120.0,90.0,730.0,"Plot 83, Near Sosyo Circle, Bhatar, Althan, Surat, Gujarat 395017"
b6991ff5-bcbb-46f7-b161-6a85743bf2bd,405-867-1006-12160,Jio,LTE,405,867,1006,12160,21.16403,72.82971,240.0,90.0,730.0,"Plot 83, Near Sosyo Circle, Bhatar, Althan, Surat, Gujarat 395017"
43449d93-6106-4e88-bb93-0cc9fe77af8a,404-10-2002-12161,Airtel,LTE,404,10,2002,12161,21.16051,72.82727,0.0,90.0,709.0,"Plot 124, Near Sosyo Circle, Bhatar, Althan, Surat, Gujarat 395017"
ccca4ac3-b60a-4bd0-b339-eb1e8de57427,404-81-4024-12162,BSNL,LTE,404,81,4024,12162,21.16051,72.82727,120.0,90.0,709.0,"Plot 124, Near Sosyo Circle, Bhatar, Althan, Surat, Gujarat 395017"
08f40c28-ce17-44f4-ba11-0923c360f726,404-20-3029-12163,Vi,LTE,404,20,3029,12163,21.16051,72.82727,240.0,90.0,709.0,"Plot 124, Near Sosyo Circle, Bhatar, Althan, Surat, Gujarat 395017"
ca827da7-8a6c-4b4a-9873-6d7a9e31b001,404-10-2022-12164,Airtel,LTE,404,10,2022,12164,21.16161,72.83554,0.0,90.0,594.0,"Plot 60, Near Bhatar Water Works, Bhatar, Althan, Surat, Gujarat 395017"
e6583d0a-6854-43eb-9292-3ae3de24dec0,405-867-1006-12165,Jio,LTE,405,867,1006,12165,21.16161,72.83554,120.0,90.0,594.0,"Plot 60, Near Bhatar Water Works, Bhatar, Althan, Surat, Gujarat 395017"
f0a57c3e-4339-4c78-a566-a8071dbe78f0,405-867-1032-12166,Jio,LTE,405,867,1032,12166,21.16161,72.83554,240.0,90.0,594.0,"Plot 60, Near Bhatar Water Works, Bhatar, Althan, Surat, Gujarat 395017"
9296b34f-9f16-431c-96a1-8315f32b229e,404-10-2032-12167,Airtel,LTE,404,10,2032,12167,21.15228,72.80792,0.0,90.0,779.0,"Plot 122, Near Bhatar Water Works, Bhatar, Althan, Surat, Gujarat 395017"
741b6b3c-243a-44d3-95bd-54e1d8a78458,405-867-1022-12168,Jio,LTE,405,867,1022,12168,21.15228,72.80792,120.0,90.0,779.0,"Plot 122, Near Bhatar Water Works, Bhatar, Althan, Surat, Gujarat 395017"
e338d8eb-40e2-4c06-996c-b127a1a9391d,404-20-3045-12169,Vi,LTE,404,20,3045,12169,21.15228,72.80792,240.0,90.0,779.0,"Plot 122, Near Bhatar Water Works, Bhatar, Althan, Surat, Gujarat 395017"
3351ba53-adea-4ac1-97cd-e94cd90ebff5,404-10-2032-12170,Airtel,LTE,404,10,2032,12170,21.14474,72.80581,0.0,90.0,736.0,"Plot 69, Near Althan Canal Road, Bhatar, Althan, Surat, Gujarat 395017"
a1f70503-ba67-48e9-95d1-e9cb5273330c,405-867-1021-12171,Jio,LTE,405,867,1021,12171,21.14474,72.80581,120.0,90.0,736.0,"Plot 69, Near Althan Canal Road, Bhatar, Althan, Surat, Gujarat 395017"
f57e6c86-552b-4d10-b21c-1b5fe0e2bc1d,405-867-1036-12172,Jio,LTE,405,867,1036,12172,21.14474,72.80581,240.0,90.0,736.0,"Plot 69, Near Althan Canal Road, Bhatar, Althan, Surat, Gujarat 395017"
48bee49d-4ad4-4d4d-8450-7768057e9ded,405-867-1011-12173,Jio,NR,405,867,1011,12173,21.17216,72.79333,0.0,90.0,389.0,"Plot 27, Near Althan Canal Road, Bhatar, Althan, Surat, Gujarat 395017"
612b815a-6b3d-4b5d-a477-0c9380c52fd5,404-10-2013-12174,Airtel,LTE,404,10,2013,12174,21.17216,72.79333,120.0,90.0,389.0,"Plot 27, Near Althan Canal Road, Bhatar, Althan, Surat, Gujarat 395017"
70edc220-922d-47e7-b53e-29ef241f13d8,405-867-1003-12175,Jio,NR,405,867,1003,12175,21.17216,72.79333,240.0,90.0,389.0,"Plot 27, Near Althan Canal Road, Bhatar, Althan, Surat, Gujarat 395017"
8b245c24-7d33-4f4a-8445-271bd4a23623,405-867-1008-12176,Jio,LTE,405,867,1008,12176,21.16998,72.80074,0.0,90.0,630.0,"Plot 36, Near Bhatar Water Works, Bhatar, Althan, Surat, Gujarat 395017"
c1bb9138-3bc1-48cc-8b4e-8cf4474b84f1,405-867-1044-12177,Jio,LTE,405,867,1044,12177,21.16998,72.80074,120.0,90.0,630.0,"Plot 36, Near Bhatar Water Works, Bhatar, Althan, Surat, Gujarat 395017"
99bdf956-71aa-4346-8791-a12510f6bdce,405-867-1024-12178,Jio,LTE,405,867,1024,12178,21.16998,72.80074,240.0,90.0,630.0,"Plot 36, Near Bhatar Water Works, Bhatar, Althan, Surat, Gujarat 395017"
2f085a78-d8dd-4230-aed4-354450302a25,404-10-2034-12179,Airtel,NR,404,10,2034,12179,21.14934,72.80807,0.0,90.0,761.0,"Plot 134, Near Sosyo Circle, Bhatar, Althan, Surat, Gujarat 395017"
96382755-0fb1-4bf2-82d9-754c8823ebb2,404-10-2014-12180,Airtel,LTE,404,10,2014,12180,21.14934,72.80807,120.0,90.0,761.0,"Plot 134, Near Sosyo Circle, Bhatar, Althan, Surat, Gujarat 395017"
72e51b21-ef95-4ff9-bd5d-14815624e517,404-20-3009-12181,Vi,GSM,404,20,3009,12181,21.14934,72.80807,240.0,90.0,761.0,"Plot 134, Near Sosyo Circle, Bhatar, Althan, Surat, Gujarat 395017"
9582201e-c65c-4cee-ac4c-1212e2556b99,405-867-1001-12182,Jio,LTE,405,867,1001,12182,21.16779,72.82956,0.0,90.0,441.0,"Plot 3, Near Bhatar Water Works, Bhatar, Althan, Surat, Gujarat 395017"
5c50a767-da1e-4164-a330-87c6fb1356d6,405-867-1045-12183,Jio,LTE,405,867,1045,12183,21.16779,72.82956,120.0,90.0,441.0,"Plot 3, Near Bhatar Water Works, Bhatar, Althan, Surat, Gujarat 395017"
b0f82c17-6602-4d90-86dd-e100a9756b33,405-867-1007-12184,Jio,LTE,405,867,1007,12184,21.16779,72.82956,240.0,90.0,441.0,"Plot 3, Near Bhatar Water Works, Bhatar, Althan, Surat, Gujarat 395017"
6ad0e198-618b-4f14-ac37-d7783aae5e7e,404-20-3001-12185,Vi,LTE,404,20,3001,12185,21.16513,72.85372,0.0,90.0,1072.0,"Plot 18, Near Udhna GIDC Sector 1, Udhna GIDC, Dindoli, Surat, Gujarat 394210"
81fd6620-6176-4324-9d1d-874d4538f153,404-20-3028-12186,Vi,LTE,404,20,3028,12186,21.16513,72.85372,120.0,90.0,1072.0,"Plot 18, Near Udhna GIDC Sector 1, Udhna GIDC, Dindoli, Surat, Gujarat 394210"
4026b009-8b09-4d72-8cca-330010e84bae,404-10-2040-12187,Airtel,LTE,404,10,2040,12187,21.16513,72.85372,240.0,90.0,1072.0,"Plot 18, Near Udhna GIDC Sector 1, Udhna GIDC, Dindoli, Surat, Gujarat 394210"
ec6d3cf0-2000-4984-b7cf-50950e578ccb,404-10-2017-12188,Airtel,LTE,404,10,2017,12188,21.14825,72.8125,0.0,90.0,605.0,"Plot 20, Near Udhna GIDC Sector 1, Udhna GIDC, Dindoli, Surat, Gujarat 394210"
ad58a5ad-7ad8-437b-917a-3aef14227983,404-10-2034-12189,Airtel,LTE,404,10,2034,12189,21.14825,72.8125,120.0,90.0,605.0,"Plot 20, Near Udhna GIDC Sector 1, Udhna GIDC, Dindoli, Surat, Gujarat 394210"
bf88aa6f-fa18-4117-89f2-fb147f055dc3,404-10-2022-12190,Airtel,NR,404,10,2022,12190,21.14825,72.8125,240.0,90.0,605.0,"Plot 20, Near Udhna GIDC Sector 1, Udhna GIDC, Dindoli, Surat, Gujarat 394210"
767b99cd-fe54-4b42-9785-fff93873c9ad,404-20-3006-12191,Vi,GSM,404,20,3006,12191,21.11908,72.83069,0.0,90.0,502.0,"Plot 122, Near Dindoli Bridge, Udhna GIDC, Dindoli, Surat, Gujarat 394210"
8b8fd438-c1a4-4b8a-b6a3-1e48f29dd4ef,404-20-3010-12192,Vi,LTE,404,20,3010,12192,21.11908,72.83069,120.0,90.0,502.0,"Plot 122, Near Dindoli Bridge, Udhna GIDC, Dindoli, Surat, Gujarat 394210"
ddf96878-feec-4ff9-99ae-731feb582d9e,405-867-1021-12193,Jio,NR,405,867,1021,12193,21.11908,72.83069,240.0,90.0,502.0,"Plot 122, Near Dindoli Bridge, Udhna GIDC, Dindoli, Surat, Gujarat 394210"
2c1d0fa9-1db9-4eb4-b3f8-200e6de65b4a,404-10-2033-12194,Airtel,LTE,404,10,2033,12194,21.17242,72.86063,0.0,90.0,935.0,"Plot 131, Near Udhna GIDC Sector 1, Udhna GIDC, Dindoli, Surat, Gujarat 394210"
ac4ed79a-2570-49af-8a8e-9b6c6b4c91b6,404-20-3026-12195,Vi,LTE,404,20,3026,12195,21.17242,72.86063,120.0,90.0,935.0,"Plot 131, Near Udhna GIDC Sector 1, Udhna GIDC, Dindoli, Surat, Gujarat 394210"
713d07ea-ce64-4030-b49a-0216e7d2fa2c,405-867-1031-12196,Jio,LTE,405,867,1031,12196,21.17242,72.86063,240.0,90.0,935.0,"Plot 131, Near Udhna GIDC Sector 1, Udhna GIDC, Dindoli, Surat, Gujarat 394210"
ba99b7ec-c56a-4f7a-8d75-962dbf97b4d9,405-867-1018-12197,Jio,LTE,405,867,1018,12197,21.12729,72.86949,211.9,60.0,744.0,"Plot 136, Near Dindoli Bridge, Udhna GIDC, Dindoli, Surat, Gujarat 394210"
e340abbf-180b-4cfb-b0cb-d92ed187d904,404-10-2028-12198,Airtel,LTE,404,10,2028,12198,21.13804,72.8149,0.0,90.0,756.0,"Plot 126, Near Navagam Karadva Road, Udhna GIDC, Dindoli, Surat, Gujarat 394210"
b4319a72-b031-4ca1-99fb-8c2decb93044,404-10-2024-12199,Airtel,LTE,404,10,2024,12199,21.13804,72.8149,120.0,90.0,756.0,"Plot 126, Near Navagam Karadva Road, Udhna GIDC, Dindoli, Surat, Gujarat 394210"
6ede6a37-05ad-41ab-8caf-1a86f6dba83a,404-20-3023-12200,Vi,GSM,404,20,3023,12200,21.13804,72.8149,240.0,90.0,756.0,"Plot 126, Near Navagam Karadva Road, Udhna GIDC, Dindoli, Surat, Gujarat 394210"
ee5ec2ba-3303-4062-8efa-2f3303abf9bf,405-867-1013-12201,Jio,LTE,405,867,1013,12201,21.143,72.82923,0.0,90.0,510.0,"Plot 98, Near Udhna GIDC Sector 1, Udhna GIDC, Dindoli, Surat, Gujarat 394210"
ec5501f9-b31a-4c12-af6f-4b3f148f97f7,405-867-1007-12202,Jio,LTE,405,867,1007,12202,21.143,72.82923,120.0,90.0,510.0,"Plot 98, Near Udhna GIDC Sector 1, Udhna GIDC, Dindoli, Surat, Gujarat 394210"
5840aca7-be46-40d1-937f-57d2500b8d52,404-20-3033-12203,Vi,GSM,404,20,3033,12203,21.143,72.82923,240.0,90.0,510.0,"Plot 98, Near Udhna GIDC Sector 1, Udhna GIDC, Dindoli, Surat, Gujarat 394210"
dab4eaad-326a-4d50-b0d1-4fd62a427c44,405-867-1017-12204,Jio,LTE,405,867,1017,12204,21.16671,72.8325,0.0,90.0,907.0,"Plot 71, Near Udhna Railway Junction, Udhna GIDC, Dindoli, Surat, Gujarat 394210"
0c41d5be-d4a3-4c10-a786-33cfd65139c6,405-867-1037-12205,Jio,LTE,405,867,1037,12205,21.16671,72.8325,120.0,90.0,907.0,"Plot 71, Near Udhna Railway Junction, Udhna GIDC, Dindoli, Surat, Gujarat 394210"
ca53a773-a1e7-423f-8f50-0bc649374ccb,404-20-3031-12206,Vi,GSM,404,20,3031,12206,21.16671,72.8325,240.0,90.0,907.0,"Plot 71, Near Udhna Railway Junction, Udhna GIDC, Dindoli, Surat, Gujarat 394210"
da87bafa-f32b-4c9b-906f-e422a607cfbb,404-20-3003-12207,Vi,GSM,404,20,3003,12207,21.17014,72.84453,0.0,90.0,1163.0,"Plot 45, Near Navagam Karadva Road, Udhna GIDC, Dindoli, Surat, Gujarat 394210"
86ef8581-57d9-4fad-aeab-06709ff992ef,405-867-1010-12208,Jio,LTE,405,867,1010,12208,21.17014,72.84453,120.0,90.0,1163.0,"Plot 45, Near Navagam Karadva Road, Udhna GIDC, Dindoli, Surat, Gujarat 394210"
059a5527-7136-43b5-a5e2-d99cb566f3d5,404-10-2009-12209,Airtel,LTE,404,10,2009,12209,21.17014,72.84453,240.0,90.0,1163.0,"Plot 45, Near Navagam Karadva Road, Udhna GIDC, Dindoli, Surat, Gujarat 394210"
661b2c4c-4eac-45f7-8ed8-33a8f2efb36a,405-867-1018-12210,Jio,NR,405,867,1018,12210,21.17001,72.86037,0.0,90.0,563.0,"Plot 15, Near Udhna Railway Junction, Udhna GIDC, Dindoli, Surat, Gujarat 394210"
786b0306-d37a-4679-9fb2-c1721b4133b1,404-81-4040-12211,BSNL,GSM,404,81,4040,12211,21.17001,72.86037,120.0,90.0,563.0,"Plot 15, Near Udhna Railway Junction, Udhna GIDC, Dindoli, Surat, Gujarat 394210"
04b06c44-1150-4c43-817d-52ae6cf75ab1,404-10-2044-12212,Airtel,LTE,404,10,2044,12212,21.17001,72.86037,240.0,90.0,563.0,"Plot 15, Near Udhna Railway Junction, Udhna GIDC, Dindoli, Surat, Gujarat 394210"
b7c61348-0ab8-455f-aecb-b3eb99a95a7c,405-867-1043-12213,Jio,NR,405,867,1043,12213,21.15538,72.82932,0.0,90.0,1180.0,"Plot 94, Near Udhna GIDC Sector 1, Udhna GIDC, Dindoli, Surat, Gujarat 394210"
d0c8e43c-e3b7-4016-b845-6ec51a865d94,405-867-1033-12214,Jio,LTE,405,867,1033,12214,21.15538,72.82932,120.0,90.0,1180.0,"Plot 94, Near Udhna GIDC Sector 1, Udhna GIDC, Dindoli, Surat, Gujarat 394210"
1c40c174-09f0-45dd-aa4e-9e5ca6aa2d64,405-867-1012-12215,Jio,LTE,405,867,1012,12215,21.15538,72.82932,240.0,90.0,1180.0,"Plot 94, Near Udhna GIDC Sector 1, Udhna GIDC, Dindoli, Surat, Gujarat 394210"
30da3b26-a578-43d1-a1a8-ae4dc2ca5ab7,404-20-3001-12216,Vi,GSM,404,20,3001,12216,21.12928,72.85126,0.0,90.0,1150.0,"Plot 130, Near Udhna GIDC Sector 1, Udhna GIDC, Dindoli, Surat, Gujarat 394210"
ccd9f3cb-3e38-4c2f-89aa-3f22696c562f,405-867-1008-12217,Jio,LTE,405,867,1008,12217,21.12928,72.85126,120.0,90.0,1150.0,"Plot 130, Near Udhna GIDC Sector 1, Udhna GIDC, Dindoli, Surat, Gujarat 394210"
95d5bb5c-2889-4042-b60a-0b0d913cd11a,405-867-1045-12218,Jio,LTE,405,867,1045,12218,21.12928,72.85126,240.0,90.0,1150.0,"Plot 130, Near Udhna GIDC Sector 1, Udhna GIDC, Dindoli, Surat, Gujarat 394210"
f95ebee8-41cb-4937-952a-01b86afd0d5b,404-10-2038-12219,Airtel,LTE,404,10,2038,12219,21.17108,72.8618,0.0,90.0,686.0,"Plot 30, Near Udhna Railway Junction, Udhna GIDC, Dindoli, Surat, Gujarat 394210"
7bcf0f2d-cfc1-4610-8310-8664ba531b3f,404-10-2011-12220,Airtel,LTE,404,10,2011,12220,21.17108,72.8618,120.0,90.0,686.0,"Plot 30, Near Udhna Railway Junction, Udhna GIDC, Dindoli, Surat, Gujarat 394210"
e62a6d72-0249-48e4-837d-0b39a3b8d90c,404-20-3024-12221,Vi,LTE,404,20,3024,12221,21.17108,72.8618,240.0,90.0,686.0,"Plot 30, Near Udhna Railway Junction, Udhna GIDC, Dindoli, Surat, Gujarat 394210"
64be3b17-651d-40d6-9d41-96393e683a81,404-81-4009-12222,BSNL,LTE,404,81,4009,12222,21.11636,72.85281,0.0,90.0,1157.0,"Plot 79, Near Udhna GIDC Sector 1, Udhna GIDC, Dindoli, Surat, Gujarat 394210"
ebdc9ab6-3d2c-4850-96e8-127253eff7e8,405-867-1019-12223,Jio,LTE,405,867,1019,12223,21.11636,72.85281,120.0,90.0,1157.0,"Plot 79, Near Udhna GIDC Sector 1, Udhna GIDC, Dindoli, Surat, Gujarat 394210"
0586e64a-80f7-4eef-a74e-cd8efa4e2c9b,405-867-1021-12224,Jio,LTE,405,867,1021,12224,21.11636,72.85281,240.0,90.0,1157.0,"Plot 79, Near Udhna GIDC Sector 1, Udhna GIDC, Dindoli, Surat, Gujarat 394210"
9d51ee3b-8860-4f02-baa1-7b06196efa13,405-867-1006-12225,Jio,LTE,405,867,1006,12225,21.12027,72.86091,0.0,90.0,802.0,"Plot 52, Near Dindoli Bridge, Udhna GIDC, Dindoli, Surat, Gujarat 394210"
9125fa6e-162a-46da-b67f-21bb76be67c9,405-867-1023-12226,Jio,LTE,405,867,1023,12226,21.12027,72.86091,120.0,90.0,802.0,"Plot 52, Near Dindoli Bridge, Udhna GIDC, Dindoli, Surat, Gujarat 394210"
48dfeca5-e65d-4449-9f21-32071df709a5,404-20-3041-12227,Vi,LTE,404,20,3041,12227,21.12027,72.86091,240.0,90.0,802.0,"Plot 52, Near Dindoli Bridge, Udhna GIDC, Dindoli, Surat, Gujarat 394210"
cfbe4b0e-7c22-44ad-a9af-7bbcc7f0cdd4,404-81-4042-12228,BSNL,GSM,404,81,4042,12228,21.13986,72.83181,0.0,90.0,715.0,"Plot 40, Near Navagam Karadva Road, Udhna GIDC, Dindoli, Surat, Gujarat 394210"
9a50334d-f348-47c1-982d-38017ed517bf,404-20-3014-12229,Vi,GSM,404,20,3014,12229,21.13986,72.83181,120.0,90.0,715.0,"Plot 40, Near Navagam Karadva Road, Udhna GIDC, Dindoli, Surat, Gujarat 394210"
18d36e22-528d-4da3-829c-ce3c6e369ebf,405-867-1036-12230,Jio,NR,405,867,1036,12230,21.13986,72.83181,240.0,90.0,715.0,"Plot 40, Near Navagam Karadva Road, Udhna GIDC, Dindoli, Surat, Gujarat 394210"
decb9baf-74cb-4342-b90f-c4793351f5bf,405-867-1008-12231,Jio,LTE,405,867,1008,12231,21.15853,72.81855,0.0,90.0,764.0,"Plot 132, Near Udhna Railway Junction, Udhna GIDC, Dindoli, Surat, Gujarat 394210"
56f3aa4a-f663-4dcf-b2c5-1c006937f0c8,404-10-2031-12232,Airtel,LTE,404,10,2031,12232,21.15853,72.81855,120.0,90.0,764.0,"Plot 132, Near Udhna Railway Junction, Udhna GIDC, Dindoli, Surat, Gujarat 394210"
66aa7f67-5cfa-40fb-b652-c89e193a17f2,405-867-1024-12233,Jio,LTE,405,867,1024,12233,21.15853,72.81855,240.0,90.0,764.0,"Plot 132, Near Udhna Railway Junction, Udhna GIDC, Dindoli, Surat, Gujarat 394210"
494fd328-6408-4bf3-943e-91f3adf24024,405-867-1011-12234,Jio,NR,405,867,1011,12234,21.12138,72.83427,0.0,90.0,1144.0,"Plot 83, Near Udhna Railway Junction, Udhna GIDC, Dindoli, Surat, Gujarat 394210"
54995421-4df6-41cc-9653-96a2771766df,405-867-1042-12235,Jio,LTE,405,867,1042,12235,21.12138,72.83427,120.0,90.0,1144.0,"Plot 83, Near Udhna Railway Junction, Udhna GIDC, Dindoli, Surat, Gujarat 394210"
7782fbcc-a057-49e9-ace9-90aeb2f84000,404-20-3023-12236,Vi,LTE,404,20,3023,12236,21.12138,72.83427,240.0,90.0,1144.0,"Plot 83, Near Udhna Railway Junction, Udhna GIDC, Dindoli, Surat, Gujarat 394210"
301906a8-74cb-4734-ae4d-2bd19470296f,405-867-1028-12237,Jio,LTE,405,867,1028,12237,21.1375,72.86679,0.0,90.0,1131.0,"Plot 6, Near Udhna GIDC Sector 1, Udhna GIDC, Dindoli, Surat, Gujarat 394210"
78c7f395-28dc-4407-bcd3-079a404aac69,404-10-2016-12238,Airtel,LTE,404,10,2016,12238,21.1375,72.86679,120.0,90.0,1131.0,"Plot 6, Near Udhna GIDC Sector 1, Udhna GIDC, Dindoli, Surat, Gujarat 394210"
f34ecbd5-c533-4d0f-8164-f73a24d61275,405-867-1022-12239,Jio,LTE,405,867,1022,12239,21.1375,72.86679,240.0,90.0,1131.0,"Plot 6, Near Udhna GIDC Sector 1, Udhna GIDC, Dindoli, Surat, Gujarat 394210"
eeb9fb19-1bf1-49ae-8c08-310d46112e37,405-867-1018-12240,Jio,LTE,405,867,1018,12240,21.125,72.84736,0.0,90.0,1019.0,"Plot 60, Near Udhna Railway Junction, Udhna GIDC, Dindoli, Surat, Gujarat 394210"
ff085f05-29ca-417b-a711-d84092d79eaf,404-81-4002-12241,BSNL,GSM,404,81,4002,12241,21.125,72.84736,120.0,90.0,1019.0,"Plot 60, Near Udhna Railway Junction, Udhna GIDC, Dindoli, Surat, Gujarat 394210"
7fd8db4c-c485-4483-98d7-eb9588dd8909,405-867-1020-12242,Jio,LTE,405,867,1020,12242,21.125,72.84736,240.0,90.0,1019.0,"Plot 60, Near Udhna Railway Junction, Udhna GIDC, Dindoli, Surat, Gujarat 394210"
db9a583c-afef-4efa-822a-cdaadcd1120f,404-10-2004-12243,Airtel,NR,404,10,2004,12243,21.16845,72.82328,0.0,90.0,633.0,"Plot 146, Near Udhna GIDC Sector 1, Udhna GIDC, Dindoli, Surat, Gujarat 394210"
bd5e129c-043e-4c85-802f-d8be92304ba1,404-81-4010-12244,BSNL,GSM,404,81,4010,12244,21.16845,72.82328,120.0,90.0,633.0,"Plot 146, Near Udhna GIDC Sector 1, Udhna GIDC, Dindoli, Surat, Gujarat 394210"
86500896-f674-4353-a94a-415442db9722,404-20-3011-12245,Vi,LTE,404,20,3011,12245,21.16845,72.82328,240.0,90.0,633.0,"Plot 146, Near Udhna GIDC Sector 1, Udhna GIDC, Dindoli, Surat, Gujarat 394210"
498fe366-337e-4e33-84fd-b6ba28b7fedd,405-867-1028-12246,Jio,NR,405,867,1028,12246,21.12013,72.85174,0.0,90.0,582.0,"Plot 45, Near Udhna GIDC Sector 1, Udhna GIDC, Dindoli, Surat, Gujarat 394210"
78f7bd33-cb28-4801-af03-e648f1cf9b41,405-867-1044-12247,Jio,LTE,405,867,1044,12247,21.12013,72.85174,120.0,90.0,582.0,"Plot 45, Near Udhna GIDC Sector 1, Udhna GIDC, Dindoli, Surat, Gujarat 394210"
8d2bcbcc-691e-46fd-b1d4-2dda945f483a,404-10-2001-12248,Airtel,NR,404,10,2001,12248,21.12013,72.85174,240.0,90.0,582.0,"Plot 45, Near Udhna GIDC Sector 1, Udhna GIDC, Dindoli, Surat, Gujarat 394210"
502f02e9-f515-4345-9d01-0b1bd4b5c484,404-20-3030-12249,Vi,LTE,404,20,3030,12249,21.1265,72.84784,0.0,90.0,717.0,"Plot 141, Near Navagam Karadva Road, Udhna GIDC, Dindoli, Surat, Gujarat 394210"
22d0389e-34fa-42e8-a687-209c7fa6c498,404-10-2007-12250,Airtel,NR,404,10,2007,12250,21.1265,72.84784,120.0,90.0,717.0,"Plot 141, Near Navagam Karadva Road, Udhna GIDC, Dindoli, Surat, Gujarat 394210"
e8265702-93fa-46ea-8af7-5c80c37cc3ef,405-867-1009-12251,Jio,LTE,405,867,1009,12251,21.1265,72.84784,240.0,90.0,717.0,"Plot 141, Near Navagam Karadva Road, Udhna GIDC, Dindoli, Surat, Gujarat 394210"
4a49ef50-8826-4060-997f-d75900a82093,405-867-1038-12252,Jio,LTE,405,867,1038,12252,21.13027,72.85649,0.0,90.0,1046.0,"Plot 109, Near Dindoli Bridge, Udhna GIDC, Dindoli, Surat, Gujarat 394210"
aa8e1fd8-4fc6-416a-af39-fd8b882d7025,405-867-1012-12253,Jio,NR,405,867,1012,12253,21.13027,72.85649,120.0,90.0,1046.0,"Plot 109, Near Dindoli Bridge, Udhna GIDC, Dindoli, Surat, Gujarat 394210"
9351bdf4-a032-43e1-8d26-dcae1117b804,404-20-3022-12254,Vi,LTE,404,20,3022,12254,21.13027,72.85649,240.0,90.0,1046.0,"Plot 109, Near Dindoli Bridge, Udhna GIDC, Dindoli, Surat, Gujarat 394210"
c351a2ec-90d0-40b4-bac7-6b954824d202,405-867-1020-12255,Jio,LTE,405,867,1020,12255,21.14161,72.84497,0.0,90.0,641.0,"Plot 20, Near Navagam Karadva Road, Udhna GIDC, Dindoli, Surat, Gujarat 394210"
eee0176c-c6f8-4d15-92cd-6e218fab9eaa,405-867-1042-12256,Jio,LTE,405,867,1042,12256,21.14161,72.84497,120.0,90.0,641.0,"Plot 20, Near Navagam Karadva Road, Udhna GIDC, Dindoli, Surat, Gujarat 394210"
a6917d76-c9d7-4e01-bc94-86a22b950821,405-867-1020-12257,Jio,LTE,405,867,1020,12257,21.14161,72.84497,240.0,90.0,641.0,"Plot 20, Near Navagam Karadva Road, Udhna GIDC, Dindoli, Surat, Gujarat 394210"
c44f4a9c-d637-4da0-9939-ba248dfb0fbf,405-867-1034-12258,Jio,LTE,405,867,1034,12258,21.12333,72.86502,0.0,90.0,931.0,"Plot 67, Near Udhna Railway Junction, Udhna GIDC, Dindoli, Surat, Gujarat 394210"
668af5fa-7f16-4a83-b357-8fc3befc3115,404-20-3006-12259,Vi,LTE,404,20,3006,12259,21.12333,72.86502,120.0,90.0,931.0,"Plot 67, Near Udhna Railway Junction, Udhna GIDC, Dindoli, Surat, Gujarat 394210"
804d4927-91ae-4c21-bea3-c1b6bde17187,405-867-1042-12260,Jio,LTE,405,867,1042,12260,21.12333,72.86502,240.0,90.0,931.0,"Plot 67, Near Udhna Railway Junction, Udhna GIDC, Dindoli, Surat, Gujarat 394210"
8f446b70-6e69-41ca-be5f-0fb1f5702596,404-10-2001-12261,Airtel,LTE,404,10,2001,12261,21.16337,72.82192,0.0,90.0,1088.0,"Plot 42, Near Udhna Railway Junction, Udhna GIDC, Dindoli, Surat, Gujarat 394210"
bfe85832-5bec-4522-827c-2d2c5cf8e0fa,405-867-1026-12262,Jio,NR,405,867,1026,12262,21.16337,72.82192,120.0,90.0,1088.0,"Plot 42, Near Udhna Railway Junction, Udhna GIDC, Dindoli, Surat, Gujarat 394210"
4bbb6e84-7570-4ee7-a9e3-ad1f156ec1c8,405-867-1028-12263,Jio,LTE,405,867,1028,12263,21.16337,72.82192,240.0,90.0,1088.0,"Plot 42, Near Udhna Railway Junction, Udhna GIDC, Dindoli, Surat, Gujarat 394210"
48f0398f-f35e-43ba-88c5-1d8874e73e9a,404-10-2024-12264,Airtel,NR,404,10,2024,12264,21.14363,72.87196,0.0,90.0,984.0,"Plot 129, Near Navagam Karadva Road, Udhna GIDC, Dindoli, Surat, Gujarat 394210"
0abdcf14-9734-443d-8876-fd943770f2dd,405-867-1028-12265,Jio,LTE,405,867,1028,12265,21.14363,72.87196,120.0,90.0,984.0,"Plot 129, Near Navagam Karadva Road, Udhna GIDC, Dindoli, Surat, Gujarat 394210"
184b4006-e6cc-46a6-bea8-dc1bfd213660,404-10-2044-12266,Airtel,LTE,404,10,2044,12266,21.14363,72.87196,240.0,90.0,984.0,"Plot 129, Near Navagam Karadva Road, Udhna GIDC, Dindoli, Surat, Gujarat 394210"
720127e5-1ab3-480d-b0d4-07130e567287,404-10-2004-12267,Airtel,LTE,404,10,2004,12267,21.14859,72.84712,0.0,90.0,1129.0,"Plot 51, Near Dindoli Bridge, Udhna GIDC, Dindoli, Surat, Gujarat 394210"
a72e25de-5020-4a7f-9461-7bc7dde2096a,405-867-1032-12268,Jio,LTE,405,867,1032,12268,21.14859,72.84712,120.0,90.0,1129.0,"Plot 51, Near Dindoli Bridge, Udhna GIDC, Dindoli, Surat, Gujarat 394210"
d5d9d2c5-a903-4e56-86c1-bc74de27dbed,405-867-1039-12269,Jio,LTE,405,867,1039,12269,21.14859,72.84712,240.0,90.0,1129.0,"Plot 51, Near Dindoli Bridge, Udhna GIDC, Dindoli, Surat, Gujarat 394210"
e0ad47f1-8d93-401c-9ae6-dabccd143e29,404-10-2023-12270,Airtel,LTE,404,10,2023,12270,21.13875,72.82913,0.0,90.0,524.0,"Plot 76, Near Dindoli Bridge, Udhna GIDC, Dindoli, Surat, Gujarat 394210"
f69f7a87-0cdd-4850-984e-6a627724e407,405-867-1020-12271,Jio,LTE,405,867,1020,12271,21.13875,72.82913,120.0,90.0,524.0,"Plot 76, Near Dindoli Bridge, Udhna GIDC, Dindoli, Surat, Gujarat 394210"
71165273-7054-4ff9-80fe-3505e90e6c77,404-10-2023-12272,Airtel,LTE,404,10,2023,12272,21.13875,72.82913,240.0,90.0,524.0,"Plot 76, Near Dindoli Bridge, Udhna GIDC, Dindoli, Surat, Gujarat 394210"
ac458c42-a582-44c1-bee3-e4831157e9e2,405-867-1041-12273,Jio,LTE,405,867,1041,12273,21.14238,72.82041,0.0,90.0,1047.0,"Plot 64, Near Navagam Karadva Road, Udhna GIDC, Dindoli, Surat, Gujarat 394210"
17b17ecc-fc23-403a-abca-988488dacc65,405-867-1023-12274,Jio,NR,405,867,1023,12274,21.14238,72.82041,120.0,90.0,1047.0,"Plot 64, Near Navagam Karadva Road, Udhna GIDC, Dindoli, Surat, Gujarat 394210"
a6433161-ceb0-444e-946f-ca436a290222,404-81-4016-12275,BSNL,LTE,404,81,4016,12275,21.14238,72.82041,240.0,90.0,1047.0,"Plot 64, Near Navagam Karadva Road, Udhna GIDC, Dindoli, Surat, Gujarat 394210"
836d212e-4114-4ecb-b7f2-6b0611deb8ff,404-81-4007-12276,BSNL,LTE,404,81,4007,12276,21.17117,72.82929,130.5,60.0,655.0,"Plot 11, Near Navagam Karadva Road, Udhna GIDC, Dindoli, Surat, Gujarat 394210"
591f93b4-6b86-4ccb-b76c-534ea9fd7bfd,405-867-1017-12277,Jio,LTE,405,867,1017,12277,21.12198,72.86762,0.0,90.0,809.0,"Plot 87, Near Udhna Railway Junction, Udhna GIDC, Dindoli, Surat, Gujarat 394210"
b51a8389-5809-4789-8a12-58d2d8c1e388,404-10-2006-12278,Airtel,NR,404,10,2006,12278,21.12198,72.86762,120.0,90.0,809.0,"Plot 87, Near Udhna Railway Junction, Udhna GIDC, Dindoli, Surat, Gujarat 394210"
4e8462c5-29b9-45b2-938f-2b553e8e1596,404-20-3008-12279,Vi,LTE,404,20,3008,12279,21.12198,72.86762,240.0,90.0,809.0,"Plot 87, Near Udhna Railway Junction, Udhna GIDC, Dindoli, Surat, Gujarat 394210"
80585db2-a675-4229-b1ee-ffb2850f0561,404-10-2037-12280,Airtel,LTE,404,10,2037,12280,21.15148,72.82032,0.0,90.0,749.0,"Plot 132, Near Dindoli Bridge, Udhna GIDC, Dindoli, Surat, Gujarat 394210"
0b666d8a-7506-4c53-b911-6976636263d8,405-867-1028-12281,Jio,NR,405,867,1028,12281,21.15148,72.82032,120.0,90.0,749.0,"Plot 132, Near Dindoli Bridge, Udhna GIDC, Dindoli, Surat, Gujarat 394210"
add4af84-0caa-449b-a2e0-6b0247b35779,405-867-1012-12282,Jio,LTE,405,867,1012,12282,21.15148,72.82032,240.0,90.0,749.0,"Plot 132, Near Dindoli Bridge, Udhna GIDC, Dindoli, Surat, Gujarat 394210"
dde66c9e-eec7-45c9-97ef-11b8174fb01c,405-867-1027-12283,Jio,LTE,405,867,1027,12283,21.14065,72.87238,0.0,90.0,779.0,"Plot 47, Near Navagam Karadva Road, Udhna GIDC, Dindoli, Surat, Gujarat 394210"
13e64f2a-90b7-41b2-a4f0-1afb54c968e2,404-10-2030-12284,Airtel,LTE,404,10,2030,12284,21.14065,72.87238,120.0,90.0,779.0,"Plot 47, Near Navagam Karadva Road, Udhna GIDC, Dindoli, Surat, Gujarat 394210"
7be270e3-b89c-44a6-9040-b3e710712e64,404-10-2021-12285,Airtel,GSM,404,10,2021,12285,21.14065,72.87238,240.0,90.0,779.0,"Plot 47, Near Navagam Karadva Road, Udhna GIDC, Dindoli, Surat, Gujarat 394210"
515b4f70-089f-4a26-99ed-588cf61df85e,404-20-3041-12286,Vi,LTE,404,20,3041,12286,21.15746,72.85435,100.7,360.0,655.0,"Plot 57, Near Dindoli Bridge, Udhna GIDC, Dindoli, Surat, Gujarat 394210"
164b3ec7-d256-48b7-b984-d228595f5204,405-867-1032-12287,Jio,LTE,405,867,1032,12287,21.12575,72.83093,119.2,90.0,710.0,"Plot 143, Near Navagam Karadva Road, Udhna GIDC, Dindoli, Surat, Gujarat 394210"
66eac97d-0b46-4a70-8d9e-7dea86a66eaa,404-20-3041-12288,Vi,GSM,404,20,3041,12288,21.15146,72.87244,0.0,90.0,1176.0,"Plot 66, Near Navagam Karadva Road, Udhna GIDC, Dindoli, Surat, Gujarat 394210"
d3eb2122-b8b0-486a-883e-5dc7c8b53779,405-867-1006-12289,Jio,NR,405,867,1006,12289,21.15146,72.87244,120.0,90.0,1176.0,"Plot 66, Near Navagam Karadva Road, Udhna GIDC, Dindoli, Surat, Gujarat 394210"
6a5f9cbf-b60e-4a8f-bfad-de70b85edcac,405-867-1024-12290,Jio,NR,405,867,1024,12290,21.15146,72.87244,240.0,90.0,1176.0,"Plot 66, Near Navagam Karadva Road, Udhna GIDC, Dindoli, Surat, Gujarat 394210"
39863f17-5d40-4b14-a57c-ba39ec9a6a2d,405-867-1002-12291,Jio,LTE,405,867,1002,12291,21.13589,72.87267,218.7,60.0,659.0,"Plot 120, Near Navagam Karadva Road, Udhna GIDC, Dindoli, Surat, Gujarat 394210"
d84740c9-ce40-4868-9c7f-309c28ee4630,405-867-1008-12292,Jio,LTE,405,867,1008,12292,21.14515,72.82676,0.0,90.0,1050.0,"Plot 61, Near Navagam Karadva Road, Udhna GIDC, Dindoli, Surat, Gujarat 394210"
2bf73590-69ff-4402-9531-6fdca739f37f,405-867-1008-12293,Jio,LTE,405,867,1008,12293,21.14515,72.82676,120.0,90.0,1050.0,"Plot 61, Near Navagam Karadva Road, Udhna GIDC, Dindoli, Surat, Gujarat 394210"
36a3ff8b-2691-45b9-8073-bff692b2a7a5,404-10-2011-12294,Airtel,LTE,404,10,2011,12294,21.14515,72.82676,240.0,90.0,1050.0,"Plot 61, Near Navagam Karadva Road, Udhna GIDC, Dindoli, Surat, Gujarat 394210"
cb934461-c538-4d5d-b7ff-58cc54e2d679,405-867-1021-12295,Jio,LTE,405,867,1021,12295,21.14831,72.81164,0.0,90.0,722.0,"Plot 141, Near Navagam Karadva Road, Udhna GIDC, Dindoli, Surat, Gujarat 394210"
7708233f-1e18-463b-93ff-98977695786f,404-20-3043-12296,Vi,LTE,404,20,3043,12296,21.14831,72.81164,120.0,90.0,722.0,"Plot 141, Near Navagam Karadva Road, Udhna GIDC, Dindoli, Surat, Gujarat 394210"
f69952ba-5284-4646-a2e2-e5234d3c7b4d,404-20-3041-12297,Vi,GSM,404,20,3041,12297,21.14831,72.81164,240.0,90.0,722.0,"Plot 141, Near Navagam Karadva Road, Udhna GIDC, Dindoli, Surat, Gujarat 394210"
6e4f5889-0f37-496e-943f-1fe8e68e2e89,404-20-3029-12298,Vi,LTE,404,20,3029,12298,21.13543,72.86763,0.0,90.0,1006.0,"Plot 58, Near Navagam Karadva Road, Udhna GIDC, Dindoli, Surat, Gujarat 394210"
31d87b26-2c21-4e85-9c5f-7e045585ef0d,405-867-1026-12299,Jio,NR,405,867,1026,12299,21.13543,72.86763,120.0,90.0,1006.0,"Plot 58, Near Navagam Karadva Road, Udhna GIDC, Dindoli, Surat, Gujarat 394210"
3f68c0ae-541a-463a-9f29-ea0f6431ca00,405-867-1022-12300,Jio,LTE,405,867,1022,12300,21.13543,72.86763,240.0,90.0,1006.0,"Plot 58, Near Navagam Karadva Road, Udhna GIDC, Dindoli, Surat, Gujarat 394210"
4b571589-e492-49ee-a7cf-c27ec5a39868,404-81-4041-12301,BSNL,GSM,404,81,4041,12301,21.14708,72.81763,0.0,90.0,928.0,"Plot 99, Near Udhna Railway Junction, Udhna GIDC, Dindoli, Surat, Gujarat 394210"
5baad3c9-48ff-4ad4-938e-dde3665e271a,405-867-1040-12302,Jio,LTE,405,867,1040,12302,21.14708,72.81763,120.0,90.0,928.0,"Plot 99, Near Udhna Railway Junction, Udhna GIDC, Dindoli, Surat, Gujarat 394210"
fa374238-1674-4783-afae-c9f815b09acf,404-10-2039-12303,Airtel,GSM,404,10,2039,12303,21.14708,72.81763,240.0,90.0,928.0,"Plot 99, Near Udhna Railway Junction, Udhna GIDC, Dindoli, Surat, Gujarat 394210"
e23edfaf-fd6b-4070-8b56-c00a30707657,404-10-2006-12304,Airtel,LTE,404,10,2006,12304,21.12666,72.83566,0.0,90.0,670.0,"Plot 84, Near Udhna Railway Junction, Udhna GIDC, Dindoli, Surat, Gujarat 394210"
8d21792d-74ca-4704-b68f-412cce401179,404-81-4039-12305,BSNL,GSM,404,81,4039,12305,21.12666,72.83566,120.0,90.0,670.0,"Plot 84, Near Udhna Railway Junction, Udhna GIDC, Dindoli, Surat, Gujarat 394210"
e69947e2-88fe-4114-b91c-2be105898a2b,404-20-3036-12306,Vi,LTE,404,20,3036,12306,21.12666,72.83566,240.0,90.0,670.0,"Plot 84, Near Udhna Railway Junction, Udhna GIDC, Dindoli, Surat, Gujarat 394210"
73197125-a8a9-4e25-8df6-2823b94cd2ea,405-867-1013-12307,Jio,NR,405,867,1013,12307,21.1309,72.84392,0.0,90.0,745.0,"Plot 118, Near Udhna GIDC Sector 1, Udhna GIDC, Dindoli, Surat, Gujarat 394210"
32a9e945-eecf-445f-8d21-769b325c3bf9,405-867-1002-12308,Jio,LTE,405,867,1002,12308,21.1309,72.84392,120.0,90.0,745.0,"Plot 118, Near Udhna GIDC Sector 1, Udhna GIDC, Dindoli, Surat, Gujarat 394210"
d237f1a7-9a39-41af-9f6b-7e584a713a82,405-867-1016-12309,Jio,LTE,405,867,1016,12309,21.1309,72.84392,240.0,90.0,745.0,"Plot 118, Near Udhna GIDC Sector 1, Udhna GIDC, Dindoli, Surat, Gujarat 394210"
250357bb-8f99-4c0c-9303-200816dee97e,404-10-2022-12310,Airtel,NR,404,10,2022,12310,21.13645,72.82428,0.0,90.0,1012.0,"Plot 46, Near Udhna GIDC Sector 1, Udhna GIDC, Dindoli, Surat, Gujarat 394210"
738cc0b5-5caa-470c-9b8c-5b930f0b5535,404-20-3016-12311,Vi,GSM,404,20,3016,12311,21.13645,72.82428,120.0,90.0,1012.0,"Plot 46, Near Udhna GIDC Sector 1, Udhna GIDC, Dindoli, Surat, Gujarat 394210"
e2f6f573-16a6-4384-8051-3c9809a026a1,405-867-1001-12312,Jio,NR,405,867,1001,12312,21.13645,72.82428,240.0,90.0,1012.0,"Plot 46, Near Udhna GIDC Sector 1, Udhna GIDC, Dindoli, Surat, Gujarat 394210"
a557a3d4-eb67-41fa-b2ce-bf9034338300,405-867-1017-12313,Jio,LTE,405,867,1017,12313,21.14477,72.81702,0.0,90.0,894.0,"Plot 134, Near Navagam Karadva Road, Udhna GIDC, Dindoli, Surat, Gujarat 394210"
65060f58-2eab-4f3f-9908-f1279958c9d0,404-20-3039-12314,Vi,LTE,404,20,3039,12314,21.14477,72.81702,120.0,90.0,894.0,"Plot 134, Near Navagam Karadva Road, Udhna GIDC, Dindoli, Surat, Gujarat 394210"
353982af-df21-4777-a181-04d99ae4b334,404-10-2002-12315,Airtel,LTE,404,10,2002,12315,21.14477,72.81702,240.0,90.0,894.0,"Plot 134, Near Navagam Karadva Road, Udhna GIDC, Dindoli, Surat, Gujarat 394210"
e367cd06-8cb3-40cc-97c5-ecadb0e41ee9,405-867-1033-12316,Jio,LTE,405,867,1033,12316,21.1184,72.8566,0.0,90.0,540.0,"Plot 75, Near Udhna Railway Junction, Udhna GIDC, Dindoli, Surat, Gujarat 394210"
bfeef6da-aedf-4bcf-b597-6323c204254d,404-10-2008-12317,Airtel,LTE,404,10,2008,12317,21.1184,72.8566,120.0,90.0,540.0,"Plot 75, Near Udhna Railway Junction, Udhna GIDC, Dindoli, Surat, Gujarat 394210"
db6acbe1-f4b8-45bf-955b-5e1423e74555,405-867-1038-12318,Jio,NR,405,867,1038,12318,21.1184,72.8566,240.0,90.0,540.0,"Plot 75, Near Udhna Railway Junction, Udhna GIDC, Dindoli, Surat, Gujarat 394210"
e4645083-61c3-4755-9da8-259e8b47c45d,405-867-1031-12319,Jio,LTE,405,867,1031,12319,21.14525,72.83326,0.0,90.0,847.0,"Plot 94, Near Udhna GIDC Sector 1, Udhna GIDC, Dindoli, Surat, Gujarat 394210"
5dfa213a-3a80-4a2b-9d85-826a6fe11cb1,405-867-1042-12320,Jio,LTE,405,867,1042,12320,21.14525,72.83326,120.0,90.0,847.0,"Plot 94, Near Udhna GIDC Sector 1, Udhna GIDC, Dindoli, Surat, Gujarat 394210"
378d5b0e-2afd-49b8-99eb-c4fe503e0e07,404-10-2032-12321,Airtel,LTE,404,10,2032,12321,21.14525,72.83326,240.0,90.0,847.0,"Plot 94, Near Udhna GIDC Sector 1, Udhna GIDC, Dindoli, Surat, Gujarat 394210"
3350e5c0-b04d-4a0a-89d7-6c0649ec8367,404-20-3037-12322,Vi,LTE,404,20,3037,12322,21.14543,72.81554,0.0,90.0,838.0,"Plot 76, Near Dindoli Bridge, Udhna GIDC, Dindoli, Surat, Gujarat 394210"
afcad31f-6b89-4e83-9776-4e2415f3ac09,405-867-1009-12323,Jio,LTE,405,867,1009,12323,21.14543,72.81554,120.0,90.0,838.0,"Plot 76, Near Dindoli Bridge, Udhna GIDC, Dindoli, Surat, Gujarat 394210"
8c656f49-a845-4e5c-add8-695578a6bd8b,405-867-1015-12324,Jio,LTE,405,867,1015,12324,21.14543,72.81554,240.0,90.0,838.0,"Plot 76, Near Dindoli Bridge, Udhna GIDC, Dindoli, Surat, Gujarat 394210"
25215ac8-43b4-44ad-a6ba-8ceb42b870a1,404-10-2029-12325,Airtel,LTE,404,10,2029,12325,21.16234,72.82758,0.0,90.0,662.0,"Plot 79, Near Dindoli Bridge, Udhna GIDC, Dindoli, Surat, Gujarat 394210"
88e62e75-a152-42c9-a42b-1c4a6a1dd65a,404-10-2045-12326,Airtel,LTE,404,10,2045,12326,21.16234,72.82758,120.0,90.0,662.0,"Plot 79, Near Dindoli Bridge, Udhna GIDC, Dindoli, Surat, Gujarat 394210"
65ecb22a-c43d-49c2-b92a-52d11dd8cc09,405-867-1025-12327,Jio,LTE,405,867,1025,12327,21.16234,72.82758,240.0,90.0,662.0,"Plot 79, Near Dindoli Bridge, Udhna GIDC, Dindoli, Surat, Gujarat 394210"
058138b4-2e91-44cc-b959-71523f02c292,405-867-1033-12328,Jio,LTE,405,867,1033,12328,21.1443,72.86139,0.0,90.0,1098.0,"Plot 150, Near Udhna GIDC Sector 1, Udhna GIDC, Dindoli, Surat, Gujarat 394210"
5a5fcdd3-2caf-41f4-8130-55f311c30e0d,404-20-3026-12329,Vi,GSM,404,20,3026,12329,21.1443,72.86139,120.0,90.0,1098.0,"Plot 150, Near Udhna GIDC Sector 1, Udhna GIDC, Dindoli, Surat, Gujarat 394210"
18323d34-c0f5-48c8-9173-bdf0dea2dd46,405-867-1023-12330,Jio,NR,405,867,1023,12330,21.1443,72.86139,240.0,90.0,1098.0,"Plot 150, Near Udhna GIDC Sector 1, Udhna GIDC, Dindoli, Surat, Gujarat 394210"
cce3f69f-39d5-4331-a0a3-ab8c85b4b5a3,404-10-2031-12331,Airtel,NR,404,10,2031,12331,21.13,72.82457,0.0,90.0,996.0,"Plot 134, Near Dindoli Bridge, Udhna GIDC, Dindoli, Surat, Gujarat 394210"
35b12e1c-fbc3-460f-9c3c-0a6c4ace1f5b,405-867-1001-12332,Jio,NR,405,867,1001,12332,21.13,72.82457,120.0,90.0,996.0,"Plot 134, Near Dindoli Bridge, Udhna GIDC, Dindoli, Surat, Gujarat 394210"
45fbd37d-b46a-4f2a-ac17-b041012ce011,404-10-2015-12333,Airtel,LTE,404,10,2015,12333,21.13,72.82457,240.0,90.0,996.0,"Plot 134, Near Dindoli Bridge, Udhna GIDC, Dindoli, Surat, Gujarat 394210"
4ccaa3a7-8ed3-49ff-b748-0e5e4060d2b3,405-867-1041-12334,Jio,LTE,405,867,1041,12334,21.13947,72.86017,0.0,90.0,865.0,"Plot 31, Near Dindoli Bridge, Udhna GIDC, Dindoli, Surat, Gujarat 394210"
ddee28ed-e26d-4055-9f00-e11fb711f6ac,404-20-3034-12335,Vi,GSM,404,20,3034,12335,21.13947,72.86017,120.0,90.0,865.0,"Plot 31, Near Dindoli Bridge, Udhna GIDC, Dindoli, Surat, Gujarat 394210"
c40750ff-59fa-46f4-a4b4-2273515038a6,404-20-3024-12336,Vi,LTE,404,20,3024,12336,21.13947,72.86017,240.0,90.0,865.0,"Plot 31, Near Dindoli Bridge, Udhna GIDC, Dindoli, Surat, Gujarat 394210"
1e82cfc6-e5b1-49d4-badb-41d96736b15b,404-10-2035-12337,Airtel,LTE,404,10,2035,12337,21.13471,72.82654,0.0,90.0,777.0,"Plot 85, Near Udhna Railway Junction, Udhna GIDC, Dindoli, Surat, Gujarat 394210"
8ea7b332-f9d1-4201-b015-2d5347fa6727,404-20-3004-12338,Vi,GSM,404,20,3004,12338,21.13471,72.82654,120.0,90.0,777.0,"Plot 85, Near Udhna Railway Junction, Udhna GIDC, Dindoli, Surat, Gujarat 394210"
5edc3a1d-8e98-4d62-88aa-fee6ab6fc2da,405-867-1016-12339,Jio,LTE,405,867,1016,12339,21.13471,72.82654,240.0,90.0,777.0,"Plot 85, Near Udhna Railway Junction, Udhna GIDC, Dindoli, Surat, Gujarat 394210"
05dcbb36-4148-4802-a0c6-8faa2b26935d,405-867-1018-12340,Jio,NR,405,867,1018,12340,21.14396,72.8741,0.0,90.0,967.0,"Plot 59, Near Udhna GIDC Sector 1, Udhna GIDC, Dindoli, Surat, Gujarat 394210"
af9fa5b1-5618-4f13-8569-547eb0f73510,404-10-2013-12341,Airtel,LTE,404,10,2013,12341,21.14396,72.8741,120.0,90.0,967.0,"Plot 59, Near Udhna GIDC Sector 1, Udhna GIDC, Dindoli, Surat, Gujarat 394210"
d0fb5841-c1ce-4f0d-9312-b2bc5385c901,404-10-2009-12342,Airtel,GSM,404,10,2009,12342,21.14396,72.8741,240.0,90.0,967.0,"Plot 59, Near Udhna GIDC Sector 1, Udhna GIDC, Dindoli, Surat, Gujarat 394210"
7dd2d224-93c0-45a0-8d2f-5a5ab6834d1e,405-867-1004-12343,Jio,LTE,405,867,1004,12343,21.13673,72.84373,0.0,90.0,1095.0,"Plot 63, Near Udhna GIDC Sector 1, Udhna GIDC, Dindoli, Surat, Gujarat 394210"
9f94e381-8533-4cca-b879-fac118489f16,405-867-1013-12344,Jio,LTE,405,867,1013,12344,21.13673,72.84373,120.0,90.0,1095.0,"Plot 63, Near Udhna GIDC Sector 1, Udhna GIDC, Dindoli, Surat, Gujarat 394210"
9adee3dd-5c44-424a-9abd-6c106e8a14fb,405-867-1031-12345,Jio,LTE,405,867,1031,12345,21.13673,72.84373,240.0,90.0,1095.0,"Plot 63, Near Udhna GIDC Sector 1, Udhna GIDC, Dindoli, Surat, Gujarat 394210"
88dc38d0-cebe-4f80-95cd-64b53177a34d,404-10-2008-12346,Airtel,NR,404,10,2008,12346,21.15257,72.86865,0.0,90.0,509.0,"Plot 125, Near Udhna GIDC Sector 1, Udhna GIDC, Dindoli, Surat, Gujarat 394210"
0cef966c-f6da-44f2-880c-c4342373b887,404-10-2042-12347,Airtel,LTE,404,10,2042,12347,21.15257,72.86865,120.0,90.0,509.0,"Plot 125, Near Udhna GIDC Sector 1, Udhna GIDC, Dindoli, Surat, Gujarat 394210"
6912939d-ea3d-4656-a519-7eab6620bbdd,405-867-1040-12348,Jio,NR,405,867,1040,12348,21.15257,72.86865,240.0,90.0,509.0,"Plot 125, Near Udhna GIDC Sector 1, Udhna GIDC, Dindoli, Surat, Gujarat 394210"
48cc41e6-5069-428d-997f-2f5a40a7eb23,404-10-2031-12349,Airtel,LTE,404,10,2031,12349,21.14609,72.81134,0.0,90.0,1004.0,"Plot 105, Near Dindoli Bridge, Udhna GIDC, Dindoli, Surat, Gujarat 394210"
d0e7e0d7-85d1-4045-be1b-6d7bcf55a457,404-10-2020-12350,Airtel,GSM,404,10,2020,12350,21.14609,72.81134,120.0,90.0,1004.0,"Plot 105, Near Dindoli Bridge, Udhna GIDC, Dindoli, Surat, Gujarat 394210"
36daca5a-f63c-49ea-8118-cc3237ee89f7,405-867-1022-12351,Jio,LTE,405,867,1022,12351,21.14609,72.81134,240.0,90.0,1004.0,"Plot 105, Near Dindoli Bridge, Udhna GIDC, Dindoli, Surat, Gujarat 394210"
cf7a41ef-5e59-4a9d-968e-782c5a1fec2e,405-867-1033-12352,Jio,NR,405,867,1033,12352,21.14125,72.87011,264.8,60.0,624.0,"Plot 113, Near Dindoli Bridge, Udhna GIDC, Dindoli, Surat, Gujarat 394210"
751f1dd8-c59c-43af-a9df-fd609603ae37,404-20-3041-12353,Vi,LTE,404,20,3041,12353,21.13217,72.84758,0.0,90.0,596.0,"Plot 111, Near Udhna Railway Junction, Udhna GIDC, Dindoli, Surat, Gujarat 394210"
175c3d4a-aed5-491d-8c38-2e858c47c698,404-10-2013-12354,Airtel,NR,404,10,2013,12354,21.13217,72.84758,120.0,90.0,596.0,"Plot 111, Near Udhna Railway Junction, Udhna GIDC, Dindoli, Surat, Gujarat 394210"
a992fa51-44d4-4b78-aebb-8ee73289c592,404-20-3014-12355,Vi,GSM,404,20,3014,12355,21.13217,72.84758,240.0,90.0,596.0,"Plot 111, Near Udhna Railway Junction, Udhna GIDC, Dindoli, Surat, Gujarat 394210"
a65a71b8-31d1-4fb4-8eca-7d70c954a3c1,405-867-1021-12356,Jio,LTE,405,867,1021,12356,21.1388,72.86269,0.0,90.0,1124.0,"Plot 27, Near Navagam Karadva Road, Udhna GIDC, Dindoli, Surat, Gujarat 394210"
eed322ef-9910-42dc-abd0-d84878f157f2,405-867-1011-12357,Jio,NR,405,867,1011,12357,21.1388,72.86269,120.0,90.0,1124.0,"Plot 27, Near Navagam Karadva Road, Udhna GIDC, Dindoli, Surat, Gujarat 394210"
c848b298-ec9b-43dc-96e9-be098f8ff6ee,404-20-3011-12358,Vi,LTE,404,20,3011,12358,21.1388,72.86269,240.0,90.0,1124.0,"Plot 27, Near Navagam Karadva Road, Udhna GIDC, Dindoli, Surat, Gujarat 394210"
a3f97f81-290c-4b27-947a-ddbd3a0387a4,405-867-1020-12359,Jio,LTE,405,867,1020,12359,21.13458,72.8667,0.0,90.0,775.0,"Plot 107, Near Navagam Karadva Road, Udhna GIDC, Dindoli, Surat, Gujarat 394210"
3aae1684-312a-4d50-9943-d53989ccd718,405-867-1023-12360,Jio,LTE,405,867,1023,12360,21.13458,72.8667,120.0,90.0,775.0,"Plot 107, Near Navagam Karadva Road, Udhna GIDC, Dindoli, Surat, Gujarat 394210"
01ca7340-e1d8-4aed-8d38-7e57470bea53,404-20-3020-12361,Vi,LTE,404,20,3020,12361,21.13458,72.8667,240.0,90.0,775.0,"Plot 107, Near Navagam Karadva Road, Udhna GIDC, Dindoli, Surat, Gujarat 394210"
29ec7b2c-c240-4081-b800-267fb466f2c6,405-867-1042-12362,Jio,LTE,405,867,1042,12362,21.12722,72.85467,0.0,90.0,913.0,"Plot 2, Near Navagam Karadva Road, Udhna GIDC, Dindoli, Surat, Gujarat 394210"
7db96710-66df-41d0-a30d-0ff1d60da320,404-20-3018-12363,Vi,GSM,404,20,3018,12363,21.12722,72.85467,120.0,90.0,913.0,"Plot 2, Near Navagam Karadva Road, Udhna GIDC, Dindoli, Surat, Gujarat 394210"
e2636a46-4b2f-4e3a-9d41-c31a6247a8bf,405-867-1014-12364,Jio,LTE,405,867,1014,12364,21.12722,72.85467,240.0,90.0,913.0,"Plot 2, Near Navagam Karadva Road, Udhna GIDC, Dindoli, Surat, Gujarat 394210"
aa642d35-15c5-440f-9ee2-406ea2d8592e,405-867-1013-12365,Jio,LTE,405,867,1013,12365,21.13651,72.83023,0.0,90.0,891.0,"Plot 7, Near Dindoli Bridge, Udhna GIDC, Dindoli, Surat, Gujarat 394210"
592f9dde-f7a9-44ee-8fca-253b0f7ce02c,404-20-3029-12366,Vi,LTE,404,20,3029,12366,21.13651,72.83023,120.0,90.0,891.0,"Plot 7, Near Dindoli Bridge, Udhna GIDC, Dindoli, Surat, Gujarat 394210"
547b764a-9fd8-41a9-a208-57fb3586e5c0,404-20-3016-12367,Vi,LTE,404,20,3016,12367,21.13651,72.83023,240.0,90.0,891.0,"Plot 7, Near Dindoli Bridge, Udhna GIDC, Dindoli, Surat, Gujarat 394210"
91f3de73-9790-4754-b857-079a0fa86450,404-10-2032-12368,Airtel,GSM,404,10,2032,12368,21.15933,72.86936,0.0,90.0,899.0,"Plot 12, Near Navagam Karadva Road, Udhna GIDC, Dindoli, Surat, Gujarat 394210"
0440275d-e34e-4059-8f2f-a61560813877,405-867-1038-12369,Jio,NR,405,867,1038,12369,21.15933,72.86936,120.0,90.0,899.0,"Plot 12, Near Navagam Karadva Road, Udhna GIDC, Dindoli, Surat, Gujarat 394210"
7e2520f6-46d6-4cf6-bbba-d0c36d2cabbb,405-867-1041-12370,Jio,LTE,405,867,1041,12370,21.15933,72.86936,240.0,90.0,899.0,"Plot 12, Near Navagam Karadva Road, Udhna GIDC, Dindoli, Surat, Gujarat 394210"
12f99266-67cf-4c21-83bb-2b27a528450d,405-867-1027-12371,Jio,NR,405,867,1027,12371,21.13223,72.8658,47.0,360.0,518.0,"Plot 73, Near Navagam Karadva Road, Udhna GIDC, Dindoli, Surat, Gujarat 394210"
31eae846-6db2-4968-884d-ab6fa97c9ab5,405-867-1035-12372,Jio,LTE,405,867,1035,12372,21.15828,72.81676,0.0,90.0,590.0,"Plot 147, Near Dindoli Bridge, Udhna GIDC, Dindoli, Surat, Gujarat 394210"
c0468040-fd0d-4355-a0d9-9e0a03843d7b,404-20-3034-12373,Vi,LTE,404,20,3034,12373,21.15828,72.81676,120.0,90.0,590.0,"Plot 147, Near Dindoli Bridge, Udhna GIDC, Dindoli, Surat, Gujarat 394210"
56d37428-eacc-4fbf-90cd-af47f656763f,404-20-3009-12374,Vi,LTE,404,20,3009,12374,21.15828,72.81676,240.0,90.0,590.0,"Plot 147, Near Dindoli Bridge, Udhna GIDC, Dindoli, Surat, Gujarat 394210"
703210e0-1cf1-499c-9890-4ca6956b7b81,404-20-3021-12375,Vi,LTE,404,20,3021,12375,21.14621,72.83569,0.0,90.0,956.0,"Plot 93, Near Dindoli Bridge, Udhna GIDC, Dindoli, Surat, Gujarat 394210"
b868cace-78b8-4b5e-a9d3-8cb4e2d6e003,405-867-1022-12376,Jio,LTE,405,867,1022,12376,21.14621,72.83569,120.0,90.0,956.0,"Plot 93, Near Dindoli Bridge, Udhna GIDC, Dindoli, Surat, Gujarat 394210"
10975235-f753-4b7e-99ee-8d116f936a05,405-867-1017-12377,Jio,NR,405,867,1017,12377,21.14621,72.83569,240.0,90.0,956.0,"Plot 93, Near Dindoli Bridge, Udhna GIDC, Dindoli, Surat, Gujarat 394210"
72beb1f3-157a-411f-9b6f-4603192a355d,405-867-1034-12378,Jio,LTE,405,867,1034,12378,21.14408,72.87427,143.8,90.0,706.0,"Plot 36, Near Udhna Railway Junction, Udhna GIDC, Dindoli, Surat, Gujarat 394210"
01cdefa3-7ec2-4cff-80f3-a60b39b3b569,404-81-4021-12379,BSNL,LTE,404,81,4021,12379,21.17415,72.85744,0.0,90.0,532.0,"Plot 5, Near Dindoli Bridge, Udhna GIDC, Dindoli, Surat, Gujarat 394210"
577b34c1-3823-41be-88d2-ff895e289934,404-20-3037-12380,Vi,LTE,404,20,3037,12380,21.17415,72.85744,120.0,90.0,532.0,"Plot 5, Near Dindoli Bridge, Udhna GIDC, Dindoli, Surat, Gujarat 394210"
5d871eac-fbb6-40bb-a811-85257c4adf85,405-867-1005-12381,Jio,LTE,405,867,1005,12381,21.17415,72.85744,240.0,90.0,532.0,"Plot 5, Near Dindoli Bridge, Udhna GIDC, Dindoli, Surat, Gujarat 394210"
2a5b315c-efa7-4fe9-aadc-9a75efb9c8db,404-20-3030-12382,Vi,LTE,404,20,3030,12382,21.11646,72.83169,0.0,90.0,1025.0,"Plot 137, Near Udhna Railway Junction, Udhna GIDC, Dindoli, Surat, Gujarat 394210"
4b45bc00-faf4-4d65-b32a-b28f6aab9ec2,404-10-2005-12383,Airtel,GSM,404,10,2005,12383,21.11646,72.83169,120.0,90.0,1025.0,"Plot 137, Near Udhna Railway Junction, Udhna GIDC, Dindoli, Surat, Gujarat 394210"
20a7ba62-dc41-4e1f-a23a-3abf4b1d3476,404-20-3018-12384,Vi,LTE,404,20,3018,12384,21.11646,72.83169,240.0,90.0,1025.0,"Plot 137, Near Udhna Railway Junction, Udhna GIDC, Dindoli, Surat, Gujarat 394210"
39b49886-04b6-4263-9c96-59d9b1a130eb,404-10-2028-12385,Airtel,LTE,404,10,2028,12385,21.11593,72.85182,226.7,90.0,616.0,"Plot 85, Near Udhna GIDC Sector 1, Udhna GIDC, Dindoli, Surat, Gujarat 394210"
b66df680-a664-4877-a282-fb743f85a68b,405-867-1028-12386,Jio,LTE,405,867,1028,12386,21.16046,72.83118,0.0,90.0,899.0,"Plot 2, Near Dindoli Bridge, Udhna GIDC, Dindoli, Surat, Gujarat 394210"
b25882ba-9199-429c-aa1e-6f395d52f655,405-867-1038-12387,Jio,NR,405,867,1038,12387,21.16046,72.83118,120.0,90.0,899.0,"Plot 2, Near Dindoli Bridge, Udhna GIDC, Dindoli, Surat, Gujarat 394210"
bfb5d922-d0e4-4250-b5ba-5d0cd5780357,404-10-2030-12388,Airtel,LTE,404,10,2030,12388,21.16046,72.83118,240.0,90.0,899.0,"Plot 2, Near Dindoli Bridge, Udhna GIDC, Dindoli, Surat, Gujarat 394210"
000f71e5-ee96-408d-a2d7-4530965d6c19,405-867-1002-12389,Jio,LTE,405,867,1002,12389,21.13681,72.83231,0.0,90.0,651.0,"Plot 148, Near Dindoli Bridge, Udhna GIDC, Dindoli, Surat, Gujarat 394210"
805b82c5-eaef-40f5-a337-2fd44b244596,404-10-2003-12390,Airtel,GSM,404,10,2003,12390,21.13681,72.83231,120.0,90.0,651.0,"Plot 148, Near Dindoli Bridge, Udhna GIDC, Dindoli, Surat, Gujarat 394210"
22dabf2e-f356-401a-af54-86d942c7fb73,404-20-3005-12391,Vi,LTE,404,20,3005,12391,21.13681,72.83231,240.0,90.0,651.0,"Plot 148, Near Dindoli Bridge, Udhna GIDC, Dindoli, Surat, Gujarat 394210"
10d3d1b7-ad75-4930-a9ef-44d01640270d,405-867-1014-12392,Jio,LTE,405,867,1014,12392,21.13663,72.86196,0.0,90.0,667.0,"Plot 54, Near Udhna GIDC Sector 1, Udhna GIDC, Dindoli, Surat, Gujarat 394210"
2e966c05-6367-47de-af93-c4d645383233,404-20-3029-12393,Vi,LTE,404,20,3029,12393,21.13663,72.86196,120.0,90.0,667.0,"Plot 54, Near Udhna GIDC Sector 1, Udhna GIDC, Dindoli, Surat, Gujarat 394210"
1fe5d260-ca39-4eb1-bee8-f63092e9bcc1,405-867-1002-12394,Jio,NR,405,867,1002,12394,21.13663,72.86196,240.0,90.0,667.0,"Plot 54, Near Udhna GIDC Sector 1, Udhna GIDC, Dindoli, Surat, Gujarat 394210"
2f016192-02cf-46ef-9953-3bcb808a52bc,404-20-3008-12395,Vi,LTE,404,20,3008,12395,21.11943,72.85508,153.5,60.0,552.0,"Plot 98, Near Udhna GIDC Sector 1, Udhna GIDC, Dindoli, Surat, Gujarat 394210"
4a6af7c8-308c-4bd4-bb18-917a8c207bb7,404-81-4023-12396,BSNL,LTE,404,81,4023,12396,21.15627,72.85297,0.0,90.0,623.0,"Plot 42, Near Udhna Railway Junction, Udhna GIDC, Dindoli, Surat, Gujarat 394210"
3a2fb25b-72a7-4c91-b97e-61b700735e57,404-20-3013-12397,Vi,LTE,404,20,3013,12397,21.15627,72.85297,120.0,90.0,623.0,"Plot 42, Near Udhna Railway Junction, Udhna GIDC, Dindoli, Surat, Gujarat 394210"
6aea8fb5-b5e1-4b1a-8b6b-a3c7cee7d299,405-867-1033-12398,Jio,LTE,405,867,1033,12398,21.15627,72.85297,240.0,90.0,623.0,"Plot 42, Near Udhna Railway Junction, Udhna GIDC, Dindoli, Surat, Gujarat 394210"
3bfd3dfe-f025-4b84-b3a5-1f71b9299f2a,404-81-4024-12399,BSNL,GSM,404,81,4024,12399,21.13471,72.85836,133.0,90.0,602.0,"Plot 117, Near Udhna Railway Junction, Udhna GIDC, Dindoli, Surat, Gujarat 394210"
e20856a4-98a1-451c-a9d9-431c82118a43,404-10-2031-12400,Airtel,NR,404,10,2031,12400,21.17221,72.83465,0.0,90.0,586.0,"Plot 77, Near Navagam Karadva Road, Udhna GIDC, Dindoli, Surat, Gujarat 394210"
cb33e85a-ab28-4b61-a6b0-c043629c5afb,405-867-1042-12401,Jio,NR,405,867,1042,12401,21.17221,72.83465,120.0,90.0,586.0,"Plot 77, Near Navagam Karadva Road, Udhna GIDC, Dindoli, Surat, Gujarat 394210"
2d1977dc-0baf-4704-bdd5-899c7fbda159,404-20-3016-12402,Vi,LTE,404,20,3016,12402,21.17221,72.83465,240.0,90.0,586.0,"Plot 77, Near Navagam Karadva Road, Udhna GIDC, Dindoli, Surat, Gujarat 394210"
25a31f95-72c7-444e-a92c-bdfc86bc7c73,405-867-1043-12403,Jio,NR,405,867,1043,12403,21.21665,72.7886,0.0,90.0,489.0,"Plot 36, Near Jahangirpura ISKCON Temple, Jahangirpura, Rander Road, Surat, Gujarat 395005"
b61071ee-8ac1-413e-88e1-d8b41d0b870d,405-867-1011-12404,Jio,LTE,405,867,1011,12404,21.21665,72.7886,120.0,90.0,489.0,"Plot 36, Near Jahangirpura ISKCON Temple, Jahangirpura, Rander Road, Surat, Gujarat 395005"
ffc40ea0-bf63-4c15-9699-c87525336e10,405-867-1034-12405,Jio,LTE,405,867,1034,12405,21.21665,72.7886,240.0,90.0,489.0,"Plot 36, Near Jahangirpura ISKCON Temple, Jahangirpura, Rander Road, Surat, Gujarat 395005"
51e808d4-7790-4984-b803-810b17063cb6,404-20-3014-12406,Vi,LTE,404,20,3014,12406,21.23777,72.77959,0.0,90.0,562.0,"Plot 94, Near Jahangirpura ISKCON Temple, Jahangirpura, Rander Road, Surat, Gujarat 395005"
402eb544-d953-49c5-bbdf-dda025d5c6a8,405-867-1017-12407,Jio,LTE,405,867,1017,12407,21.23777,72.77959,120.0,90.0,562.0,"Plot 94, Near Jahangirpura ISKCON Temple, Jahangirpura, Rander Road, Surat, Gujarat 395005"
92a917e5-870d-4b0b-858d-dc1d3d59f432,404-10-2002-12408,Airtel,LTE,404,10,2002,12408,21.23777,72.77959,240.0,90.0,562.0,"Plot 94, Near Jahangirpura ISKCON Temple, Jahangirpura, Rander Road, Surat, Gujarat 395005"
bac0e583-751f-416d-98e1-86229938b180,404-10-2034-12409,Airtel,NR,404,10,2034,12409,21.2025,72.80883,0.0,90.0,497.0,"Plot 37, Near Rander Town Circle, Jahangirpura, Rander Road, Surat, Gujarat 395005"
f3fa520c-065e-4678-a567-a884f97af4f9,405-867-1023-12410,Jio,LTE,405,867,1023,12410,21.2025,72.80883,120.0,90.0,497.0,"Plot 37, Near Rander Town Circle, Jahangirpura, Rander Road, Surat, Gujarat 395005"
6c02b5bf-9f92-4f53-ba7e-ff0f72f7fc8f,404-20-3005-12411,Vi,LTE,404,20,3005,12411,21.2025,72.80883,240.0,90.0,497.0,"Plot 37, Near Rander Town Circle, Jahangirpura, Rander Road, Surat, Gujarat 395005"
7619dd08-712f-4aa1-b0eb-2f3f9b0ae41a,405-867-1017-12412,Jio,LTE,405,867,1017,12412,21.22926,72.79805,0.0,90.0,450.0,"Plot 138, Near Ramnath Ghela Temple, Jahangirpura, Rander Road, Surat, Gujarat 395005"
3b902ce7-1087-40aa-9c73-94006520868c,405-867-1024-12413,Jio,LTE,405,867,1024,12413,21.22926,72.79805,120.0,90.0,450.0,"Plot 138, Near Ramnath Ghela Temple, Jahangirpura, Rander Road, Surat, Gujarat 395005"
9b57d639-ea69-4dd9-9d50-038aa1b54b31,404-81-4007-12414,BSNL,LTE,404,81,4007,12414,21.22926,72.79805,240.0,90.0,450.0,"Plot 138, Near Ramnath Ghela Temple, Jahangirpura, Rander Road, Surat, Gujarat 395005"
7fbd3d8e-0bac-46ec-90c3-23c0e2aa8b31,404-20-3043-12415,Vi,LTE,404,20,3043,12415,21.1918,72.7885,0.0,90.0,582.0,"Plot 33, Near Jahangirpura ISKCON Temple, Jahangirpura, Rander Road, Surat, Gujarat 395005"
2055ace2-7f59-4911-96c2-920a4af7cbd1,405-867-1026-12416,Jio,LTE,405,867,1026,12416,21.1918,72.7885,120.0,90.0,582.0,"Plot 33, Near Jahangirpura ISKCON Temple, Jahangirpura, Rander Road, Surat, Gujarat 395005"
4d3a361a-6d77-44f2-912f-773fe9865f8d,405-867-1016-12417,Jio,LTE,405,867,1016,12417,21.1918,72.7885,240.0,90.0,582.0,"Plot 33, Near Jahangirpura ISKCON Temple, Jahangirpura, Rander Road, Surat, Gujarat 395005"
0c2274ce-3670-4e57-9b94-c874439c4fea,404-10-2037-12418,Airtel,LTE,404,10,2037,12418,21.21677,72.79759,0.0,90.0,923.0,"Plot 85, Near Gorat Road, Jahangirpura, Rander Road, Surat, Gujarat 395005"
fe38e6e1-0c86-4e92-a2be-80a03a6a5ee7,404-81-4009-12419,BSNL,GSM,404,81,4009,12419,21.21677,72.79759,120.0,90.0,923.0,"Plot 85, Near Gorat Road, Jahangirpura, Rander Road, Surat, Gujarat 395005"
b62782be-fa85-4449-af8b-0725e0357c04,405-867-1010-12420,Jio,LTE,405,867,1010,12420,21.21677,72.79759,240.0,90.0,923.0,"Plot 85, Near Gorat Road, Jahangirpura, Rander Road, Surat, Gujarat 395005"
2e4dad8a-575a-447e-bffd-c841961e787f,404-81-4041-12421,BSNL,GSM,404,81,4041,12421,21.19205,72.77159,0.0,90.0,652.0,"Plot 99, Near Rander Town Circle, Jahangirpura, Rander Road, Surat, Gujarat 395005"
a96fb97d-6517-4ec1-ab21-9c2e4c31f767,405-867-1011-12422,Jio,NR,405,867,1011,12422,21.19205,72.77159,120.0,90.0,652.0,"Plot 99, Near Rander Town Circle, Jahangirpura, Rander Road, Surat, Gujarat 395005"
d48dec79-2d9b-41d1-b4d2-d02456cc03dd,405-867-1031-12423,Jio,LTE,405,867,1031,12423,21.19205,72.77159,240.0,90.0,652.0,"Plot 99, Near Rander Town Circle, Jahangirpura, Rander Road, Surat, Gujarat 395005"
d29029f2-bd76-4d3a-a612-5797303eaf2b,404-10-2008-12424,Airtel,LTE,404,10,2008,12424,21.19908,72.78674,0.0,90.0,914.0,"Plot 116, Near Ramnath Ghela Temple, Jahangirpura, Rander Road, Surat, Gujarat 395005"
6a1ad36f-f9f7-476c-9416-87f0b61260c1,404-20-3033-12425,Vi,LTE,404,20,3033,12425,21.19908,72.78674,120.0,90.0,914.0,"Plot 116, Near Ramnath Ghela Temple, Jahangirpura, Rander Road, Surat, Gujarat 395005"
ffb58aad-64ef-4835-ab8e-edee8ac59ae9,404-20-3012-12426,Vi,LTE,404,20,3012,12426,21.19908,72.78674,240.0,90.0,914.0,"Plot 116, Near Ramnath Ghela Temple, Jahangirpura, Rander Road, Surat, Gujarat 395005"
51b235c2-4b48-4601-869f-57d028556ec6,404-10-2034-12427,Airtel,LTE,404,10,2034,12427,21.21419,72.81106,0.0,90.0,548.0,"Plot 141, Near Ramnath Ghela Temple, Jahangirpura, Rander Road, Surat, Gujarat 395005"
0507517a-5e2c-4d07-988d-7f39ee8f181e,405-867-1028-12428,Jio,NR,405,867,1028,12428,21.21419,72.81106,120.0,90.0,548.0,"Plot 141, Near Ramnath Ghela Temple, Jahangirpura, Rander Road, Surat, Gujarat 395005"
268338e2-777a-4014-9439-bbb735b0992d,404-10-2009-12429,Airtel,GSM,404,10,2009,12429,21.21419,72.81106,240.0,90.0,548.0,"Plot 141, Near Ramnath Ghela Temple, Jahangirpura, Rander Road, Surat, Gujarat 395005"
39219ea0-bdda-413d-9c6f-ff43e3cbcaf4,405-867-1029-12430,Jio,LTE,405,867,1029,12430,21.23712,72.80103,0.0,90.0,752.0,"Plot 31, Near Rander Town Circle, Jahangirpura, Rander Road, Surat, Gujarat 395005"
0e7dbefa-c56a-46c7-930a-ce7e58618f06,405-867-1006-12431,Jio,NR,405,867,1006,12431,21.23712,72.80103,120.0,90.0,752.0,"Plot 31, Near Rander Town Circle, Jahangirpura, Rander Road, Surat, Gujarat 395005"
ee55a66f-a299-4a73-b4e6-2ec1ad2611e4,404-81-4012-12432,BSNL,LTE,404,81,4012,12432,21.23712,72.80103,240.0,90.0,752.0,"Plot 31, Near Rander Town Circle, Jahangirpura, Rander Road, Surat, Gujarat 395005"
18b87cf5-c2f8-4111-8a10-6790f286a01a,404-20-3023-12433,Vi,LTE,404,20,3023,12433,21.19402,72.80189,0.0,90.0,677.0,"Plot 37, Near Jahangirpura ISKCON Temple, Jahangirpura, Rander Road, Surat, Gujarat 395005"
a289be48-f2c6-46d2-876f-30789442f2be,404-10-2037-12434,Airtel,NR,404,10,2037,12434,21.19402,72.80189,120.0,90.0,677.0,"Plot 37, Near Jahangirpura ISKCON Temple, Jahangirpura, Rander Road, Surat, Gujarat 395005"
138f24bb-a3bc-4586-ab02-b77c38978d66,404-20-3035-12435,Vi,LTE,404,20,3035,12435,21.19402,72.80189,240.0,90.0,677.0,"Plot 37, Near Jahangirpura ISKCON Temple, Jahangirpura, Rander Road, Surat, Gujarat 395005"
60acacdd-17c7-4d06-a100-a9af46ded6fc,404-10-2015-12436,Airtel,NR,404,10,2015,12436,21.20642,72.79575,0.0,90.0,619.0,"Plot 96, Near Jahangirpura ISKCON Temple, Jahangirpura, Rander Road, Surat, Gujarat 395005"
e7781b8a-3ce5-4590-a0fd-9a8eec8bb3d5,404-20-3010-12437,Vi,GSM,404,20,3010,12437,21.20642,72.79575,120.0,90.0,619.0,"Plot 96, Near Jahangirpura ISKCON Temple, Jahangirpura, Rander Road, Surat, Gujarat 395005"
6c81c366-d8ae-4b31-8c9f-32e4d64fb77c,404-10-2028-12438,Airtel,GSM,404,10,2028,12438,21.20642,72.79575,240.0,90.0,619.0,"Plot 96, Near Jahangirpura ISKCON Temple, Jahangirpura, Rander Road, Surat, Gujarat 395005"
87a4fc7e-1e07-4759-85bc-0ce9d2cca5ea,404-81-4030-12439,BSNL,LTE,404,81,4030,12439,21.22409,72.77296,0.0,90.0,984.0,"Plot 76, Near Ramnath Ghela Temple, Jahangirpura, Rander Road, Surat, Gujarat 395005"
cdba29e9-d918-41c7-b1a3-74965174ddff,405-867-1020-12440,Jio,LTE,405,867,1020,12440,21.22409,72.77296,120.0,90.0,984.0,"Plot 76, Near Ramnath Ghela Temple, Jahangirpura, Rander Road, Surat, Gujarat 395005"
9a80087e-ffe7-4ce4-bea9-effa0e593204,405-867-1036-12441,Jio,LTE,405,867,1036,12441,21.22409,72.77296,240.0,90.0,984.0,"Plot 76, Near Ramnath Ghela Temple, Jahangirpura, Rander Road, Surat, Gujarat 395005"
97b1ef87-ad65-457e-a66c-e5b3230ccd0f,405-867-1016-12442,Jio,NR,405,867,1016,12442,21.20881,72.77325,0.0,90.0,593.0,"Plot 16, Near Rander Town Circle, Jahangirpura, Rander Road, Surat, Gujarat 395005"
4044f2e1-449a-46ec-821b-f42f0bfc8c6b,405-867-1027-12443,Jio,LTE,405,867,1027,12443,21.20881,72.77325,120.0,90.0,593.0,"Plot 16, Near Rander Town Circle, Jahangirpura, Rander Road, Surat, Gujarat 395005"
70657ea4-91db-4813-8fd7-9604de5deb88,405-867-1023-12444,Jio,LTE,405,867,1023,12444,21.20881,72.77325,240.0,90.0,593.0,"Plot 16, Near Rander Town Circle, Jahangirpura, Rander Road, Surat, Gujarat 395005"
0cdd5650-27fb-4489-9694-6a6716a7148a,404-10-2044-12445,Airtel,LTE,404,10,2044,12445,21.23897,72.7972,0.0,90.0,576.0,"Plot 36, Near Gorat Road, Jahangirpura, Rander Road, Surat, Gujarat 395005"
2123cc7d-eca2-4ffa-a33d-819e0983a40b,405-867-1044-12446,Jio,LTE,405,867,1044,12446,21.23897,72.7972,120.0,90.0,576.0,"Plot 36, Near Gorat Road, Jahangirpura, Rander Road, Surat, Gujarat 395005"
739d5f55-aa73-443a-8d61-985fbdf13e00,405-867-1041-12447,Jio,LTE,405,867,1041,12447,21.23897,72.7972,240.0,90.0,576.0,"Plot 36, Near Gorat Road, Jahangirpura, Rander Road, Surat, Gujarat 395005"
979bfff2-4c0d-4d16-8fab-e1bb70a0abaa,405-867-1040-12448,Jio,LTE,405,867,1040,12448,21.22629,72.79599,0.0,90.0,898.0,"Plot 121, Near Rander Town Circle, Jahangirpura, Rander Road, Surat, Gujarat 395005"
c94e25b8-a30e-45a0-8c0b-6915a1ba9aa1,405-867-1022-12449,Jio,LTE,405,867,1022,12449,21.22629,72.79599,120.0,90.0,898.0,"Plot 121, Near Rander Town Circle, Jahangirpura, Rander Road, Surat, Gujarat 395005"
eab92dea-680f-4420-aa90-61e2def311a0,404-20-3003-12450,Vi,GSM,404,20,3003,12450,21.22629,72.79599,240.0,90.0,898.0,"Plot 121, Near Rander Town Circle, Jahangirpura, Rander Road, Surat, Gujarat 395005"
a19eeffd-9b9c-45e4-a123-3f30add1698a,404-20-3032-12451,Vi,LTE,404,20,3032,12451,21.19623,72.80356,0.0,90.0,622.0,"Plot 120, Near Rander Town Circle, Jahangirpura, Rander Road, Surat, Gujarat 395005"
1e527809-c247-459b-9205-798106e4e6ca,404-20-3007-12452,Vi,LTE,404,20,3007,12452,21.19623,72.80356,120.0,90.0,622.0,"Plot 120, Near Rander Town Circle, Jahangirpura, Rander Road, Surat, Gujarat 395005"
35a02675-c8c1-43f4-a508-1604855ce4f4,405-867-1039-12453,Jio,LTE,405,867,1039,12453,21.19623,72.80356,240.0,90.0,622.0,"Plot 120, Near Rander Town Circle, Jahangirpura, Rander Road, Surat, Gujarat 395005"
281f8f51-7ea7-4f4f-880f-8692cf9e0071,404-20-3018-12454,Vi,LTE,404,20,3018,12454,21.22392,72.77416,0.0,90.0,557.0,"Plot 111, Near Ramnath Ghela Temple, Jahangirpura, Rander Road, Surat, Gujarat 395005"
982235cd-1af0-47fb-9612-bfcfb8e4af10,404-20-3022-12455,Vi,LTE,404,20,3022,12455,21.22392,72.77416,120.0,90.0,557.0,"Plot 111, Near Ramnath Ghela Temple, Jahangirpura, Rander Road, Surat, Gujarat 395005"
31ebff88-256a-4398-b870-deaffe966e42,405-867-1023-12456,Jio,NR,405,867,1023,12456,21.22392,72.77416,240.0,90.0,557.0,"Plot 111, Near Ramnath Ghela Temple, Jahangirpura, Rander Road, Surat, Gujarat 395005"
40ebe450-1798-42d1-9b93-5b9c56b52cfd,404-10-2007-12457,Airtel,LTE,404,10,2007,12457,21.22277,72.7898,0.0,90.0,676.0,"Plot 63, Near Ramnath Ghela Temple, Jahangirpura, Rander Road, Surat, Gujarat 395005"
8773aa39-3a27-43ee-ba22-368c74e813ae,404-81-4032-12458,BSNL,LTE,404,81,4032,12458,21.22277,72.7898,120.0,90.0,676.0,"Plot 63, Near Ramnath Ghela Temple, Jahangirpura, Rander Road, Surat, Gujarat 395005"
81e9d613-11ee-4576-b2b4-ef732e4b36ae,404-10-2025-12459,Airtel,NR,404,10,2025,12459,21.22277,72.7898,240.0,90.0,676.0,"Plot 63, Near Ramnath Ghela Temple, Jahangirpura, Rander Road, Surat, Gujarat 395005"
af56ed3b-ac7b-48c5-b413-682ac9e6ee94,404-10-2016-12460,Airtel,LTE,404,10,2016,12460,21.19522,72.76819,0.0,90.0,550.0,"Plot 11, Near Ramnath Ghela Temple, Jahangirpura, Rander Road, Surat, Gujarat 395005"
c7082fad-0cba-4bd5-b82f-b4b8f5f28ea1,405-867-1039-12461,Jio,LTE,405,867,1039,12461,21.19522,72.76819,120.0,90.0,550.0,"Plot 11, Near Ramnath Ghela Temple, Jahangirpura, Rander Road, Surat, Gujarat 395005"
92379d33-81ef-4727-8cbc-27c587e763d1,405-867-1003-12462,Jio,LTE,405,867,1003,12462,21.19522,72.76819,240.0,90.0,550.0,"Plot 11, Near Ramnath Ghela Temple, Jahangirpura, Rander Road, Surat, Gujarat 395005"
75f19e50-255b-45d2-bef9-867407b1fa98,404-81-4041-12463,BSNL,LTE,404,81,4041,12463,21.20121,72.8061,0.0,90.0,488.0,"Plot 147, Near Ramnath Ghela Temple, Jahangirpura, Rander Road, Surat, Gujarat 395005"
ce269d74-9d57-4105-bc9a-c787d9b3db50,404-20-3002-12464,Vi,LTE,404,20,3002,12464,21.20121,72.8061,120.0,90.0,488.0,"Plot 147, Near Ramnath Ghela Temple, Jahangirpura, Rander Road, Surat, Gujarat 395005"
0feb0159-ee8f-4496-a7dd-b5bec80b9fc8,405-867-1041-12465,Jio,LTE,405,867,1041,12465,21.20121,72.8061,240.0,90.0,488.0,"Plot 147, Near Ramnath Ghela Temple, Jahangirpura, Rander Road, Surat, Gujarat 395005"
eb306063-7596-4cc0-a68a-f4baf355fb8c,405-867-1023-12466,Jio,LTE,405,867,1023,12466,21.22337,72.78183,0.0,90.0,709.0,"Plot 8, Near Ramnath Ghela Temple, Jahangirpura, Rander Road, Surat, Gujarat 395005"
f0f02801-b105-447a-83bf-5903fc9e91bd,404-81-4029-12467,BSNL,GSM,404,81,4029,12467,21.22337,72.78183,120.0,90.0,709.0,"Plot 8, Near Ramnath Ghela Temple, Jahangirpura, Rander Road, Surat, Gujarat 395005"
edabafb4-7bfe-44dd-b481-76ddb28a503c,404-20-3045-12468,Vi,LTE,404,20,3045,12468,21.22337,72.78183,240.0,90.0,709.0,"Plot 8, Near Ramnath Ghela Temple, Jahangirpura, Rander Road, Surat, Gujarat 395005"
629f4045-2b22-487c-9062-dba1e44e7845,404-20-3012-12469,Vi,GSM,404,20,3012,12469,21.22904,72.78415,0.0,90.0,779.0,"Plot 54, Near Jahangirpura ISKCON Temple, Jahangirpura, Rander Road, Surat, Gujarat 395005"
666418ed-1098-408d-8b37-a66a3a6a9381,404-20-3022-12470,Vi,GSM,404,20,3022,12470,21.22904,72.78415,120.0,90.0,779.0,"Plot 54, Near Jahangirpura ISKCON Temple, Jahangirpura, Rander Road, Surat, Gujarat 395005"
536ef747-e9d5-41fa-bada-3d2b1d7de269,405-867-1015-12471,Jio,LTE,405,867,1015,12471,21.22904,72.78415,240.0,90.0,779.0,"Plot 54, Near Jahangirpura ISKCON Temple, Jahangirpura, Rander Road, Surat, Gujarat 395005"
69c121c6-e1f5-4f15-9d14-0e06d3c25c0a,404-10-2013-12472,Airtel,NR,404,10,2013,12472,21.20886,72.79982,0.0,90.0,959.0,"Plot 104, Near Rander Town Circle, Jahangirpura, Rander Road, Surat, Gujarat 395005"
ea86ba80-1b37-4ddc-b40b-78957b75d34e,405-867-1023-12473,Jio,LTE,405,867,1023,12473,21.20886,72.79982,120.0,90.0,959.0,"Plot 104, Near Rander Town Circle, Jahangirpura, Rander Road, Surat, Gujarat 395005"
8cf77548-907e-421f-8ec5-5184d679cd0d,405-867-1024-12474,Jio,LTE,405,867,1024,12474,21.20886,72.79982,240.0,90.0,959.0,"Plot 104, Near Rander Town Circle, Jahangirpura, Rander Road, Surat, Gujarat 395005"
95f6621a-a9e2-45ee-8e7e-3ecabd1e8288,404-10-2036-12475,Airtel,LTE,404,10,2036,12475,21.21579,72.75661,203.6,360.0,629.0,"Plot 5, Near Gorat Road, Jahangirpura, Rander Road, Surat, Gujarat 395005"
4d2335e5-e764-46a3-9362-fef7f0ed7f8c,404-20-3022-12476,Vi,LTE,404,20,3022,12476,21.19832,72.78061,249.1,360.0,553.0,"Plot 51, Near Rander Town Circle, Jahangirpura, Rander Road, Surat, Gujarat 395005"
e39bbc10-ec7d-4b0d-b637-c72124ba7f7a,404-10-2021-12477,Airtel,GSM,404,10,2021,12477,21.19821,72.78123,0.0,90.0,750.0,"Plot 27, Near Ramnath Ghela Temple, Jahangirpura, Rander Road, Surat, Gujarat 395005"
98c8a8c6-e9a4-40cb-9f89-35aee9763c74,404-81-4003-12478,BSNL,GSM,404,81,4003,12478,21.19821,72.78123,120.0,90.0,750.0,"Plot 27, Near Ramnath Ghela Temple, Jahangirpura, Rander Road, Surat, Gujarat 395005"
2c52ab4d-4682-4685-ba4d-9f48ef1e06f2,405-867-1018-12479,Jio,LTE,405,867,1018,12479,21.19821,72.78123,240.0,90.0,750.0,"Plot 27, Near Ramnath Ghela Temple, Jahangirpura, Rander Road, Surat, Gujarat 395005"
8af0adfd-bfa8-45b2-b247-71b1d471ecec,404-10-2001-12480,Airtel,LTE,404,10,2001,12480,21.22785,72.7873,0.0,90.0,900.0,"Plot 63, Near Jahangirpura ISKCON Temple, Jahangirpura, Rander Road, Surat, Gujarat 395005"
1ef4a81a-5518-434f-bed8-d765765e9704,405-867-1040-12481,Jio,NR,405,867,1040,12481,21.22785,72.7873,120.0,90.0,900.0,"Plot 63, Near Jahangirpura ISKCON Temple, Jahangirpura, Rander Road, Surat, Gujarat 395005"
b4f8f13f-60a1-49ff-acf2-e2409b606f0c,405-867-1036-12482,Jio,LTE,405,867,1036,12482,21.22785,72.7873,240.0,90.0,900.0,"Plot 63, Near Jahangirpura ISKCON Temple, Jahangirpura, Rander Road, Surat, Gujarat 395005"
43464bc0-6327-4fb2-8284-a7d99f6e5cfa,404-10-2025-12483,Airtel,NR,404,10,2025,12483,21.1956,72.77806,0.0,90.0,859.0,"Plot 48, Near Ramnath Ghela Temple, Jahangirpura, Rander Road, Surat, Gujarat 395005"
63d09697-c7dd-4e57-a80b-67a2abd37d1f,404-20-3024-12484,Vi,LTE,404,20,3024,12484,21.1956,72.77806,120.0,90.0,859.0,"Plot 48, Near Ramnath Ghela Temple, Jahangirpura, Rander Road, Surat, Gujarat 395005"
8d5d7758-7dca-43c5-87d7-0deb9ce34508,404-20-3024-12485,Vi,LTE,404,20,3024,12485,21.1956,72.77806,240.0,90.0,859.0,"Plot 48, Near Ramnath Ghela Temple, Jahangirpura, Rander Road, Surat, Gujarat 395005"
890396b1-9d8f-467b-9317-1f632b42e6af,404-81-4045-12486,BSNL,GSM,404,81,4045,12486,21.19786,72.80599,0.0,90.0,528.0,"Plot 82, Near Jahangirpura ISKCON Temple, Jahangirpura, Rander Road, Surat, Gujarat 395005"
38ed605f-ce62-44da-9169-248a7820fbdf,405-867-1009-12487,Jio,LTE,405,867,1009,12487,21.19786,72.80599,120.0,90.0,528.0,"Plot 82, Near Jahangirpura ISKCON Temple, Jahangirpura, Rander Road, Surat, Gujarat 395005"
a9639864-79d3-40df-b324-3307efe002f7,405-867-1033-12488,Jio,NR,405,867,1033,12488,21.19786,72.80599,240.0,90.0,528.0,"Plot 82, Near Jahangirpura ISKCON Temple, Jahangirpura, Rander Road, Surat, Gujarat 395005"
f05871c5-da35-44f8-b0db-12dfadc0a8ea,405-867-1004-12489,Jio,LTE,405,867,1004,12489,21.20986,72.76442,0.0,90.0,679.0,"Plot 59, Near Rander Town Circle, Jahangirpura, Rander Road, Surat, Gujarat 395005"
1e124c67-5b14-4f54-abf2-fca560992139,405-867-1038-12490,Jio,LTE,405,867,1038,12490,21.20986,72.76442,120.0,90.0,679.0,"Plot 59, Near Rander Town Circle, Jahangirpura, Rander Road, Surat, Gujarat 395005"
9dadeb70-4e1d-46e6-9b8e-edd4d1245b44,405-867-1011-12491,Jio,NR,405,867,1011,12491,21.20986,72.76442,240.0,90.0,679.0,"Plot 59, Near Rander Town Circle, Jahangirpura, Rander Road, Surat, Gujarat 395005"
f6123e33-6e30-40e9-85fd-cfc626978f22,405-867-1018-12492,Jio,LTE,405,867,1018,12492,21.23303,72.78771,0.0,90.0,601.0,"Plot 89, Near Rander Town Circle, Jahangirpura, Rander Road, Surat, Gujarat 395005"
526680e5-5cc1-4527-a37f-561abc8a55b2,404-10-2002-12493,Airtel,GSM,404,10,2002,12493,21.23303,72.78771,120.0,90.0,601.0,"Plot 89, Near Rander Town Circle, Jahangirpura, Rander Road, Surat, Gujarat 395005"
bd74ab82-d537-4099-9883-eac0d8f18e25,404-10-2009-12494,Airtel,LTE,404,10,2009,12494,21.23303,72.78771,240.0,90.0,601.0,"Plot 89, Near Rander Town Circle, Jahangirpura, Rander Road, Surat, Gujarat 395005"
46a25842-de80-4e86-a599-4dc7589aa538,405-867-1033-12495,Jio,LTE,405,867,1033,12495,21.22772,72.78381,0.0,90.0,761.0,"Plot 80, Near Ramnath Ghela Temple, Jahangirpura, Rander Road, Surat, Gujarat 395005"
5d64d52b-3f29-45de-affe-03eeafe9d609,404-81-4035-12496,BSNL,GSM,404,81,4035,12496,21.22772,72.78381,120.0,90.0,761.0,"Plot 80, Near Ramnath Ghela Temple, Jahangirpura, Rander Road, Surat, Gujarat 395005"
95fab586-b917-43ae-bb6d-dc20b94d2e43,404-81-4001-12497,BSNL,LTE,404,81,4001,12497,21.22772,72.78381,240.0,90.0,761.0,"Plot 80, Near Ramnath Ghela Temple, Jahangirpura, Rander Road, Surat, Gujarat 395005"
c86cd6e6-3a32-4bc7-a45c-4e6dee147be4,404-10-2011-12498,Airtel,LTE,404,10,2011,12498,21.22164,72.78368,0.0,90.0,522.0,"Plot 31, Near Gorat Road, Jahangirpura, Rander Road, Surat, Gujarat 395005"
f90b19e6-406c-4c89-a78f-b221df617f43,404-10-2039-12499,Airtel,LTE,404,10,2039,12499,21.22164,72.78368,120.0,90.0,522.0,"Plot 31, Near Gorat Road, Jahangirpura, Rander Road, Surat, Gujarat 395005"
8d6e59f0-2eca-4cbe-9774-cdd14e0af8ef,404-20-3012-12500,Vi,GSM,404,20,3012,12500,21.22164,72.78368,240.0,90.0,522.0,"Plot 31, Near Gorat Road, Jahangirpura, Rander Road, Surat, Gujarat 395005"
ada79391-cbc4-4be1-9e64-f56c67811195,404-81-4027-12501,BSNL,GSM,404,81,4027,12501,21.24061,72.79015,331.2,360.0,629.0,"Plot 85, Near Rander Town Circle, Jahangirpura, Rander Road, Surat, Gujarat 395005"
4a238efc-ec59-4995-a39f-db6a1f240262,404-20-3012-12502,Vi,LTE,404,20,3012,12502,21.20125,72.79863,124.3,360.0,560.0,"Plot 47, Near Gorat Road, Jahangirpura, Rander Road, Surat, Gujarat 395005"
52e4a6f1-ae51-48fa-b598-4dcf95e724d2,404-10-2039-12503,Airtel,LTE,404,10,2039,12503,21.21419,72.79821,0.0,90.0,546.0,"Plot 21, Near Gorat Road, Jahangirpura, Rander Road, Surat, Gujarat 395005"
ee769ec1-1e6f-44ac-a14a-ae3e1dc2d0f9,405-867-1044-12504,Jio,LTE,405,867,1044,12504,21.21419,72.79821,120.0,90.0,546.0,"Plot 21, Near Gorat Road, Jahangirpura, Rander Road, Surat, Gujarat 395005"
9772eb17-652a-4d81-a5c4-90500b4c2cbe,405-867-1034-12505,Jio,LTE,405,867,1034,12505,21.21419,72.79821,240.0,90.0,546.0,"Plot 21, Near Gorat Road, Jahangirpura, Rander Road, Surat, Gujarat 395005"
9dec4676-b775-47e9-8eaf-4a30f369088b,404-20-3013-12506,Vi,GSM,404,20,3013,12506,21.23056,72.78632,0.0,90.0,833.0,"Plot 8, Near Gorat Road, Jahangirpura, Rander Road, Surat, Gujarat 395005"
0c85478f-bdbf-4eab-bb06-9e193cfd6d4f,404-10-2035-12507,Airtel,LTE,404,10,2035,12507,21.23056,72.78632,120.0,90.0,833.0,"Plot 8, Near Gorat Road, Jahangirpura, Rander Road, Surat, Gujarat 395005"
fc9d9800-e40b-4895-b913-d839338c0294,405-867-1044-12508,Jio,LTE,405,867,1044,12508,21.23056,72.78632,240.0,90.0,833.0,"Plot 8, Near Gorat Road, Jahangirpura, Rander Road, Surat, Gujarat 395005"
d8b7af29-5ecf-4fba-bcf7-be70f88a4603,404-10-2029-12509,Airtel,NR,404,10,2029,12509,21.23291,72.77324,0.0,90.0,631.0,"Plot 113, Near Jahangirpura ISKCON Temple, Jahangirpura, Rander Road, Surat, Gujarat 395005"
b41ea8ac-96a1-447e-b7dc-3cf031be8491,405-867-1035-12510,Jio,LTE,405,867,1035,12510,21.23291,72.77324,120.0,90.0,631.0,"Plot 113, Near Jahangirpura ISKCON Temple, Jahangirpura, Rander Road, Surat, Gujarat 395005"
b7d90dcb-3bbb-4d8b-a19b-08cf7a7e14cf,404-20-3008-12511,Vi,GSM,404,20,3008,12511,21.23291,72.77324,240.0,90.0,631.0,"Plot 113, Near Jahangirpura ISKCON Temple, Jahangirpura, Rander Road, Surat, Gujarat 395005"
c0683a92-0c6a-465a-aba8-7d2cf532e593,404-10-2007-12512,Airtel,LTE,404,10,2007,12512,21.22037,72.76968,0.0,90.0,634.0,"Plot 28, Near Gorat Road, Jahangirpura, Rander Road, Surat, Gujarat 395005"
becd27a2-1d7f-475f-8222-5584cc20daea,405-867-1040-12513,Jio,LTE,405,867,1040,12513,21.22037,72.76968,120.0,90.0,634.0,"Plot 28, Near Gorat Road, Jahangirpura, Rander Road, Surat, Gujarat 395005"
0dbae6f9-a148-4ef6-9de9-3e31aa114a9c,404-20-3043-12514,Vi,GSM,404,20,3043,12514,21.22037,72.76968,240.0,90.0,634.0,"Plot 28, Near Gorat Road, Jahangirpura, Rander Road, Surat, Gujarat 395005"
4f2753c0-e19d-4d05-b6ac-b3c3e18c27c0,405-867-1016-12515,Jio,LTE,405,867,1016,12515,21.19878,72.77959,0.0,90.0,517.0,"Plot 30, Near Ramnath Ghela Temple, Jahangirpura, Rander Road, Surat, Gujarat 395005"
324c4bf5-3f99-47de-8fb2-bbda6e4fd17a,404-81-4026-12516,BSNL,GSM,404,81,4026,12516,21.19878,72.77959,120.0,90.0,517.0,"Plot 30, Near Ramnath Ghela Temple, Jahangirpura, Rander Road, Surat, Gujarat 395005"
1cf8be38-dd90-4295-bf1e-55cb114ac442,405-867-1031-12517,Jio,LTE,405,867,1031,12517,21.19878,72.77959,240.0,90.0,517.0,"Plot 30, Near Ramnath Ghela Temple, Jahangirpura, Rander Road, Surat, Gujarat 395005"
11712ccb-26d3-4c2b-ad55-4236baa0a6d0,404-10-2026-12518,Airtel,LTE,404,10,2026,12518,21.22463,72.75934,229.2,360.0,594.0,"Plot 134, Near Rander Town Circle, Jahangirpura, Rander Road, Surat, Gujarat 395005"
462412ef-4b44-413b-a6f0-62b711d0e39b,405-867-1006-12519,Jio,LTE,405,867,1006,12519,21.21595,72.76171,267.2,90.0,610.0,"Plot 83, Near Gorat Road, Jahangirpura, Rander Road, Surat, Gujarat 395005"
3a12764d-4e6d-4a92-bc30-6b19a7baa862,405-867-1019-12520,Jio,NR,405,867,1019,12520,21.19599,72.78622,0.0,90.0,848.0,"Plot 144, Near Gorat Road, Jahangirpura, Rander Road, Surat, Gujarat 395005"
82b3e709-8485-48d9-8f3f-6fec0bff0d58,404-20-3034-12521,Vi,LTE,404,20,3034,12521,21.19599,72.78622,120.0,90.0,848.0,"Plot 144, Near Gorat Road, Jahangirpura, Rander Road, Surat, Gujarat 395005"
67f1409e-20b1-4ca7-964e-09277e959385,404-20-3006-12522,Vi,LTE,404,20,3006,12522,21.19599,72.78622,240.0,90.0,848.0,"Plot 144, Near Gorat Road, Jahangirpura, Rander Road, Surat, Gujarat 395005"
5ae5a58e-33c0-476a-8d90-b006f27d149b,405-867-1025-12523,Jio,NR,405,867,1025,12523,21.2077,72.80588,0.0,90.0,997.0,"Plot 81, Near Jahangirpura ISKCON Temple, Jahangirpura, Rander Road, Surat, Gujarat 395005"
18ecfcf5-978b-43a7-aeb3-634851f2b080,405-867-1004-12524,Jio,NR,405,867,1004,12524,21.2077,72.80588,120.0,90.0,997.0,"Plot 81, Near Jahangirpura ISKCON Temple, Jahangirpura, Rander Road, Surat, Gujarat 395005"
7639d832-be38-418f-aacb-16f24e242aa5,404-20-3028-12525,Vi,LTE,404,20,3028,12525,21.2077,72.80588,240.0,90.0,997.0,"Plot 81, Near Jahangirpura ISKCON Temple, Jahangirpura, Rander Road, Surat, Gujarat 395005"
31246f61-86c5-48bd-b0d4-6d08b0bdcb77,404-20-3012-12526,Vi,LTE,404,20,3012,12526,21.21359,72.76397,0.0,90.0,495.0,"Plot 131, Near Jahangirpura ISKCON Temple, Jahangirpura, Rander Road, Surat, Gujarat 395005"
dc9d04bb-f879-4a47-8249-16512500dc98,404-20-3005-12527,Vi,LTE,404,20,3005,12527,21.21359,72.76397,120.0,90.0,495.0,"Plot 131, Near Jahangirpura ISKCON Temple, Jahangirpura, Rander Road, Surat, Gujarat 395005"
721ec2e8-c22c-46a9-a57c-884a4c9b7bdc,404-10-2037-12528,Airtel,LTE,404,10,2037,12528,21.21359,72.76397,240.0,90.0,495.0,"Plot 131, Near Jahangirpura ISKCON Temple, Jahangirpura, Rander Road, Surat, Gujarat 395005"
47d7ef34-cf28-4608-aec1-9df668d3372d,404-20-3016-12529,Vi,LTE,404,20,3016,12529,21.21226,72.78143,0.0,90.0,569.0,"Plot 53, Near Ramnath Ghela Temple, Jahangirpura, Rander Road, Surat, Gujarat 395005"
3a94c652-35c5-4050-b53e-d84a7bce7d71,404-10-2022-12530,Airtel,GSM,404,10,2022,12530,21.21226,72.78143,120.0,90.0,569.0,"Plot 53, Near Ramnath Ghela Temple, Jahangirpura, Rander Road, Surat, Gujarat 395005"
7c0b7bb6-2101-4057-8341-7b3580bc53b4,404-81-4015-12531,BSNL,LTE,404,81,4015,12531,21.21226,72.78143,240.0,90.0,569.0,"Plot 53, Near Ramnath Ghela Temple, Jahangirpura, Rander Road, Surat, Gujarat 395005"
33cfd36a-e3ff-44d2-85af-bc0d9ef2e9f1,404-20-3037-12532,Vi,LTE,404,20,3037,12532,21.19785,72.80416,86.2,360.0,516.0,"Plot 40, Near Rander Town Circle, Jahangirpura, Rander Road, Surat, Gujarat 395005"
acc330bc-5072-416c-bca2-cf054e13f92e,405-867-1027-12533,Jio,LTE,405,867,1027,12533,21.20864,72.75831,0.0,90.0,729.0,"Plot 53, Near Gorat Road, Jahangirpura, Rander Road, Surat, Gujarat 395005"
9518b8ed-be9e-4cf3-9419-7a7cbc98a9b3,405-867-1013-12534,Jio,NR,405,867,1013,12534,21.20864,72.75831,120.0,90.0,729.0,"Plot 53, Near Gorat Road, Jahangirpura, Rander Road, Surat, Gujarat 395005"
2dcdb169-3c87-4d77-9391-122e2bd1f27a,404-20-3039-12535,Vi,LTE,404,20,3039,12535,21.20864,72.75831,240.0,90.0,729.0,"Plot 53, Near Gorat Road, Jahangirpura, Rander Road, Surat, Gujarat 395005"
bf1801fb-1b4d-4c3b-96a2-91b2be354bd4,405-867-1032-12536,Jio,LTE,405,867,1032,12536,21.23749,72.78658,241.3,60.0,613.0,"Plot 115, Near Rander Town Circle, Jahangirpura, Rander Road, Surat, Gujarat 395005"
62a59ab9-60c4-40c6-9ff7-1459f1c8b2ed,405-867-1037-12537,Jio,LTE,405,867,1037,12537,21.23318,72.79366,0.0,90.0,857.0,"Plot 66, Near Jahangirpura ISKCON Temple, Jahangirpura, Rander Road, Surat, Gujarat 395005"
6da43c7c-fc22-4121-9f11-ed1e7a1333e6,405-867-1026-12538,Jio,NR,405,867,1026,12538,21.23318,72.79366,120.0,90.0,857.0,"Plot 66, Near Jahangirpura ISKCON Temple, Jahangirpura, Rander Road, Surat, Gujarat 395005"
975b55c1-18b2-471d-946d-827fa0f622c1,404-20-3006-12539,Vi,GSM,404,20,3006,12539,21.23318,72.79366,240.0,90.0,857.0,"Plot 66, Near Jahangirpura ISKCON Temple, Jahangirpura, Rander Road, Surat, Gujarat 395005"
cf6807e5-1fb6-4672-9250-d389dbadc09d,405-867-1003-12540,Jio,LTE,405,867,1003,12540,21.19696,72.77807,0.0,90.0,930.0,"Plot 133, Near Jahangirpura ISKCON Temple, Jahangirpura, Rander Road, Surat, Gujarat 395005"
cf5f2049-9efb-444c-8272-256913581317,404-20-3045-12541,Vi,LTE,404,20,3045,12541,21.19696,72.77807,120.0,90.0,930.0,"Plot 133, Near Jahangirpura ISKCON Temple, Jahangirpura, Rander Road, Surat, Gujarat 395005"
62c4e9ae-b87c-46be-af47-42b4f6968f85,404-20-3040-12542,Vi,LTE,404,20,3040,12542,21.19696,72.77807,240.0,90.0,930.0,"Plot 133, Near Jahangirpura ISKCON Temple, Jahangirpura, Rander Road, Surat, Gujarat 395005"
4d1b13a8-672e-4add-b404-747cec8d39b0,404-20-3014-12543,Vi,LTE,404,20,3014,12543,21.19898,72.80309,0.0,90.0,965.0,"Plot 11, Near Ramnath Ghela Temple, Jahangirpura, Rander Road, Surat, Gujarat 395005"
4a8fcd65-3217-4037-a746-1279ad7d8847,404-10-2001-12544,Airtel,LTE,404,10,2001,12544,21.19898,72.80309,120.0,90.0,965.0,"Plot 11, Near Ramnath Ghela Temple, Jahangirpura, Rander Road, Surat, Gujarat 395005"
cfc3c1f1-fff1-404c-87bb-78166ef3cb84,404-81-4017-12545,BSNL,GSM,404,81,4017,12545,21.19898,72.80309,240.0,90.0,965.0,"Plot 11, Near Ramnath Ghela Temple, Jahangirpura, Rander Road, Surat, Gujarat 395005"
0e4c817a-e0de-403d-9f9b-f26448e8bd92,404-81-4015-12546,BSNL,LTE,404,81,4015,12546,21.22923,72.77684,0.0,90.0,606.0,"Plot 15, Near Jahangirpura ISKCON Temple, Jahangirpura, Rander Road, Surat, Gujarat 395005"
ecf15a64-8b81-4e5b-b53f-ffbac42b9211,405-867-1043-12547,Jio,LTE,405,867,1043,12547,21.22923,72.77684,120.0,90.0,606.0,"Plot 15, Near Jahangirpura ISKCON Temple, Jahangirpura, Rander Road, Surat, Gujarat 395005"
07d9bfd1-eb1b-438c-9a0b-090dd81eb954,404-10-2029-12548,Airtel,LTE,404,10,2029,12548,21.22923,72.77684,240.0,90.0,606.0,"Plot 15, Near Jahangirpura ISKCON Temple, Jahangirpura, Rander Road, Surat, Gujarat 395005"
d81ac1fa-44a1-4ea7-b6e7-5d9980cdff2a,405-867-1027-12549,Jio,LTE,405,867,1027,12549,21.22733,72.79116,0.0,90.0,775.0,"Plot 143, Near Gorat Road, Jahangirpura, Rander Road, Surat, Gujarat 395005"
82b32b00-d88e-4f8e-a7a1-8e0974a267a2,404-10-2011-12550,Airtel,LTE,404,10,2011,12550,21.22733,72.79116,120.0,90.0,775.0,"Plot 143, Near Gorat Road, Jahangirpura, Rander Road, Surat, Gujarat 395005"
4b56551e-fb91-4b6a-a48d-ab1f181ab158,404-10-2003-12551,Airtel,LTE,404,10,2003,12551,21.22733,72.79116,240.0,90.0,775.0,"Plot 143, Near Gorat Road, Jahangirpura, Rander Road, Surat, Gujarat 395005"
dac32e3e-4ac6-460a-816d-5dcc343cf3c7,404-20-3008-12552,Vi,GSM,404,20,3008,12552,21.22063,72.79264,0.0,90.0,509.0,"Plot 2, Near Jahangirpura ISKCON Temple, Jahangirpura, Rander Road, Surat, Gujarat 395005"
33e09b50-e84e-4fd2-9181-67eb54723432,404-20-3003-12553,Vi,GSM,404,20,3003,12553,21.22063,72.79264,120.0,90.0,509.0,"Plot 2, Near Jahangirpura ISKCON Temple, Jahangirpura, Rander Road, Surat, Gujarat 395005"
51ecdbf5-0b5f-4853-b87a-d1b66c3d4ebf,404-10-2042-12554,Airtel,LTE,404,10,2042,12554,21.22063,72.79264,240.0,90.0,509.0,"Plot 2, Near Jahangirpura ISKCON Temple, Jahangirpura, Rander Road, Surat, Gujarat 395005"
088f793e-876c-40cb-8116-99fb42468408,405-867-1044-12555,Jio,LTE,405,867,1044,12555,21.22341,72.76702,0.0,90.0,846.0,"Plot 73, Near Ramnath Ghela Temple, Jahangirpura, Rander Road, Surat, Gujarat 395005"
5e27ed88-7d60-4913-9c06-4ae389770db6,405-867-1041-12556,Jio,LTE,405,867,1041,12556,21.22341,72.76702,120.0,90.0,846.0,"Plot 73, Near Ramnath Ghela Temple, Jahangirpura, Rander Road, Surat, Gujarat 395005"
53291148-c7f7-4089-8640-4a1228524cf0,405-867-1010-12557,Jio,NR,405,867,1010,12557,21.22341,72.76702,240.0,90.0,846.0,"Plot 73, Near Ramnath Ghela Temple, Jahangirpura, Rander Road, Surat, Gujarat 395005"
5e72fa7b-417c-4f09-be38-fbc1a32bdb3a,404-81-4017-12558,BSNL,GSM,404,81,4017,12558,21.19068,72.79272,0.0,90.0,628.0,"Plot 37, Near Jahangirpura ISKCON Temple, Jahangirpura, Rander Road, Surat, Gujarat 395005"
fb16aaa6-2f61-4830-8ace-873097fd024e,404-20-3002-12559,Vi,LTE,404,20,3002,12559,21.19068,72.79272,120.0,90.0,628.0,"Plot 37, Near Jahangirpura ISKCON Temple, Jahangirpura, Rander Road, Surat, Gujarat 395005"
5b6a2d09-0c17-45fd-9c26-2f8493725806,405-867-1003-12560,Jio,LTE,405,867,1003,12560,21.19068,72.79272,240.0,90.0,628.0,"Plot 37, Near Jahangirpura ISKCON Temple, Jahangirpura, Rander Road, Surat, Gujarat 395005"
3fcefc47-16c7-4f67-b183-25ceb70b6029,405-867-1029-12561,Jio,LTE,405,867,1029,12561,21.19289,72.7911,219.3,60.0,553.0,"Plot 103, Near Jahangirpura ISKCON Temple, Jahangirpura, Rander Road, Surat, Gujarat 395005"
62e485be-daa4-4d9a-825d-924885f377e6,405-867-1016-12562,Jio,LTE,405,867,1016,12562,21.19907,72.79129,0.0,90.0,858.0,"Plot 87, Near Gorat Road, Jahangirpura, Rander Road, Surat, Gujarat 395005"
a7d4b5ac-c671-42f7-9fa4-022643c3be51,405-867-1013-12563,Jio,LTE,405,867,1013,12563,21.19907,72.79129,120.0,90.0,858.0,"Plot 87, Near Gorat Road, Jahangirpura, Rander Road, Surat, Gujarat 395005"
538b6676-a77c-4431-b6c8-9b1bf99e1e94,404-81-4040-12564,BSNL,LTE,404,81,4040,12564,21.19907,72.79129,240.0,90.0,858.0,"Plot 87, Near Gorat Road, Jahangirpura, Rander Road, Surat, Gujarat 395005"
8986a8fd-3c3e-4600-bea4-c417a6dc4d51,405-867-1035-12565,Jio,LTE,405,867,1035,12565,21.2029,72.80002,0.0,90.0,668.0,"Plot 96, Near Ramnath Ghela Temple, Jahangirpura, Rander Road, Surat, Gujarat 395005"
23db3bb0-2aac-4c2c-90fa-fbb5e085f63c,404-10-2040-12566,Airtel,LTE,404,10,2040,12566,21.2029,72.80002,120.0,90.0,668.0,"Plot 96, Near Ramnath Ghela Temple, Jahangirpura, Rander Road, Surat, Gujarat 395005"
799a0010-d230-4b75-8d8f-18bd97dd78fd,405-867-1022-12567,Jio,LTE,405,867,1022,12567,21.2029,72.80002,240.0,90.0,668.0,"Plot 96, Near Ramnath Ghela Temple, Jahangirpura, Rander Road, Surat, Gujarat 395005"
3c32473a-c690-4f97-9e5a-84e5bda4d929,405-867-1037-12568,Jio,LTE,405,867,1037,12568,21.20459,72.78124,0.0,90.0,903.0,"Plot 133, Near Ramnath Ghela Temple, Jahangirpura, Rander Road, Surat, Gujarat 395005"
ab9216d8-a3bb-47a9-a8d2-3165c4412a8c,404-10-2044-12569,Airtel,LTE,404,10,2044,12569,21.20459,72.78124,120.0,90.0,903.0,"Plot 133, Near Ramnath Ghela Temple, Jahangirpura, Rander Road, Surat, Gujarat 395005"
49a70996-16fd-41c0-bc9e-61a1e0339afc,404-10-2026-12570,Airtel,LTE,404,10,2026,12570,21.20459,72.78124,240.0,90.0,903.0,"Plot 133, Near Ramnath Ghela Temple, Jahangirpura, Rander Road, Surat, Gujarat 395005"
51f5fc1a-dc4c-48bd-9d60-9a5f50c63050,404-20-3032-12571,Vi,LTE,404,20,3032,12571,21.19343,72.7732,0.0,90.0,701.0,"Plot 106, Near Jahangirpura ISKCON Temple, Jahangirpura, Rander Road, Surat, Gujarat 395005"
d700ea5a-f977-4915-843a-83c76bbff865,405-867-1040-12572,Jio,NR,405,867,1040,12572,21.19343,72.7732,120.0,90.0,701.0,"Plot 106, Near Jahangirpura ISKCON Temple, Jahangirpura, Rander Road, Surat, Gujarat 395005"
a991428e-0be7-4a46-9cd6-39771ddee064,404-10-2003-12573,Airtel,LTE,404,10,2003,12573,21.19343,72.7732,240.0,90.0,701.0,"Plot 106, Near Jahangirpura ISKCON Temple, Jahangirpura, Rander Road, Surat, Gujarat 395005"
9ba6663d-26ee-4a08-9a40-8b2508f236d6,404-20-3023-12574,Vi,LTE,404,20,3023,12574,21.20426,72.76197,301.8,60.0,534.0,"Plot 6, Near Rander Town Circle, Jahangirpura, Rander Road, Surat, Gujarat 395005"
f9e47d0c-ecb9-4fb3-83ed-3c11387461f5,404-10-2029-12575,Airtel,LTE,404,10,2029,12575,21.21814,72.79606,0.0,90.0,821.0,"Plot 79, Near Jahangirpura ISKCON Temple, Jahangirpura, Rander Road, Surat, Gujarat 395005"
bb2de045-c429-4a92-8e31-fabb4be60fd8,405-867-1019-12576,Jio,LTE,405,867,1019,12576,21.21814,72.79606,120.0,90.0,821.0,"Plot 79, Near Jahangirpura ISKCON Temple, Jahangirpura, Rander Road, Surat, Gujarat 395005"
0838f08d-0c3e-4a3d-b7b4-f79209b25985,405-867-1011-12577,Jio,NR,405,867,1011,12577,21.21814,72.79606,240.0,90.0,821.0,"Plot 79, Near Jahangirpura ISKCON Temple, Jahangirpura, Rander Road, Surat, Gujarat 395005"
cd6fa578-8f44-4166-b75d-62134bd80cef,405-867-1031-12578,Jio,LTE,405,867,1031,12578,21.13258,72.62145,0.0,90.0,2878.0,"Plot 31, Near Reliance Hazira Manufacturing Complex, Hazira Industrial Belt, Surat, Gujarat 394270"
e81d1d0e-4b24-482c-aaf1-570a2560aba1,404-10-2016-12579,Airtel,LTE,404,10,2016,12579,21.13258,72.62145,120.0,90.0,2878.0,"Plot 31, Near Reliance Hazira Manufacturing Complex, Hazira Industrial Belt, Surat, Gujarat 394270"
db5b93dd-c136-470b-b5f6-e7d0b2494004,404-81-4010-12580,BSNL,LTE,404,81,4010,12580,21.13258,72.62145,240.0,90.0,2878.0,"Plot 31, Near Reliance Hazira Manufacturing Complex, Hazira Industrial Belt, Surat, Gujarat 394270"
519ef4b8-5749-45d0-b18c-28c7ee1318b8,405-867-1002-12581,Jio,LTE,405,867,1002,12581,21.12982,72.62481,0.0,90.0,3136.0,"Plot 35, Near ONGC Plant Complex, Hazira Industrial Belt, Surat, Gujarat 394270"
016e0b97-988f-484e-84c5-508044dbd03e,404-10-2024-12582,Airtel,GSM,404,10,2024,12582,21.12982,72.62481,120.0,90.0,3136.0,"Plot 35, Near ONGC Plant Complex, Hazira Industrial Belt, Surat, Gujarat 394270"
559e973d-9faf-4849-9e5c-f418fb642eea,404-20-3012-12583,Vi,LTE,404,20,3012,12583,21.12982,72.62481,240.0,90.0,3136.0,"Plot 35, Near ONGC Plant Complex, Hazira Industrial Belt, Surat, Gujarat 394270"
d1ffdf5c-74cf-4aaf-8931-067399bff352,404-81-4005-12584,BSNL,LTE,404,81,4005,12584,21.1062,72.63824,0.0,90.0,2591.0,"Plot 146, Near Reliance Hazira Manufacturing Complex, Hazira Industrial Belt, Surat, Gujarat 394270"
4de961ae-977c-443d-9b85-4cdf062999cd,405-867-1044-12585,Jio,LTE,405,867,1044,12585,21.1062,72.63824,120.0,90.0,2591.0,"Plot 146, Near Reliance Hazira Manufacturing Complex, Hazira Industrial Belt, Surat, Gujarat 394270"
35ed3cfc-571f-4c96-be83-2ac0272188e4,405-867-1043-12586,Jio,LTE,405,867,1043,12586,21.1062,72.63824,240.0,90.0,2591.0,"Plot 146, Near Reliance Hazira Manufacturing Complex, Hazira Industrial Belt, Surat, Gujarat 394270"
2ccbf96a-c201-415a-825e-d4ea0f1d4fe4,405-867-1027-12587,Jio,NR,405,867,1027,12587,21.12908,72.67875,0.0,90.0,3226.0,"Plot 22, Near AM/NS India Port Gate, Hazira Industrial Belt, Surat, Gujarat 394270"
6a1ebe9b-01f9-4876-adb7-897010366ae1,404-81-4017-12588,BSNL,GSM,404,81,4017,12588,21.12908,72.67875,120.0,90.0,3226.0,"Plot 22, Near AM/NS India Port Gate, Hazira Industrial Belt, Surat, Gujarat 394270"
d8e56860-3044-4363-95fd-47e99261d25c,405-867-1034-12589,Jio,LTE,405,867,1034,12589,21.12908,72.67875,240.0,90.0,3226.0,"Plot 22, Near AM/NS India Port Gate, Hazira Industrial Belt, Surat, Gujarat 394270"
fc05f1ab-756b-4e13-a39a-0fdaff619026,405-867-1003-12590,Jio,LTE,405,867,1003,12590,21.12312,72.62903,83.6,90.0,1469.0,"Plot 43, Near AM/NS India Port Gate, Hazira Industrial Belt, Surat, Gujarat 394270"
5aef3280-dfc1-4c0e-8a5b-85c163d9adae,405-867-1040-12591,Jio,NR,405,867,1040,12591,21.10729,72.69221,0.0,90.0,1328.0,"Plot 21, Near Reliance Hazira Manufacturing Complex, Hazira Industrial Belt, Surat, Gujarat 394270"
fbd3023b-537c-4240-bd4a-0364e78f9b26,405-867-1020-12592,Jio,LTE,405,867,1020,12592,21.10729,72.69221,120.0,90.0,1328.0,"Plot 21, Near Reliance Hazira Manufacturing Complex, Hazira Industrial Belt, Surat, Gujarat 394270"
dea774d2-9de0-443e-a2d3-6ab473b7ff68,405-867-1025-12593,Jio,NR,405,867,1025,12593,21.10729,72.69221,240.0,90.0,1328.0,"Plot 21, Near Reliance Hazira Manufacturing Complex, Hazira Industrial Belt, Surat, Gujarat 394270"
aca6c538-5325-4663-84b9-39bf7cfc23bb,404-20-3027-12594,Vi,GSM,404,20,3027,12594,21.08049,72.66624,0.0,90.0,3299.0,"Plot 97, Near AM/NS India Port Gate, Hazira Industrial Belt, Surat, Gujarat 394270"
e9ab7f7a-1c29-4e5d-b693-565040ddf4ed,404-10-2023-12595,Airtel,LTE,404,10,2023,12595,21.08049,72.66624,120.0,90.0,3299.0,"Plot 97, Near AM/NS India Port Gate, Hazira Industrial Belt, Surat, Gujarat 394270"
787ce859-64aa-4065-923b-e44d4e072269,404-10-2032-12596,Airtel,LTE,404,10,2032,12596,21.08049,72.66624,240.0,90.0,3299.0,"Plot 97, Near AM/NS India Port Gate, Hazira Industrial Belt, Surat, Gujarat 394270"
38fcb7a4-7abf-4261-adf2-10e0bfda0293,404-20-3002-12597,Vi,GSM,404,20,3002,12597,21.11175,72.65227,0.0,90.0,2505.0,"Plot 22, Near Reliance Hazira Manufacturing Complex, Hazira Industrial Belt, Surat, Gujarat 394270"
3feb7099-9568-4418-8e3b-d31c97b9c8e8,404-20-3007-12598,Vi,GSM,404,20,3007,12598,21.11175,72.65227,120.0,90.0,2505.0,"Plot 22, Near Reliance Hazira Manufacturing Complex, Hazira Industrial Belt, Surat, Gujarat 394270"
fa500784-15a9-4301-a7a5-1bac7ab6d980,405-867-1005-12599,Jio,LTE,405,867,1005,12599,21.11175,72.65227,240.0,90.0,2505.0,"Plot 22, Near Reliance Hazira Manufacturing Complex, Hazira Industrial Belt, Surat, Gujarat 394270"
bb9a2e1f-ef47-4ca8-accc-a07e4d0587f8,405-867-1030-12600,Jio,LTE,405,867,1030,12600,21.14248,72.67777,4.7,90.0,1272.0,"Plot 20, Near ONGC Plant Complex, Hazira Industrial Belt, Surat, Gujarat 394270"
483ee1e2-6c29-40e6-84d6-8798b1b0fd18,405-867-1006-12601,Jio,LTE,405,867,1006,12601,21.09365,72.61031,48.6,360.0,1283.0,"Plot 32, Near ONGC Plant Complex, Hazira Industrial Belt, Surat, Gujarat 394270"
6d7ce29d-fb34-45de-8425-7bd8b3343a64,405-867-1032-12602,Jio,NR,405,867,1032,12602,21.16314,72.63625,27.8,90.0,1742.0,"Plot 54, Near Essar Steel Township, Hazira Industrial Belt, Surat, Gujarat 394270"
8ded05e0-57d6-4de2-929c-d5b7ee68c59d,405-867-1013-12603,Jio,LTE,405,867,1013,12603,21.09622,72.61929,0.0,90.0,3279.0,"Plot 16, Near AM/NS India Port Gate, Hazira Industrial Belt, Surat, Gujarat 394270"
341a6948-6f6f-4d8f-a484-2f395bc86258,405-867-1037-12604,Jio,NR,405,867,1037,12604,21.09622,72.61929,120.0,90.0,3279.0,"Plot 16, Near AM/NS India Port Gate, Hazira Industrial Belt, Surat, Gujarat 394270"
8f0c0b91-816f-490f-b688-edd28da0c03e,404-81-4045-12605,BSNL,LTE,404,81,4045,12605,21.09622,72.61929,240.0,90.0,3279.0,"Plot 16, Near AM/NS India Port Gate, Hazira Industrial Belt, Surat, Gujarat 394270"
221327c6-835d-4f12-925a-002e0338fe5c,404-10-2019-12606,Airtel,LTE,404,10,2019,12606,21.11675,72.6094,0.0,90.0,2415.0,"Plot 59, Near AM/NS India Port Gate, Hazira Industrial Belt, Surat, Gujarat 394270"
2a9cb4c4-b992-4127-add4-947002dda823,405-867-1023-12607,Jio,LTE,405,867,1023,12607,21.11675,72.6094,120.0,90.0,2415.0,"Plot 59, Near AM/NS India Port Gate, Hazira Industrial Belt, Surat, Gujarat 394270"
b7149e77-d816-4e57-bb43-4ed1716db207,404-10-2042-12608,Airtel,LTE,404,10,2042,12608,21.11675,72.6094,240.0,90.0,2415.0,"Plot 59, Near AM/NS India Port Gate, Hazira Industrial Belt, Surat, Gujarat 394270"
3b564d59-f27e-44f0-87a8-39835d1a5c31,404-10-2006-12609,Airtel,NR,404,10,2006,12609,21.14961,72.60452,22.0,90.0,1261.0,"Plot 42, Near AM/NS India Port Gate, Hazira Industrial Belt, Surat, Gujarat 394270"
034c8f62-7993-4493-804d-893f298dc56e,405-867-1024-12610,Jio,NR,405,867,1024,12610,21.09145,72.58618,0.0,90.0,1561.0,"Plot 4, Near Reliance Hazira Manufacturing Complex, Hazira Industrial Belt, Surat, Gujarat 394270"
a69e2811-7e66-4e0c-b506-781c85dc319a,404-10-2005-12611,Airtel,LTE,404,10,2005,12611,21.09145,72.58618,120.0,90.0,1561.0,"Plot 4, Near Reliance Hazira Manufacturing Complex, Hazira Industrial Belt, Surat, Gujarat 394270"
9ba2279a-92e0-404f-9120-6aacc8d1620c,404-10-2021-12612,Airtel,NR,404,10,2021,12612,21.09145,72.58618,240.0,90.0,1561.0,"Plot 4, Near Reliance Hazira Manufacturing Complex, Hazira Industrial Belt, Surat, Gujarat 394270"
33948336-0363-4eb6-b994-fc50cba2bf0a,405-867-1013-12613,Jio,NR,405,867,1013,12613,21.07056,72.65022,0.0,90.0,3203.0,"Plot 95, Near Reliance Hazira Manufacturing Complex, Hazira Industrial Belt, Surat, Gujarat 394270"
d5495682-0c8a-4767-bd66-7214a1b29bf3,405-867-1045-12614,Jio,LTE,405,867,1045,12614,21.07056,72.65022,120.0,90.0,3203.0,"Plot 95, Near Reliance Hazira Manufacturing Complex, Hazira Industrial Belt, Surat, Gujarat 394270"
5b20d273-6026-4772-8f12-f853afab1cc1,405-867-1030-12615,Jio,LTE,405,867,1030,12615,21.07056,72.65022,240.0,90.0,3203.0,"Plot 95, Near Reliance Hazira Manufacturing Complex, Hazira Industrial Belt, Surat, Gujarat 394270"
62932993-46ea-4839-8a27-72d9ffe113bc,405-867-1025-12616,Jio,LTE,405,867,1025,12616,21.09325,72.68122,0.0,90.0,3102.0,"Plot 119, Near Reliance Hazira Manufacturing Complex, Hazira Industrial Belt, Surat, Gujarat 394270"
ec243a98-1e1b-4400-b99a-1e94a00a732a,405-867-1009-12617,Jio,LTE,405,867,1009,12617,21.09325,72.68122,120.0,90.0,3102.0,"Plot 119, Near Reliance Hazira Manufacturing Complex, Hazira Industrial Belt, Surat, Gujarat 394270"
4d61bbab-d9af-470e-b062-f82363cb2c8f,404-20-3041-12618,Vi,LTE,404,20,3041,12618,21.09325,72.68122,240.0,90.0,3102.0,"Plot 119, Near Reliance Hazira Manufacturing Complex, Hazira Industrial Belt, Surat, Gujarat 394270"
2fe80087-c2af-418e-9a66-85c01b71361f,405-867-1031-12619,Jio,LTE,405,867,1031,12619,21.13448,72.66351,0.0,90.0,1953.0,"Plot 45, Near Reliance Hazira Manufacturing Complex, Hazira Industrial Belt, Surat, Gujarat 394270"
df09a82b-5318-4cda-a2f8-a3cde8906aaa,405-867-1002-12620,Jio,LTE,405,867,1002,12620,21.13448,72.66351,120.0,90.0,1953.0,"Plot 45, Near Reliance Hazira Manufacturing Complex, Hazira Industrial Belt, Surat, Gujarat 394270"
1b207d84-433d-4b89-8960-da63da91ed8b,405-867-1036-12621,Jio,LTE,405,867,1036,12621,21.13448,72.66351,240.0,90.0,1953.0,"Plot 45, Near Reliance Hazira Manufacturing Complex, Hazira Industrial Belt, Surat, Gujarat 394270"
296d7b07-f016-4c99-b421-f1ccfa2536cc,405-867-1023-12622,Jio,LTE,405,867,1023,12622,21.11084,72.6604,0.0,90.0,1854.0,"Plot 128, Near Mora Village, Hazira Industrial Belt, Surat, Gujarat 394270"
43032eec-2a7a-4aea-b14c-c5c505ec0d68,404-81-4021-12623,BSNL,GSM,404,81,4021,12623,21.11084,72.6604,120.0,90.0,1854.0,"Plot 128, Near Mora Village, Hazira Industrial Belt, Surat, Gujarat 394270"
0232948d-38a1-4211-beef-020cbddff2b6,404-10-2010-12624,Airtel,LTE,404,10,2010,12624,21.11084,72.6604,240.0,90.0,1854.0,"Plot 128, Near Mora Village, Hazira Industrial Belt, Surat, Gujarat 394270"
3a65474b-927c-4761-bc2c-27fb8b21ea23,404-10-2020-12625,Airtel,LTE,404,10,2020,12625,21.11989,72.69105,0.0,90.0,2461.0,"Plot 107, Near Essar Steel Township, Hazira Industrial Belt, Surat, Gujarat 394270"
9243db16-7e59-415d-ae69-cea41e996bd7,404-10-2008-12626,Airtel,LTE,404,10,2008,12626,21.11989,72.69105,120.0,90.0,2461.0,"Plot 107, Near Essar Steel Township, Hazira Industrial Belt, Surat, Gujarat 394270"
8f4ce988-38a9-42f6-af73-ac3d4335c40d,404-10-2022-12627,Airtel,LTE,404,10,2022,12627,21.11989,72.69105,240.0,90.0,2461.0,"Plot 107, Near Essar Steel Township, Hazira Industrial Belt, Surat, Gujarat 394270"
2a154e6c-76be-4241-ae2c-9a38981a12ca,405-867-1027-12628,Jio,LTE,405,867,1027,12628,21.10732,72.58353,0.0,90.0,3139.0,"Plot 95, Near Essar Steel Township, Hazira Industrial Belt, Surat, Gujarat 394270"
7bf6d2c7-341b-4aef-b32e-8d21f4d54999,405-867-1045-12629,Jio,NR,405,867,1045,12629,21.10732,72.58353,120.0,90.0,3139.0,"Plot 95, Near Essar Steel Township, Hazira Industrial Belt, Surat, Gujarat 394270"
b41d7975-843d-44a8-a53e-ee072d0f14c2,405-867-1021-12630,Jio,NR,405,867,1021,12630,21.10732,72.58353,240.0,90.0,3139.0,"Plot 95, Near Essar Steel Township, Hazira Industrial Belt, Surat, Gujarat 394270"
94c5d98e-cba3-4969-aa93-f92af0befda7,404-10-2021-12631,Airtel,GSM,404,10,2021,12631,21.08076,72.59396,0.0,90.0,2556.0,"Plot 72, Near Reliance Hazira Manufacturing Complex, Hazira Industrial Belt, Surat, Gujarat 394270"
4b738983-2869-420b-ae91-59b83ca28741,404-20-3015-12632,Vi,LTE,404,20,3015,12632,21.08076,72.59396,120.0,90.0,2556.0,"Plot 72, Near Reliance Hazira Manufacturing Complex, Hazira Industrial Belt, Surat, Gujarat 394270"
d441ce43-67a5-498a-8c54-7deec9889eca,404-10-2016-12633,Airtel,LTE,404,10,2016,12633,21.08076,72.59396,240.0,90.0,2556.0,"Plot 72, Near Reliance Hazira Manufacturing Complex, Hazira Industrial Belt, Surat, Gujarat 394270"
0a89e616-061a-4a70-8ac0-ae382a691439,405-867-1021-12634,Jio,LTE,405,867,1021,12634,21.07784,72.63786,0.0,90.0,1591.0,"Plot 81, Near ONGC Plant Complex, Hazira Industrial Belt, Surat, Gujarat 394270"
8db9f2b3-1cbf-41be-9bbb-ad222207ac71,405-867-1039-12635,Jio,LTE,405,867,1039,12635,21.07784,72.63786,120.0,90.0,1591.0,"Plot 81, Near ONGC Plant Complex, Hazira Industrial Belt, Surat, Gujarat 394270"
eddf7c2b-84bf-408a-ba12-8e11a0e0d23c,404-20-3018-12636,Vi,GSM,404,20,3018,12636,21.07784,72.63786,240.0,90.0,1591.0,"Plot 81, Near ONGC Plant Complex, Hazira Industrial Belt, Surat, Gujarat 394270"
38660a6c-c49a-4bd6-ad19-48c5c905b0a5,404-20-3016-12637,Vi,LTE,404,20,3016,12637,21.14604,72.64988,0.0,90.0,2690.0,"Plot 71, Near Essar Steel Township, Hazira Industrial Belt, Surat, Gujarat 394270"
a3900d23-989f-4f9e-982f-fee29dc754a2,405-867-1023-12638,Jio,LTE,405,867,1023,12638,21.14604,72.64988,120.0,90.0,2690.0,"Plot 71, Near Essar Steel Township, Hazira Industrial Belt, Surat, Gujarat 394270"
d9275476-ffdd-42a0-accf-ad695dd0c238,404-20-3010-12639,Vi,LTE,404,20,3010,12639,21.14604,72.64988,240.0,90.0,2690.0,"Plot 71, Near Essar Steel Township, Hazira Industrial Belt, Surat, Gujarat 394270"
f1a7c3a5-8aec-4ac4-9978-346610b01368,405-867-1013-12640,Jio,NR,405,867,1013,12640,21.12611,72.57958,0.0,90.0,3396.0,"Plot 81, Near Reliance Hazira Manufacturing Complex, Hazira Industrial Belt, Surat, Gujarat 394270"
856191b8-008d-4be7-9a0d-6d458e6f6ad2,404-81-4008-12641,BSNL,LTE,404,81,4008,12641,21.12611,72.57958,120.0,90.0,3396.0,"Plot 81, Near Reliance Hazira Manufacturing Complex, Hazira Industrial Belt, Surat, Gujarat 394270"
b82f3cc6-dd75-48ad-83ac-e44e5ae25fd5,405-867-1013-12642,Jio,LTE,405,867,1013,12642,21.12611,72.57958,240.0,90.0,3396.0,"Plot 81, Near Reliance Hazira Manufacturing Complex, Hazira Industrial Belt, Surat, Gujarat 394270"
5657aed4-332c-42a7-9b54-ee66dd748d00,405-867-1019-12643,Jio,LTE,405,867,1019,12643,21.07685,72.62892,0.0,90.0,1244.0,"Plot 97, Near Essar Steel Township, Hazira Industrial Belt, Surat, Gujarat 394270"
9e98430f-fec4-477d-91f7-8b8c209f4b43,405-867-1027-12644,Jio,LTE,405,867,1027,12644,21.07685,72.62892,120.0,90.0,1244.0,"Plot 97, Near Essar Steel Township, Hazira Industrial Belt, Surat, Gujarat 394270"
d18db42a-26a0-4284-a3dd-7259f1cb50ad,405-867-1010-12645,Jio,LTE,405,867,1010,12645,21.07685,72.62892,240.0,90.0,1244.0,"Plot 97, Near Essar Steel Township, Hazira Industrial Belt, Surat, Gujarat 394270"
38118ec8-4ab8-42e5-995b-422e509cbaa3,404-20-3013-12646,Vi,LTE,404,20,3013,12646,21.08319,72.64687,0.0,90.0,1641.0,"Plot 114, Near Essar Steel Township, Hazira Industrial Belt, Surat, Gujarat 394270"
939d1f96-2ce5-44d8-92d1-2c500ec073cd,404-10-2011-12647,Airtel,LTE,404,10,2011,12647,21.08319,72.64687,120.0,90.0,1641.0,"Plot 114, Near Essar Steel Township, Hazira Industrial Belt, Surat, Gujarat 394270"
3ce4d94b-1038-4269-b315-62842e0f389f,404-10-2002-12648,Airtel,LTE,404,10,2002,12648,21.08319,72.64687,240.0,90.0,1641.0,"Plot 114, Near Essar Steel Township, Hazira Industrial Belt, Surat, Gujarat 394270"
90a2c716-134f-40f2-a2c3-ad0df500e5a4,404-20-3002-12649,Vi,LTE,404,20,3002,12649,21.15087,72.67294,0.0,90.0,2491.0,"Plot 123, Near Mora Village, Hazira Industrial Belt, Surat, Gujarat 394270"
a4fa6049-9277-48e9-9ad3-1362d48ac8cb,404-10-2026-12650,Airtel,LTE,404,10,2026,12650,21.15087,72.67294,120.0,90.0,2491.0,"Plot 123, Near Mora Village, Hazira Industrial Belt, Surat, Gujarat 394270"
1f4b7559-f922-458d-b638-eaedb8635c83,405-867-1003-12651,Jio,LTE,405,867,1003,12651,21.15087,72.67294,240.0,90.0,2491.0,"Plot 123, Near Mora Village, Hazira Industrial Belt, Surat, Gujarat 394270"
3132866b-11ca-4466-9f2e-15f78d7ed8e2,404-10-2032-12652,Airtel,NR,404,10,2032,12652,21.09573,72.60885,0.0,90.0,1428.0,"Plot 11, Near Mora Village, Hazira Industrial Belt, Surat, Gujarat 394270"
4c930a2a-6dfe-4b7a-8054-05bef0810ed4,405-867-1010-12653,Jio,LTE,405,867,1010,12653,21.09573,72.60885,120.0,90.0,1428.0,"Plot 11, Near Mora Village, Hazira Industrial Belt, Surat, Gujarat 394270"
1fc7f6c5-86ca-47b9-95d1-e1cedb159cdc,405-867-1016-12654,Jio,LTE,405,867,1016,12654,21.09573,72.60885,240.0,90.0,1428.0,"Plot 11, Near Mora Village, Hazira Industrial Belt, Surat, Gujarat 394270"
b6bdd6fc-1079-4a05-a84a-c2e135903b6c,405-867-1027-12655,Jio,LTE,405,867,1027,12655,21.14243,72.65415,120.3,60.0,1704.0,"Plot 87, Near AM/NS India Port Gate, Hazira Industrial Belt, Surat, Gujarat 394270"
20101e44-7c9a-45bb-8d06-71a1d5286e4a,405-867-1017-12656,Jio,LTE,405,867,1017,12656,21.09346,72.60643,0.0,90.0,2048.0,"Plot 141, Near Essar Steel Township, Hazira Industrial Belt, Surat, Gujarat 394270"
da8ef785-e39d-47fa-84d0-8d4096914108,405-867-1044-12657,Jio,LTE,405,867,1044,12657,21.09346,72.60643,120.0,90.0,2048.0,"Plot 141, Near Essar Steel Township, Hazira Industrial Belt, Surat, Gujarat 394270"
337ff717-95ed-4760-ab4e-27c4e2ff3cb8,404-10-2045-12658,Airtel,LTE,404,10,2045,12658,21.09346,72.60643,240.0,90.0,2048.0,"Plot 141, Near Essar Steel Township, Hazira Industrial Belt, Surat, Gujarat 394270"
2878b841-d8fa-49af-8424-2e6e4c4e325b,404-10-2041-12659,Airtel,LTE,404,10,2041,12659,21.11689,72.64805,0.0,90.0,1763.0,"Plot 60, Near Essar Steel Township, Hazira Industrial Belt, Surat, Gujarat 394270"
6dadb86a-2663-4747-bdd7-a83390bd8ec2,404-10-2019-12660,Airtel,LTE,404,10,2019,12660,21.11689,72.64805,120.0,90.0,1763.0,"Plot 60, Near Essar Steel Township, Hazira Industrial Belt, Surat, Gujarat 394270"
e82eaf68-32e8-4e6b-867f-7f17dfce7ad9,405-867-1045-12661,Jio,LTE,405,867,1045,12661,21.11689,72.64805,240.0,90.0,1763.0,"Plot 60, Near Essar Steel Township, Hazira Industrial Belt, Surat, Gujarat 394270"
db3141ea-82a3-48b8-8073-2585516239be,405-867-1038-12662,Jio,LTE,405,867,1038,12662,21.10207,72.64321,0.0,90.0,3213.0,"Plot 10, Near Essar Steel Township, Hazira Industrial Belt, Surat, Gujarat 394270"
48d96e52-96b5-4449-8d8c-3c438000b1e8,404-20-3011-12663,Vi,LTE,404,20,3011,12663,21.10207,72.64321,120.0,90.0,3213.0,"Plot 10, Near Essar Steel Township, Hazira Industrial Belt, Surat, Gujarat 394270"
c6002d26-aa05-4083-aa34-25d74d2f1921,405-867-1001-12664,Jio,LTE,405,867,1001,12664,21.10207,72.64321,240.0,90.0,3213.0,"Plot 10, Near Essar Steel Township, Hazira Industrial Belt, Surat, Gujarat 394270"
b6dbe087-e0f4-43d1-8b1a-d861d489d9bb,405-867-1039-12665,Jio,NR,405,867,1039,12665,21.15524,72.60956,0.0,90.0,3292.0,"Plot 69, Near AM/NS India Port Gate, Hazira Industrial Belt, Surat, Gujarat 394270"
ae4c44a8-4416-4e33-bf07-a2cc96ddeeb9,405-867-1017-12666,Jio,LTE,405,867,1017,12666,21.15524,72.60956,120.0,90.0,3292.0,"Plot 69, Near AM/NS India Port Gate, Hazira Industrial Belt, Surat, Gujarat 394270"
9c234811-8016-4283-866c-25c73e162c1c,405-867-1029-12667,Jio,LTE,405,867,1029,12667,21.15524,72.60956,240.0,90.0,3292.0,"Plot 69, Near AM/NS India Port Gate, Hazira Industrial Belt, Surat, Gujarat 394270"
b6b52344-217a-4817-a17d-b739891109ad,405-867-1014-12668,Jio,NR,405,867,1014,12668,21.15644,72.64313,0.0,90.0,1661.0,"Plot 104, Near Mora Village, Hazira Industrial Belt, Surat, Gujarat 394270"
af1c9b6d-647e-4d46-9500-858901d96a4e,405-867-1020-12669,Jio,LTE,405,867,1020,12669,21.15644,72.64313,120.0,90.0,1661.0,"Plot 104, Near Mora Village, Hazira Industrial Belt, Surat, Gujarat 394270"
637876db-d29e-43a3-b03a-a49f42e5c73b,404-20-3038-12670,Vi,LTE,404,20,3038,12670,21.15644,72.64313,240.0,90.0,1661.0,"Plot 104, Near Mora Village, Hazira Industrial Belt, Surat, Gujarat 394270"
dc045d20-3f06-472f-9944-0a20237708ee,405-867-1001-12671,Jio,LTE,405,867,1001,12671,21.12855,72.60303,0.0,90.0,2233.0,"Plot 59, Near ONGC Plant Complex, Hazira Industrial Belt, Surat, Gujarat 394270"
ea72b247-d9cb-4579-98e4-f4a3f25ada8f,405-867-1022-12672,Jio,LTE,405,867,1022,12672,21.12855,72.60303,120.0,90.0,2233.0,"Plot 59, Near ONGC Plant Complex, Hazira Industrial Belt, Surat, Gujarat 394270"
71ed9b6d-d481-4128-818a-9ea65bc953dc,405-867-1025-12673,Jio,NR,405,867,1025,12673,21.12855,72.60303,240.0,90.0,2233.0,"Plot 59, Near ONGC Plant Complex, Hazira Industrial Belt, Surat, Gujarat 394270"
fb14d956-a7eb-41b2-b4ef-70db231478ab,404-10-2043-12674,Airtel,LTE,404,10,2043,12674,21.1081,72.59626,0.0,90.0,3166.0,"Plot 43, Near Reliance Hazira Manufacturing Complex, Hazira Industrial Belt, Surat, Gujarat 394270"
fc55e424-adc0-47b8-9bd3-83b6bdebdc6f,404-20-3040-12675,Vi,LTE,404,20,3040,12675,21.1081,72.59626,120.0,90.0,3166.0,"Plot 43, Near Reliance Hazira Manufacturing Complex, Hazira Industrial Belt, Surat, Gujarat 394270"
278b0949-d325-46e2-a83d-83b8edb2c773,405-867-1002-12676,Jio,LTE,405,867,1002,12676,21.1081,72.59626,240.0,90.0,3166.0,"Plot 43, Near Reliance Hazira Manufacturing Complex, Hazira Industrial Belt, Surat, Gujarat 394270"
f97f8e16-430b-4021-8cfc-5d2978db3aa9,404-10-2007-12677,Airtel,GSM,404,10,2007,12677,21.07833,72.59842,0.0,90.0,2762.0,"Plot 1, Near AM/NS India Port Gate, Hazira Industrial Belt, Surat, Gujarat 394270"
c9635f8b-55f2-40de-8b0c-f7350ee50a32,405-867-1013-12678,Jio,LTE,405,867,1013,12678,21.07833,72.59842,120.0,90.0,2762.0,"Plot 1, Near AM/NS India Port Gate, Hazira Industrial Belt, Surat, Gujarat 394270"
b76d09c3-eff0-4441-8602-9096a1006202,404-81-4024-12679,BSNL,LTE,404,81,4024,12679,21.07833,72.59842,240.0,90.0,2762.0,"Plot 1, Near AM/NS India Port Gate, Hazira Industrial Belt, Surat, Gujarat 394270"
69a5001b-c756-4a11-b5de-22678ed82781,405-867-1014-12680,Jio,LTE,405,867,1014,12680,21.14622,72.65235,0.0,90.0,1691.0,"Plot 77, Near ONGC Plant Complex, Hazira Industrial Belt, Surat, Gujarat 394270"
a0ad609a-e35b-42e7-aab5-3789fb96c158,405-867-1044-12681,Jio,LTE,405,867,1044,12681,21.14622,72.65235,120.0,90.0,1691.0,"Plot 77, Near ONGC Plant Complex, Hazira Industrial Belt, Surat, Gujarat 394270"
371855c5-5421-4a8a-807e-eb9b0f16b3c6,404-20-3031-12682,Vi,GSM,404,20,3031,12682,21.14622,72.65235,240.0,90.0,1691.0,"Plot 77, Near ONGC Plant Complex, Hazira Industrial Belt, Surat, Gujarat 394270"
a74f7c82-afa9-4b44-9b91-7908891091cf,405-867-1037-12683,Jio,LTE,405,867,1037,12683,21.1236,72.65297,0.0,90.0,3483.0,"Plot 117, Near Essar Steel Township, Hazira Industrial Belt, Surat, Gujarat 394270"
616decf9-2c98-41e3-89a2-aa5cc03f9e4a,405-867-1010-12684,Jio,LTE,405,867,1010,12684,21.1236,72.65297,120.0,90.0,3483.0,"Plot 117, Near Essar Steel Township, Hazira Industrial Belt, Surat, Gujarat 394270"
0b112780-45b0-4168-a2e8-c873b64c51aa,405-867-1025-12685,Jio,LTE,405,867,1025,12685,21.1236,72.65297,240.0,90.0,3483.0,"Plot 117, Near Essar Steel Township, Hazira Industrial Belt, Surat, Gujarat 394270"
f4bd33ed-0278-4eef-ab1b-5078b5f57d88,404-10-2005-12686,Airtel,LTE,404,10,2005,12686,21.15264,72.64267,0.0,90.0,1254.0,"Plot 106, Near Reliance Hazira Manufacturing Complex, Hazira Industrial Belt, Surat, Gujarat 394270"
05a2ee1b-4891-408a-add2-e4dd65bc1b19,404-81-4019-12687,BSNL,LTE,404,81,4019,12687,21.15264,72.64267,120.0,90.0,1254.0,"Plot 106, Near Reliance Hazira Manufacturing Complex, Hazira Industrial Belt, Surat, Gujarat 394270"
dcc8d458-5fbe-483e-9954-122de104122e,404-10-2018-12688,Airtel,LTE,404,10,2018,12688,21.15264,72.64267,240.0,90.0,1254.0,"Plot 106, Near Reliance Hazira Manufacturing Complex, Hazira Industrial Belt, Surat, Gujarat 394270"
a7c7cc7d-84ff-4911-a6c5-b8928605f6c9,404-81-4037-12689,BSNL,GSM,404,81,4037,12689,21.14323,72.63968,0.0,90.0,1207.0,"Plot 61, Near Essar Steel Township, Hazira Industrial Belt, Surat, Gujarat 394270"
df5c0f6f-8426-4c19-922c-9b2b42e0e9fb,404-20-3045-12690,Vi,LTE,404,20,3045,12690,21.14323,72.63968,120.0,90.0,1207.0,"Plot 61, Near Essar Steel Township, Hazira Industrial Belt, Surat, Gujarat 394270"
c095f87d-6244-409e-8aac-f12c63b706cd,405-867-1004-12691,Jio,LTE,405,867,1004,12691,21.14323,72.63968,240.0,90.0,1207.0,"Plot 61, Near Essar Steel Township, Hazira Industrial Belt, Surat, Gujarat 394270"
27e78cfd-4363-4c40-8c7f-feb5d9161ffa,405-867-1024-12692,Jio,LTE,405,867,1024,12692,21.11116,72.65262,0.0,90.0,3430.0,"Plot 117, Near AM/NS India Port Gate, Hazira Industrial Belt, Surat, Gujarat 394270"
e2bf6824-8b1d-402a-8bae-e80275e314de,404-10-2021-12693,Airtel,LTE,404,10,2021,12693,21.11116,72.65262,120.0,90.0,3430.0,"Plot 117, Near AM/NS India Port Gate, Hazira Industrial Belt, Surat, Gujarat 394270"
64f8c219-84e9-42b4-b2d0-99f9edc5f5fb,404-10-2012-12694,Airtel,LTE,404,10,2012,12694,21.11116,72.65262,240.0,90.0,3430.0,"Plot 117, Near AM/NS India Port Gate, Hazira Industrial Belt, Surat, Gujarat 394270"
237f8d51-6f59-4807-9859-19669c97d745,405-867-1006-12695,Jio,NR,405,867,1006,12695,21.08588,72.61779,235.4,90.0,1755.0,"Plot 75, Near AM/NS India Port Gate, Hazira Industrial Belt, Surat, Gujarat 394270"
347196a6-061a-4803-8adf-70b57e80e101,404-20-3011-12696,Vi,GSM,404,20,3011,12696,21.07425,72.60235,0.0,90.0,3046.0,"Plot 92, Near AM/NS India Port Gate, Hazira Industrial Belt, Surat, Gujarat 394270"
5d4c04ad-5b37-4527-825a-b37aff75a557,404-20-3041-12697,Vi,LTE,404,20,3041,12697,21.07425,72.60235,120.0,90.0,3046.0,"Plot 92, Near AM/NS India Port Gate, Hazira Industrial Belt, Surat, Gujarat 394270"
a0386755-af35-4107-9ddb-6e996d2e9eb0,405-867-1041-12698,Jio,LTE,405,867,1041,12698,21.07425,72.60235,240.0,90.0,3046.0,"Plot 92, Near AM/NS India Port Gate, Hazira Industrial Belt, Surat, Gujarat 394270"
cb859a01-67b2-42aa-85af-1dc251ca1107,405-867-1008-12699,Jio,LTE,405,867,1008,12699,21.09409,72.70779,0.0,90.0,1811.0,"Plot 53, Near Surat International Airport, Dumas Road, Airport Zone, Surat, Gujarat 395007"
8f24c3c8-7635-4d2c-b75a-fc59beb88abc,404-81-4034-12700,BSNL,LTE,404,81,4034,12700,21.09409,72.70779,120.0,90.0,1811.0,"Plot 53, Near Surat International Airport, Dumas Road, Airport Zone, Surat, Gujarat 395007"
54bb436a-29f3-462a-bfc0-195b15ab49fc,405-867-1036-12701,Jio,LTE,405,867,1036,12701,21.09409,72.70779,240.0,90.0,1811.0,"Plot 53, Near Surat International Airport, Dumas Road, Airport Zone, Surat, Gujarat 395007"
8a63cd92-8bbf-43f9-be0f-3ac22b42c5be,404-10-2036-12702,Airtel,NR,404,10,2036,12702,21.07542,72.70774,0.0,90.0,1666.0,"Plot 86, Near Surat International Airport, Dumas Road, Airport Zone, Surat, Gujarat 395007"
e669d920-dfed-4b7d-89f7-3867a6176f84,404-20-3026-12703,Vi,LTE,404,20,3026,12703,21.07542,72.70774,120.0,90.0,1666.0,"Plot 86, Near Surat International Airport, Dumas Road, Airport Zone, Surat, Gujarat 395007"
f4a3501e-5f7a-46d1-96d0-f1e7fd8a17df,405-867-1027-12704,Jio,LTE,405,867,1027,12704,21.07542,72.70774,240.0,90.0,1666.0,"Plot 86, Near Surat International Airport, Dumas Road, Airport Zone, Surat, Gujarat 395007"
2cc76df9-7661-48e9-be16-d5f758490c46,404-20-3001-12705,Vi,LTE,404,20,3001,12705,21.06794,72.68063,0.0,90.0,2421.0,"Plot 117, Near Surat International Airport, Dumas Road, Airport Zone, Surat, Gujarat 395007"
35e95516-ca4d-4d77-8f70-4cd86c86e65f,404-20-3007-12706,Vi,GSM,404,20,3007,12706,21.06794,72.68063,120.0,90.0,2421.0,"Plot 117, Near Surat International Airport, Dumas Road, Airport Zone, Surat, Gujarat 395007"
b79748eb-2b42-4db5-b111-5d16db12b811,405-867-1045-12707,Jio,NR,405,867,1045,12707,21.06794,72.68063,240.0,90.0,2421.0,"Plot 117, Near Surat International Airport, Dumas Road, Airport Zone, Surat, Gujarat 395007"
b4a863c1-efdf-4f1e-a316-8c30bb31afa3,404-10-2013-12708,Airtel,GSM,404,10,2013,12708,21.1064,72.71757,0.0,90.0,2109.0,"Plot 78, Near Sultanabad Coastal Road, Dumas Road, Airport Zone, Surat, Gujarat 395007"
f5db3071-3511-47f8-b7af-07769702f03d,405-867-1008-12709,Jio,LTE,405,867,1008,12709,21.1064,72.71757,120.0,90.0,2109.0,"Plot 78, Near Sultanabad Coastal Road, Dumas Road, Airport Zone, Surat, Gujarat 395007"
60fc3ad7-36bf-4b45-bf79-25b443500d8e,405-867-1044-12710,Jio,NR,405,867,1044,12710,21.1064,72.71757,240.0,90.0,2109.0,"Plot 78, Near Sultanabad Coastal Road, Dumas Road, Airport Zone, Surat, Gujarat 395007"
521040ca-436c-4976-b452-7f2825b195ae,405-867-1020-12711,Jio,LTE,405,867,1020,12711,21.10574,72.73569,0.0,90.0,2354.0,"Plot 109, Near Dumas Beach Jetty, Dumas Road, Airport Zone, Surat, Gujarat 395007"
020d45d5-5c0a-4f1d-a52f-f095b8cf4d55,405-867-1020-12712,Jio,LTE,405,867,1020,12712,21.10574,72.73569,120.0,90.0,2354.0,"Plot 109, Near Dumas Beach Jetty, Dumas Road, Airport Zone, Surat, Gujarat 395007"
a631198c-f74b-4afe-92c6-5ff3092dd9af,405-867-1031-12713,Jio,LTE,405,867,1031,12713,21.10574,72.73569,240.0,90.0,2354.0,"Plot 109, Near Dumas Beach Jetty, Dumas Road, Airport Zone, Surat, Gujarat 395007"
d731b499-d611-4ef5-b5e6-adbd1128e9cd,405-867-1025-12714,Jio,LTE,405,867,1025,12714,21.06201,72.69698,0.0,90.0,1719.0,"Plot 9, Near Sultanabad Coastal Road, Dumas Road, Airport Zone, Surat, Gujarat 395007"
aa4b23b6-7185-4d18-bed5-ecde4dfdf2ac,404-20-3028-12715,Vi,GSM,404,20,3028,12715,21.06201,72.69698,120.0,90.0,1719.0,"Plot 9, Near Sultanabad Coastal Road, Dumas Road, Airport Zone, Surat, Gujarat 395007"
ee7ef8b1-0c53-48c9-a8de-6771cbebb786,404-10-2023-12716,Airtel,LTE,404,10,2023,12716,21.06201,72.69698,240.0,90.0,1719.0,"Plot 9, Near Sultanabad Coastal Road, Dumas Road, Airport Zone, Surat, Gujarat 395007"
22c903b6-07ce-4771-bebb-140f13700b41,405-867-1016-12717,Jio,LTE,405,867,1016,12717,21.12047,72.71242,170.6,60.0,1243.0,"Plot 98, Near Dumas Beach Jetty, Dumas Road, Airport Zone, Surat, Gujarat 395007"
8307400d-a42a-43c1-96cd-90316f7d7a3a,405-867-1003-12718,Jio,NR,405,867,1003,12718,21.07886,72.68461,0.0,90.0,1690.0,"Plot 117, Near Dumas Beach Jetty, Dumas Road, Airport Zone, Surat, Gujarat 395007"
bbad7d3a-ea51-4d52-b248-7c55c8298af2,405-867-1029-12719,Jio,LTE,405,867,1029,12719,21.07886,72.68461,120.0,90.0,1690.0,"Plot 117, Near Dumas Beach Jetty, Dumas Road, Airport Zone, Surat, Gujarat 395007"
e3ee0d99-c806-4e0b-a723-336055aa7055,405-867-1001-12720,Jio,LTE,405,867,1001,12720,21.07886,72.68461,240.0,90.0,1690.0,"Plot 117, Near Dumas Beach Jetty, Dumas Road, Airport Zone, Surat, Gujarat 395007"
5bcc98f8-2400-445b-8ae9-f1eeead3e81b,405-867-1037-12721,Jio,LTE,405,867,1037,12721,21.07094,72.69086,0.0,90.0,2028.0,"Plot 130, Near Dumas Beach Jetty, Dumas Road, Airport Zone, Surat, Gujarat 395007"
7adf2027-18ee-4f33-8815-925030b0ce8f,405-867-1042-12722,Jio,NR,405,867,1042,12722,21.07094,72.69086,120.0,90.0,2028.0,"Plot 130, Near Dumas Beach Jetty, Dumas Road, Airport Zone, Surat, Gujarat 395007"
0e5fa3ea-6b42-4769-84cf-6d25674ce2df,404-10-2008-12723,Airtel,LTE,404,10,2008,12723,21.07094,72.69086,240.0,90.0,2028.0,"Plot 130, Near Dumas Beach Jetty, Dumas Road, Airport Zone, Surat, Gujarat 395007"
4eee5a3a-8633-455d-b98b-d3490e51e672,405-867-1008-12724,Jio,LTE,405,867,1008,12724,21.07486,72.69278,0.0,90.0,1081.0,"Plot 76, Near Sultanabad Coastal Road, Dumas Road, Airport Zone, Surat, Gujarat 395007"
0da33106-69ee-481c-9387-9952f59fc918,404-10-2005-12725,Airtel,GSM,404,10,2005,12725,21.07486,72.69278,120.0,90.0,1081.0,"Plot 76, Near Sultanabad Coastal Road, Dumas Road, Airport Zone, Surat, Gujarat 395007"
8e6e2cad-3f46-4553-8047-af7ebd2c52f6,405-867-1001-12726,Jio,LTE,405,867,1001,12726,21.07486,72.69278,240.0,90.0,1081.0,"Plot 76, Near Sultanabad Coastal Road, Dumas Road, Airport Zone, Surat, Gujarat 395007"
16d61e40-3bc4-414d-97c0-b4fbc00b5824,404-10-2015-12727,Airtel,NR,404,10,2015,12727,21.05543,72.75214,63.9,90.0,1443.0,"Plot 97, Near Surat International Airport, Dumas Road, Airport Zone, Surat, Gujarat 395007"
4ffe2242-064a-4a11-8005-8958601cf0af,404-20-3037-12728,Vi,GSM,404,20,3037,12728,21.07586,72.68266,0.0,90.0,1270.0,"Plot 26, Near Dumas Beach Jetty, Dumas Road, Airport Zone, Surat, Gujarat 395007"
8791f47d-40f7-4be7-83dd-feb6b7c344e0,405-867-1045-12729,Jio,LTE,405,867,1045,12729,21.07586,72.68266,120.0,90.0,1270.0,"Plot 26, Near Dumas Beach Jetty, Dumas Road, Airport Zone, Surat, Gujarat 395007"
5943b7ae-8644-4c76-9a9b-c5c60745eacf,405-867-1045-12730,Jio,LTE,405,867,1045,12730,21.07586,72.68266,240.0,90.0,1270.0,"Plot 26, Near Dumas Beach Jetty, Dumas Road, Airport Zone, Surat, Gujarat 395007"
5b3f269e-a24b-4dd7-875b-16298e12ce07,405-867-1043-12731,Jio,LTE,405,867,1043,12731,21.06244,72.75131,152.7,360.0,1216.0,"Plot 122, Near Sultanabad Coastal Road, Dumas Road, Airport Zone, Surat, Gujarat 395007"
97835d4f-181d-4ccc-9420-ad2b84dcd6e9,404-10-2035-12732,Airtel,LTE,404,10,2035,12732,21.06701,72.74903,56.7,360.0,1095.0,"Plot 36, Near Surat International Airport, Dumas Road, Airport Zone, Surat, Gujarat 395007"
36529aaa-1417-43f8-921b-10d7543133c8,404-10-2010-12733,Airtel,LTE,404,10,2010,12733,21.06861,72.74294,0.0,90.0,1237.0,"Plot 48, Near Dumas Beach Jetty, Dumas Road, Airport Zone, Surat, Gujarat 395007"
55e6933b-a509-430c-a590-c93d139bb15d,405-867-1026-12734,Jio,LTE,405,867,1026,12734,21.06861,72.74294,120.0,90.0,1237.0,"Plot 48, Near Dumas Beach Jetty, Dumas Road, Airport Zone, Surat, Gujarat 395007"
9efe4912-3fc9-4577-9d4c-11a5b75106c1,405-867-1001-12735,Jio,LTE,405,867,1001,12735,21.06861,72.74294,240.0,90.0,1237.0,"Plot 48, Near Dumas Beach Jetty, Dumas Road, Airport Zone, Surat, Gujarat 395007"
97fd346f-50c4-4ea4-9e5f-005c87ff046e,405-867-1031-12736,Jio,LTE,405,867,1031,12736,21.11298,72.7507,0.0,90.0,1280.0,"Plot 78, Near Dumas Beach Jetty, Dumas Road, Airport Zone, Surat, Gujarat 395007"
d289323b-6040-4ea6-b67a-9f82a623f50e,404-20-3031-12737,Vi,LTE,404,20,3031,12737,21.11298,72.7507,120.0,90.0,1280.0,"Plot 78, Near Dumas Beach Jetty, Dumas Road, Airport Zone, Surat, Gujarat 395007"
056587a2-a835-465f-86f1-017b1ef40b02,405-867-1012-12738,Jio,LTE,405,867,1012,12738,21.11298,72.7507,240.0,90.0,1280.0,"Plot 78, Near Dumas Beach Jetty, Dumas Road, Airport Zone, Surat, Gujarat 395007"
0eae046a-8621-4d5e-a11e-0bbd96903336,404-10-2005-12739,Airtel,NR,404,10,2005,12739,21.05761,72.74996,0.0,90.0,2756.0,"Plot 38, Near Dumas Beach Jetty, Dumas Road, Airport Zone, Surat, Gujarat 395007"
e40f2ee9-250d-40c4-aa2a-4a2aeecac742,405-867-1005-12740,Jio,NR,405,867,1005,12740,21.05761,72.74996,120.0,90.0,2756.0,"Plot 38, Near Dumas Beach Jetty, Dumas Road, Airport Zone, Surat, Gujarat 395007"
05cf3543-b602-4b87-853d-2cc343ba9c3a,404-10-2027-12741,Airtel,LTE,404,10,2027,12741,21.05761,72.74996,240.0,90.0,2756.0,"Plot 38, Near Dumas Beach Jetty, Dumas Road, Airport Zone, Surat, Gujarat 395007"
f8c3fee7-0314-4ed7-8da1-6e9770473c7e,405-867-1026-12742,Jio,NR,405,867,1026,12742,21.09961,72.70025,0.0,90.0,2540.0,"Plot 68, Near Surat International Airport, Dumas Road, Airport Zone, Surat, Gujarat 395007"
a2a654da-5ebf-4381-b524-4461c07ed40a,405-867-1024-12743,Jio,LTE,405,867,1024,12743,21.09961,72.70025,120.0,90.0,2540.0,"Plot 68, Near Surat International Airport, Dumas Road, Airport Zone, Surat, Gujarat 395007"
7bcb92c3-23d4-4229-8bf8-b2688ee427c6,405-867-1015-12744,Jio,LTE,405,867,1015,12744,21.09961,72.70025,240.0,90.0,2540.0,"Plot 68, Near Surat International Airport, Dumas Road, Airport Zone, Surat, Gujarat 395007"
ee020762-d491-47fc-8a15-90af518b6599,405-867-1028-12745,Jio,NR,405,867,1028,12745,21.08485,72.70719,0.0,90.0,2067.0,"Plot 41, Near Sultanabad Coastal Road, Dumas Road, Airport Zone, Surat, Gujarat 395007"
fab744c1-a893-4e86-b78c-d59316d8de08,404-10-2036-12746,Airtel,LTE,404,10,2036,12746,21.08485,72.70719,120.0,90.0,2067.0,"Plot 41, Near Sultanabad Coastal Road, Dumas Road, Airport Zone, Surat, Gujarat 395007"
234d40c3-188b-4845-8fc4-fda8d572377f,405-867-1010-12747,Jio,NR,405,867,1010,12747,21.08485,72.70719,240.0,90.0,2067.0,"Plot 41, Near Sultanabad Coastal Road, Dumas Road, Airport Zone, Surat, Gujarat 395007"
913a5e6f-7934-4cb1-95a6-5bac5c031540,404-20-3020-12748,Vi,GSM,404,20,3020,12748,21.08644,72.71436,0.0,90.0,2331.0,"Plot 101, Near Silent Zone Dumas, Dumas Road, Airport Zone, Surat, Gujarat 395007"
6b828c69-0291-4382-890b-3503b202d158,404-20-3020-12749,Vi,LTE,404,20,3020,12749,21.08644,72.71436,120.0,90.0,2331.0,"Plot 101, Near Silent Zone Dumas, Dumas Road, Airport Zone, Surat, Gujarat 395007"
0a78a48c-b8e2-4f1d-ac03-0893734f51b7,404-20-3032-12750,Vi,LTE,404,20,3032,12750,21.08644,72.71436,240.0,90.0,2331.0,"Plot 101, Near Silent Zone Dumas, Dumas Road, Airport Zone, Surat, Gujarat 395007"
9c5f41b1-d0e9-4f9d-b10c-c7bb63068202,405-867-1034-12751,Jio,LTE,405,867,1034,12751,21.05325,72.75459,0.0,90.0,2416.0,"Plot 121, Near Surat International Airport, Dumas Road, Airport Zone, Surat, Gujarat 395007"
29bf11f5-10c7-4d63-9783-884ee130d3b5,404-10-2041-12752,Airtel,LTE,404,10,2041,12752,21.05325,72.75459,120.0,90.0,2416.0,"Plot 121, Near Surat International Airport, Dumas Road, Airport Zone, Surat, Gujarat 395007"
4ccf3043-4d0d-43bb-9965-99adc28f65f8,405-867-1019-12753,Jio,LTE,405,867,1019,12753,21.05325,72.75459,240.0,90.0,2416.0,"Plot 121, Near Surat International Airport, Dumas Road, Airport Zone, Surat, Gujarat 395007"
03c88f67-5152-4db1-9b01-93776c37044e,404-81-4022-12754,BSNL,GSM,404,81,4022,12754,21.06687,72.7119,0.0,90.0,1713.0,"Plot 62, Near Silent Zone Dumas, Dumas Road, Airport Zone, Surat, Gujarat 395007"
d139e723-0287-49f4-ad11-5ca89611019f,404-10-2017-12755,Airtel,LTE,404,10,2017,12755,21.06687,72.7119,120.0,90.0,1713.0,"Plot 62, Near Silent Zone Dumas, Dumas Road, Airport Zone, Surat, Gujarat 395007"
8c9c8ca3-16ac-4a80-9a0a-ad3f24ca38c3,404-10-2013-12756,Airtel,LTE,404,10,2013,12756,21.06687,72.7119,240.0,90.0,1713.0,"Plot 62, Near Silent Zone Dumas, Dumas Road, Airport Zone, Surat, Gujarat 395007"
1adcba8f-c002-448a-9711-f35fd43f3fde,405-867-1021-12757,Jio,LTE,405,867,1021,12757,21.08988,72.67971,0.0,90.0,2404.0,"Plot 76, Near Surat International Airport, Dumas Road, Airport Zone, Surat, Gujarat 395007"
130031de-7631-4eab-ab59-aacc183ef52f,405-867-1034-12758,Jio,LTE,405,867,1034,12758,21.08988,72.67971,120.0,90.0,2404.0,"Plot 76, Near Surat International Airport, Dumas Road, Airport Zone, Surat, Gujarat 395007"
d648f4d7-85e3-48b7-9eda-4487af9a13fb,405-867-1019-12759,Jio,LTE,405,867,1019,12759,21.08988,72.67971,240.0,90.0,2404.0,"Plot 76, Near Surat International Airport, Dumas Road, Airport Zone, Surat, Gujarat 395007"
501efbc5-0d6d-4b03-a4a9-6aef428d2fd7,405-867-1031-12760,Jio,LTE,405,867,1031,12760,21.07159,72.70793,0.0,90.0,2658.0,"Plot 47, Near Silent Zone Dumas, Dumas Road, Airport Zone, Surat, Gujarat 395007"
df2d2747-9fa3-41da-962c-828140a9b914,404-10-2030-12761,Airtel,GSM,404,10,2030,12761,21.07159,72.70793,120.0,90.0,2658.0,"Plot 47, Near Silent Zone Dumas, Dumas Road, Airport Zone, Surat, Gujarat 395007"
097cee36-95d3-443d-b3da-48c34207938e,404-10-2039-12762,Airtel,LTE,404,10,2039,12762,21.07159,72.70793,240.0,90.0,2658.0,"Plot 47, Near Silent Zone Dumas, Dumas Road, Airport Zone, Surat, Gujarat 395007"
a4599b3a-898c-4b14-9e52-4ac0403d64b3,405-867-1017-12763,Jio,NR,405,867,1017,12763,21.09978,72.73271,0.0,90.0,1006.0,"Plot 141, Near Sultanabad Coastal Road, Dumas Road, Airport Zone, Surat, Gujarat 395007"
4a297853-f024-4cea-bfb9-cb3a22b74786,404-20-3036-12764,Vi,LTE,404,20,3036,12764,21.09978,72.73271,120.0,90.0,1006.0,"Plot 141, Near Sultanabad Coastal Road, Dumas Road, Airport Zone, Surat, Gujarat 395007"
d308e759-705f-4b93-96c0-ffc1e061d741,404-10-2037-12765,Airtel,LTE,404,10,2037,12765,21.09978,72.73271,240.0,90.0,1006.0,"Plot 141, Near Sultanabad Coastal Road, Dumas Road, Airport Zone, Surat, Gujarat 395007"
14f025f7-9868-4bc4-b2b3-a5403ce6b35c,405-867-1009-12766,Jio,LTE,405,867,1009,12766,21.06434,72.73708,0.0,90.0,1975.0,"Plot 126, Near Sultanabad Coastal Road, Dumas Road, Airport Zone, Surat, Gujarat 395007"
7d2abea0-b05c-4666-9648-921397a5d3e8,405-867-1004-12767,Jio,LTE,405,867,1004,12767,21.06434,72.73708,120.0,90.0,1975.0,"Plot 126, Near Sultanabad Coastal Road, Dumas Road, Airport Zone, Surat, Gujarat 395007"
0837a78f-f500-4332-b2a7-24ea88981be3,405-867-1007-12768,Jio,LTE,405,867,1007,12768,21.06434,72.73708,240.0,90.0,1975.0,"Plot 126, Near Sultanabad Coastal Road, Dumas Road, Airport Zone, Surat, Gujarat 395007"
d1e87b59-6ed1-4aff-8ab7-282118b12c3a,404-10-2008-12769,Airtel,LTE,404,10,2008,12769,21.06244,72.7174,0.0,90.0,2825.0,"Plot 109, Near Dumas Beach Jetty, Dumas Road, Airport Zone, Surat, Gujarat 395007"
0c4eb067-b22d-4109-b7d2-a866c2baebba,405-867-1018-12770,Jio,LTE,405,867,1018,12770,21.06244,72.7174,120.0,90.0,2825.0,"Plot 109, Near Dumas Beach Jetty, Dumas Road, Airport Zone, Surat, Gujarat 395007"
ea9404ba-e09d-4a68-904b-19d95794376e,405-867-1015-12771,Jio,LTE,405,867,1015,12771,21.06244,72.7174,240.0,90.0,2825.0,"Plot 109, Near Dumas Beach Jetty, Dumas Road, Airport Zone, Surat, Gujarat 395007"
fdabda0d-4d6d-453a-8f07-73136f61f603,405-867-1021-12772,Jio,LTE,405,867,1021,12772,21.05986,72.70023,0.0,90.0,1484.0,"Plot 142, Near Silent Zone Dumas, Dumas Road, Airport Zone, Surat, Gujarat 395007"
82560c2e-e43a-46ef-bc34-fff332cb7a7e,404-20-3025-12773,Vi,LTE,404,20,3025,12773,21.05986,72.70023,120.0,90.0,1484.0,"Plot 142, Near Silent Zone Dumas, Dumas Road, Airport Zone, Surat, Gujarat 395007"
4918d361-03e4-4365-ad1c-047766eaa5df,405-867-1011-12774,Jio,LTE,405,867,1011,12774,21.05986,72.70023,240.0,90.0,1484.0,"Plot 142, Near Silent Zone Dumas, Dumas Road, Airport Zone, Surat, Gujarat 395007"
d896ed2a-31a5-4096-9638-023ab17a52d2,405-867-1012-12775,Jio,LTE,405,867,1012,12775,21.11763,72.74756,86.2,90.0,1113.0,"Plot 125, Near Silent Zone Dumas, Dumas Road, Airport Zone, Surat, Gujarat 395007"
4e406417-8e8c-471d-9a0f-800a30fd6a86,404-10-2025-12776,Airtel,LTE,404,10,2025,12776,21.10596,72.71221,0.0,90.0,1891.0,"Plot 62, Near Dumas Beach Jetty, Dumas Road, Airport Zone, Surat, Gujarat 395007"
c7d7b322-08b1-41bf-a647-71e0a28f4049,405-867-1006-12777,Jio,LTE,405,867,1006,12777,21.10596,72.71221,120.0,90.0,1891.0,"Plot 62, Near Dumas Beach Jetty, Dumas Road, Airport Zone, Surat, Gujarat 395007"
2239f45a-5ae8-4193-a248-6d8fe43c3165,405-867-1010-12778,Jio,LTE,405,867,1010,12778,21.10596,72.71221,240.0,90.0,1891.0,"Plot 62, Near Dumas Beach Jetty, Dumas Road, Airport Zone, Surat, Gujarat 395007"
b0adfa86-7cf9-4a78-bbf4-e7a6e76548fe,405-867-1028-12779,Jio,LTE,405,867,1028,12779,21.08308,72.6949,0.0,90.0,1556.0,"Plot 6, Near Sultanabad Coastal Road, Dumas Road, Airport Zone, Surat, Gujarat 395007"
8e532ca3-1f36-4f80-baa1-0d531c6ad3c2,404-20-3021-12780,Vi,LTE,404,20,3021,12780,21.08308,72.6949,120.0,90.0,1556.0,"Plot 6, Near Sultanabad Coastal Road, Dumas Road, Airport Zone, Surat, Gujarat 395007"
90839e73-15d8-4b6f-8fb7-dd1ec4663829,405-867-1025-12781,Jio,LTE,405,867,1025,12781,21.08308,72.6949,240.0,90.0,1556.0,"Plot 6, Near Sultanabad Coastal Road, Dumas Road, Airport Zone, Surat, Gujarat 395007"
ffa7123a-1cfa-4964-bdf2-00a74a7bf256,404-20-3011-12782,Vi,LTE,404,20,3011,12782,21.10352,72.69293,0.0,90.0,2230.0,"Plot 37, Near Silent Zone Dumas, Dumas Road, Airport Zone, Surat, Gujarat 395007"
ad03fb6f-a498-4594-b067-c5437dd66379,404-20-3021-12783,Vi,LTE,404,20,3021,12783,21.10352,72.69293,120.0,90.0,2230.0,"Plot 37, Near Silent Zone Dumas, Dumas Road, Airport Zone, Surat, Gujarat 395007"
b0d489d2-e9ff-4b7b-b759-d995c4f1f00c,405-867-1019-12784,Jio,LTE,405,867,1019,12784,21.10352,72.69293,240.0,90.0,2230.0,"Plot 37, Near Silent Zone Dumas, Dumas Road, Airport Zone, Surat, Gujarat 395007"
29d86014-7b33-4e48-9319-f15724b84c8e,405-867-1029-12785,Jio,LTE,405,867,1029,12785,21.10747,72.70714,0.0,90.0,2153.0,"Plot 7, Near Sultanabad Coastal Road, Dumas Road, Airport Zone, Surat, Gujarat 395007"
149c961f-f5dd-4589-aad8-f0b9b1b63f5c,404-10-2037-12786,Airtel,LTE,404,10,2037,12786,21.10747,72.70714,120.0,90.0,2153.0,"Plot 7, Near Sultanabad Coastal Road, Dumas Road, Airport Zone, Surat, Gujarat 395007"
c0529fed-4585-4098-8951-47e29fc02a85,405-867-1032-12787,Jio,LTE,405,867,1032,12787,21.10747,72.70714,240.0,90.0,2153.0,"Plot 7, Near Sultanabad Coastal Road, Dumas Road, Airport Zone, Surat, Gujarat 395007"
3ea5e72d-e27c-4d0a-a130-24ec5d15d6e6,405-867-1017-12788,Jio,LTE,405,867,1017,12788,21.05714,72.73763,0.0,90.0,1713.0,"Plot 23, Near Sultanabad Coastal Road, Dumas Road, Airport Zone, Surat, Gujarat 395007"
b0d382b2-d5e6-4930-9f88-ec93c7dc5460,405-867-1038-12789,Jio,LTE,405,867,1038,12789,21.05714,72.73763,120.0,90.0,1713.0,"Plot 23, Near Sultanabad Coastal Road, Dumas Road, Airport Zone, Surat, Gujarat 395007"
0355905d-3a80-426f-850f-49637684aa04,404-10-2013-12790,Airtel,LTE,404,10,2013,12790,21.05714,72.73763,240.0,90.0,1713.0,"Plot 23, Near Sultanabad Coastal Road, Dumas Road, Airport Zone, Surat, Gujarat 395007"
be47632b-b5eb-4fa7-9d0c-306db63c3b36,404-10-2040-12791,Airtel,LTE,404,10,2040,12791,21.11027,72.68564,0.0,90.0,1184.0,"Plot 13, Near Silent Zone Dumas, Dumas Road, Airport Zone, Surat, Gujarat 395007"
c212539c-f880-443b-844a-6a5b327c8b1b,404-10-2006-12792,Airtel,LTE,404,10,2006,12792,21.11027,72.68564,120.0,90.0,1184.0,"Plot 13, Near Silent Zone Dumas, Dumas Road, Airport Zone, Surat, Gujarat 395007"
2970a13d-db50-4ad5-8161-6974715eccc7,404-10-2010-12793,Airtel,LTE,404,10,2010,12793,21.11027,72.68564,240.0,90.0,1184.0,"Plot 13, Near Silent Zone Dumas, Dumas Road, Airport Zone, Surat, Gujarat 395007"
ddf26343-da91-4785-928c-8a9b80bbd514,405-867-1006-12794,Jio,LTE,405,867,1006,12794,21.07193,72.89682,0.0,90.0,1638.0,"Plot 48, Near NH53 Sachin Crossing, Sachin GIDC, Surat, Gujarat 394230"
caf2b020-cb56-4881-aa17-d2853594da52,404-10-2012-12795,Airtel,LTE,404,10,2012,12795,21.07193,72.89682,120.0,90.0,1638.0,"Plot 48, Near NH53 Sachin Crossing, Sachin GIDC, Surat, Gujarat 394230"
2e86d243-5b0c-44a5-ae60-f30b3465a379,405-867-1028-12796,Jio,LTE,405,867,1028,12796,21.07193,72.89682,240.0,90.0,1638.0,"Plot 48, Near NH53 Sachin Crossing, Sachin GIDC, Surat, Gujarat 394230"
af555d92-6c80-42fa-aa7e-94714af354d5,405-867-1024-12797,Jio,LTE,405,867,1024,12797,21.09781,72.84484,35.5,60.0,1273.0,"Plot 20, Near Sachin Railway Station, Sachin GIDC, Surat, Gujarat 394230"
faa0020c-8e42-4d54-914d-b816aea9a03e,404-20-3033-12798,Vi,GSM,404,20,3033,12798,21.07927,72.8408,0.0,90.0,1666.0,"Plot 63, Near Sachin Railway Station, Sachin GIDC, Surat, Gujarat 394230"
130cea22-3653-4169-a846-0f7c30e43e08,404-20-3004-12799,Vi,LTE,404,20,3004,12799,21.07927,72.8408,120.0,90.0,1666.0,"Plot 63, Near Sachin Railway Station, Sachin GIDC, Surat, Gujarat 394230"
866314c9-189c-4d8f-ab71-b59a80fbe1bd,405-867-1031-12800,Jio,LTE,405,867,1031,12800,21.07927,72.8408,240.0,90.0,1666.0,"Plot 63, Near Sachin Railway Station, Sachin GIDC, Surat, Gujarat 394230"
846c8b6b-bc40-4a04-8a1f-ca7e6ade5173,405-867-1008-12801,Jio,LTE,405,867,1008,12801,21.09048,72.87154,0.0,90.0,1947.0,"Plot 147, Near NH53 Sachin Crossing, Sachin GIDC, Surat, Gujarat 394230"
01996e47-016c-4fa4-bb22-a4a871b1c09a,404-10-2039-12802,Airtel,LTE,404,10,2039,12802,21.09048,72.87154,120.0,90.0,1947.0,"Plot 147, Near NH53 Sachin Crossing, Sachin GIDC, Surat, Gujarat 394230"
92006088-c328-4c5b-ac34-a17b33401798,404-20-3025-12803,Vi,LTE,404,20,3025,12803,21.09048,72.87154,240.0,90.0,1947.0,"Plot 147, Near NH53 Sachin Crossing, Sachin GIDC, Surat, Gujarat 394230"
c3639f75-1017-41fb-8079-336c1a351d24,405-867-1042-12804,Jio,LTE,405,867,1042,12804,21.09645,72.87577,0.0,90.0,2487.0,"Plot 102, Near Kanakpur Village, Sachin GIDC, Surat, Gujarat 394230"
8d6ace62-82ae-4b66-8ec8-e9418110753e,404-81-4039-12805,BSNL,GSM,404,81,4039,12805,21.09645,72.87577,120.0,90.0,2487.0,"Plot 102, Near Kanakpur Village, Sachin GIDC, Surat, Gujarat 394230"
fffe33c8-e828-4024-9225-a9f2c9eec681,404-10-2026-12806,Airtel,NR,404,10,2026,12806,21.09645,72.87577,240.0,90.0,2487.0,"Plot 102, Near Kanakpur Village, Sachin GIDC, Surat, Gujarat 394230"
1bab47a4-31b6-4daa-9646-ea47ef88ffd6,405-867-1005-12807,Jio,LTE,405,867,1005,12807,21.0823,72.82642,0.0,90.0,2023.0,"Plot 43, Near Kanakpur Village, Sachin GIDC, Surat, Gujarat 394230"
6b30e39d-b490-4bc9-a3f9-d81b60085881,404-10-2020-12808,Airtel,LTE,404,10,2020,12808,21.0823,72.82642,120.0,90.0,2023.0,"Plot 43, Near Kanakpur Village, Sachin GIDC, Surat, Gujarat 394230"
8708024b-6984-4b61-a416-0811618b2667,405-867-1025-12809,Jio,NR,405,867,1025,12809,21.0823,72.82642,240.0,90.0,2023.0,"Plot 43, Near Kanakpur Village, Sachin GIDC, Surat, Gujarat 394230"
85f35158-d706-4bc6-8d10-869e04e6af74,405-867-1010-12810,Jio,NR,405,867,1010,12810,21.06423,72.87682,0.0,90.0,1032.0,"Plot 125, Near NH53 Sachin Crossing, Sachin GIDC, Surat, Gujarat 394230"
267966f7-6fc6-4387-8846-3b264dab6a88,405-867-1009-12811,Jio,LTE,405,867,1009,12811,21.06423,72.87682,120.0,90.0,1032.0,"Plot 125, Near NH53 Sachin Crossing, Sachin GIDC, Surat, Gujarat 394230"
4511ea04-5f4c-4883-a450-626fd652ccd7,404-10-2016-12812,Airtel,LTE,404,10,2016,12812,21.06423,72.87682,240.0,90.0,1032.0,"Plot 125, Near NH53 Sachin Crossing, Sachin GIDC, Surat, Gujarat 394230"
4e02bf61-8a34-4eed-a5b8-375de4b8ee4f,404-10-2014-12813,Airtel,LTE,404,10,2014,12813,21.1061,72.89017,0.0,90.0,1955.0,"Plot 65, Near Kanakpur Village, Sachin GIDC, Surat, Gujarat 394230"
d92157a1-2c74-476e-ae3c-9a625655d8ab,405-867-1004-12814,Jio,LTE,405,867,1004,12814,21.1061,72.89017,120.0,90.0,1955.0,"Plot 65, Near Kanakpur Village, Sachin GIDC, Surat, Gujarat 394230"
e83c7a37-3b44-46aa-9cc6-7cea399b7fa5,405-867-1041-12815,Jio,LTE,405,867,1041,12815,21.1061,72.89017,240.0,90.0,1955.0,"Plot 65, Near Kanakpur Village, Sachin GIDC, Surat, Gujarat 394230"
24ba681c-06db-447f-99c3-db22a04dc321,404-20-3005-12816,Vi,GSM,404,20,3005,12816,21.10172,72.84685,0.0,90.0,1791.0,"Plot 90, Near Sachin GIDC Main Gate, Sachin GIDC, Surat, Gujarat 394230"
93bd98c9-8cae-4a95-b027-fb06a1c0c809,404-10-2033-12817,Airtel,LTE,404,10,2033,12817,21.10172,72.84685,120.0,90.0,1791.0,"Plot 90, Near Sachin GIDC Main Gate, Sachin GIDC, Surat, Gujarat 394230"
2b453c70-69dc-4ec8-ad0e-3da9b1a556fa,404-10-2031-12818,Airtel,LTE,404,10,2031,12818,21.10172,72.84685,240.0,90.0,1791.0,"Plot 90, Near Sachin GIDC Main Gate, Sachin GIDC, Surat, Gujarat 394230"
ca1623c2-ef63-4596-8023-563a78a141e0,405-867-1018-12819,Jio,LTE,405,867,1018,12819,21.10347,72.86843,0.0,90.0,1207.0,"Plot 130, Near NH53 Sachin Crossing, Sachin GIDC, Surat, Gujarat 394230"
ba729fc4-4aba-4f5f-996c-669088d72641,405-867-1041-12820,Jio,LTE,405,867,1041,12820,21.10347,72.86843,120.0,90.0,1207.0,"Plot 130, Near NH53 Sachin Crossing, Sachin GIDC, Surat, Gujarat 394230"
83b160b8-5719-4a6b-9139-4a6b17db84f5,404-10-2026-12821,Airtel,LTE,404,10,2026,12821,21.10347,72.86843,240.0,90.0,1207.0,"Plot 130, Near NH53 Sachin Crossing, Sachin GIDC, Surat, Gujarat 394230"
5a766789-f41e-4137-8c51-ef4792faad24,404-20-3029-12822,Vi,LTE,404,20,3029,12822,21.06596,72.88748,0.0,90.0,1104.0,"Plot 84, Near NH53 Sachin Crossing, Sachin GIDC, Surat, Gujarat 394230"
895ab998-70f2-44ef-a23d-2301975153d8,404-20-3033-12823,Vi,LTE,404,20,3033,12823,21.06596,72.88748,120.0,90.0,1104.0,"Plot 84, Near NH53 Sachin Crossing, Sachin GIDC, Surat, Gujarat 394230"
55a92bd8-23c6-4e5d-abe8-5e4914ad4ce4,405-867-1037-12824,Jio,NR,405,867,1037,12824,21.06596,72.88748,240.0,90.0,1104.0,"Plot 84, Near NH53 Sachin Crossing, Sachin GIDC, Surat, Gujarat 394230"
155677d1-fcd9-4ca0-8557-ee66ef8af876,405-867-1018-12825,Jio,LTE,405,867,1018,12825,21.04151,72.85638,0.0,90.0,2462.0,"Plot 97, Near Sachin Railway Station, Sachin GIDC, Surat, Gujarat 394230"
0f17fd45-d46b-4134-8dfa-677c032a40b7,405-867-1013-12826,Jio,NR,405,867,1013,12826,21.04151,72.85638,120.0,90.0,2462.0,"Plot 97, Near Sachin Railway Station, Sachin GIDC, Surat, Gujarat 394230"
e4c003f5-f6c8-4039-99d1-504b08b79e4b,405-867-1026-12827,Jio,LTE,405,867,1026,12827,21.04151,72.85638,240.0,90.0,2462.0,"Plot 97, Near Sachin Railway Station, Sachin GIDC, Surat, Gujarat 394230"
28512625-af4a-4959-b59c-9708a8314445,405-867-1010-12828,Jio,NR,405,867,1010,12828,21.08374,72.86788,0.0,90.0,2165.0,"Plot 35, Near Sachin GIDC Main Gate, Sachin GIDC, Surat, Gujarat 394230"
8839d186-c4a8-4656-a8f2-d6698c82856e,405-867-1014-12829,Jio,LTE,405,867,1014,12829,21.08374,72.86788,120.0,90.0,2165.0,"Plot 35, Near Sachin GIDC Main Gate, Sachin GIDC, Surat, Gujarat 394230"
d9aa25cf-395c-4309-9f14-3e4abd10ec36,405-867-1003-12830,Jio,LTE,405,867,1003,12830,21.08374,72.86788,240.0,90.0,2165.0,"Plot 35, Near Sachin GIDC Main Gate, Sachin GIDC, Surat, Gujarat 394230"
6b5057f6-203c-4b35-863e-c8c6f5dadc86,404-20-3006-12831,Vi,LTE,404,20,3006,12831,21.07925,72.8882,0.0,90.0,1339.0,"Plot 57, Near Sachin GIDC Main Gate, Sachin GIDC, Surat, Gujarat 394230"
f2926f3e-ef41-45da-ba54-62c0b23a708f,404-10-2022-12832,Airtel,NR,404,10,2022,12832,21.07925,72.8882,120.0,90.0,1339.0,"Plot 57, Near Sachin GIDC Main Gate, Sachin GIDC, Surat, Gujarat 394230"
4967fd32-e50f-4b50-8e1d-95e5b34e8107,404-10-2031-12833,Airtel,GSM,404,10,2031,12833,21.07925,72.8882,240.0,90.0,1339.0,"Plot 57, Near Sachin GIDC Main Gate, Sachin GIDC, Surat, Gujarat 394230"
7c6fd5b4-1f88-49f6-bb2e-d5bd35403023,404-10-2034-12834,Airtel,NR,404,10,2034,12834,21.10208,72.85184,0.0,90.0,2367.0,"Plot 84, Near NH53 Sachin Crossing, Sachin GIDC, Surat, Gujarat 394230"
eda81d19-44fc-44b0-a565-2f03dfe6180a,404-10-2016-12835,Airtel,NR,404,10,2016,12835,21.10208,72.85184,120.0,90.0,2367.0,"Plot 84, Near NH53 Sachin Crossing, Sachin GIDC, Surat, Gujarat 394230"
e9e58061-9d45-4695-93a2-28b6f427c076,405-867-1031-12836,Jio,LTE,405,867,1031,12836,21.10208,72.85184,240.0,90.0,2367.0,"Plot 84, Near NH53 Sachin Crossing, Sachin GIDC, Surat, Gujarat 394230"
52e402cb-a96f-4e05-b566-eaa8ca317eca,405-867-1017-12837,Jio,LTE,405,867,1017,12837,21.07654,72.89973,0.0,90.0,1828.0,"Plot 128, Near NH53 Sachin Crossing, Sachin GIDC, Surat, Gujarat 394230"
cc019d42-72c8-4cf7-8b4e-3b0bdf8ec2f2,405-867-1015-12838,Jio,LTE,405,867,1015,12838,21.07654,72.89973,120.0,90.0,1828.0,"Plot 128, Near NH53 Sachin Crossing, Sachin GIDC, Surat, Gujarat 394230"
71535f7b-bddb-4f5a-b791-18a6b7189f16,404-20-3016-12839,Vi,LTE,404,20,3016,12839,21.07654,72.89973,240.0,90.0,1828.0,"Plot 128, Near NH53 Sachin Crossing, Sachin GIDC, Surat, Gujarat 394230"
3244a4c3-13fd-4f2a-99a8-de2d09372d6a,404-20-3022-12840,Vi,LTE,404,20,3022,12840,21.0661,72.86188,0.0,90.0,1845.0,"Plot 139, Near Sachin GIDC Main Gate, Sachin GIDC, Surat, Gujarat 394230"
06d9083f-be1d-4e41-8559-687345f9bc82,405-867-1040-12841,Jio,LTE,405,867,1040,12841,21.0661,72.86188,120.0,90.0,1845.0,"Plot 139, Near Sachin GIDC Main Gate, Sachin GIDC, Surat, Gujarat 394230"
85bccd78-1105-4e79-a1ee-e3ccbd4902c7,405-867-1005-12842,Jio,NR,405,867,1005,12842,21.0661,72.86188,240.0,90.0,1845.0,"Plot 139, Near Sachin GIDC Main Gate, Sachin GIDC, Surat, Gujarat 394230"
1152aad1-493e-42de-b617-1fe6ce795941,405-867-1002-12843,Jio,LTE,405,867,1002,12843,21.0881,72.81668,0.0,90.0,1885.0,"Plot 112, Near Sachin GIDC Main Gate, Sachin GIDC, Surat, Gujarat 394230"
0be7ed10-07f4-4dec-adef-423fdaaed1b0,405-867-1020-12844,Jio,LTE,405,867,1020,12844,21.0881,72.81668,120.0,90.0,1885.0,"Plot 112, Near Sachin GIDC Main Gate, Sachin GIDC, Surat, Gujarat 394230"
fb0b60b3-bcf0-4599-ad77-0384149440c5,405-867-1032-12845,Jio,NR,405,867,1032,12845,21.0881,72.81668,240.0,90.0,1885.0,"Plot 112, Near Sachin GIDC Main Gate, Sachin GIDC, Surat, Gujarat 394230"
59a2cead-679a-473c-8331-f8352646932f,405-867-1011-12846,Jio,LTE,405,867,1011,12846,21.10512,72.84593,0.0,90.0,1481.0,"Plot 104, Near Sachin Railway Station, Sachin GIDC, Surat, Gujarat 394230"
f93af0e9-a6f5-4025-bcce-ba7c3503198a,405-867-1038-12847,Jio,LTE,405,867,1038,12847,21.10512,72.84593,120.0,90.0,1481.0,"Plot 104, Near Sachin Railway Station, Sachin GIDC, Surat, Gujarat 394230"
bdee633e-49a3-4c75-b34e-76aa21bb8c65,405-867-1006-12848,Jio,LTE,405,867,1006,12848,21.10512,72.84593,240.0,90.0,1481.0,"Plot 104, Near Sachin Railway Station, Sachin GIDC, Surat, Gujarat 394230"
34046d60-0fd1-45d2-80ae-70b6a787029f,404-20-3045-12849,Vi,GSM,404,20,3045,12849,21.11231,72.87648,0.0,90.0,1189.0,"Plot 139, Near Sachin Railway Station, Sachin GIDC, Surat, Gujarat 394230"
37356f66-d9e7-40a9-b51a-3ed606593414,404-10-2001-12850,Airtel,GSM,404,10,2001,12850,21.11231,72.87648,120.0,90.0,1189.0,"Plot 139, Near Sachin Railway Station, Sachin GIDC, Surat, Gujarat 394230"
03f69f4e-488c-4caf-96d9-19d6c9384658,405-867-1019-12851,Jio,LTE,405,867,1019,12851,21.11231,72.87648,240.0,90.0,1189.0,"Plot 139, Near Sachin Railway Station, Sachin GIDC, Surat, Gujarat 394230"
c6d82511-42a9-4c97-b0b9-964e3b9e2a18,405-867-1006-12852,Jio,NR,405,867,1006,12852,21.10663,72.85529,57.8,90.0,1169.0,"Plot 147, Near NH53 Sachin Crossing, Sachin GIDC, Surat, Gujarat 394230"
76eaef3c-ce3d-4f19-a3be-8e3f479cb12d,404-81-4038-12853,BSNL,GSM,404,81,4038,12853,21.11379,72.85547,0.0,90.0,2687.0,"Plot 44, Near Sachin Railway Station, Sachin GIDC, Surat, Gujarat 394230"
49dad2c5-5ece-400f-9c3c-52249954e879,405-867-1005-12854,Jio,NR,405,867,1005,12854,21.11379,72.85547,120.0,90.0,2687.0,"Plot 44, Near Sachin Railway Station, Sachin GIDC, Surat, Gujarat 394230"
ec933f35-8544-4568-9ba6-6caf2b05c1d5,404-20-3005-12855,Vi,LTE,404,20,3005,12855,21.11379,72.85547,240.0,90.0,2687.0,"Plot 44, Near Sachin Railway Station, Sachin GIDC, Surat, Gujarat 394230"
85df6ac0-441c-4404-ad58-ff15f0cb342c,405-867-1043-12856,Jio,NR,405,867,1043,12856,21.04558,72.86741,212.3,360.0,1145.0,"Plot 132, Near Sachin Railway Station, Sachin GIDC, Surat, Gujarat 394230"
98090df9-a395-4a68-a332-376644d79a56,405-867-1026-12857,Jio,LTE,405,867,1026,12857,21.0966,72.88364,0.0,90.0,1627.0,"Plot 92, Near Kanakpur Village, Sachin GIDC, Surat, Gujarat 394230"
0365ad45-b91d-448b-a419-500ef1acc2a5,405-867-1020-12858,Jio,NR,405,867,1020,12858,21.0966,72.88364,120.0,90.0,1627.0,"Plot 92, Near Kanakpur Village, Sachin GIDC, Surat, Gujarat 394230"
f2430afa-b963-4fb5-9c1a-1a806527c649,404-10-2030-12859,Airtel,LTE,404,10,2030,12859,21.0966,72.88364,240.0,90.0,1627.0,"Plot 92, Near Kanakpur Village, Sachin GIDC, Surat, Gujarat 394230"
76a731eb-3965-4af6-855a-c519d1649af0,405-867-1009-12860,Jio,NR,405,867,1009,12860,21.09175,72.87214,0.0,90.0,1241.0,"Plot 16, Near Sachin GIDC Main Gate, Sachin GIDC, Surat, Gujarat 394230"
05f77946-2b1d-4b3a-ab32-0bf269edda0e,405-867-1022-12861,Jio,LTE,405,867,1022,12861,21.09175,72.87214,120.0,90.0,1241.0,"Plot 16, Near Sachin GIDC Main Gate, Sachin GIDC, Surat, Gujarat 394230"
c30900c3-6f6a-4f45-9b23-4dc58bbfee84,404-10-2031-12862,Airtel,LTE,404,10,2031,12862,21.09175,72.87214,240.0,90.0,1241.0,"Plot 16, Near Sachin GIDC Main Gate, Sachin GIDC, Surat, Gujarat 394230"
c25e2640-6dfa-4e19-8354-b4f7b89cb152,405-867-1013-12863,Jio,LTE,405,867,1013,12863,21.0685,72.86422,0.0,90.0,2343.0,"Plot 54, Near NH53 Sachin Crossing, Sachin GIDC, Surat, Gujarat 394230"
05e2e337-f060-434a-8428-57b49c2d3e76,405-867-1017-12864,Jio,LTE,405,867,1017,12864,21.0685,72.86422,120.0,90.0,2343.0,"Plot 54, Near NH53 Sachin Crossing, Sachin GIDC, Surat, Gujarat 394230"
e3879527-f972-4eae-b6af-2067ba64c5b7,405-867-1030-12865,Jio,NR,405,867,1030,12865,21.0685,72.86422,240.0,90.0,2343.0,"Plot 54, Near NH53 Sachin Crossing, Sachin GIDC, Surat, Gujarat 394230"
a804cab5-0cac-4495-9b28-b1ecf7a87d81,404-10-2037-12866,Airtel,GSM,404,10,2037,12866,21.06797,72.83485,114.4,360.0,1216.0,"Plot 116, Near NH53 Sachin Crossing, Sachin GIDC, Surat, Gujarat 394230"
d00e8355-dbba-409f-ad6d-114fc8c8b6ab,404-20-3003-12867,Vi,LTE,404,20,3003,12867,21.09401,72.84397,0.0,90.0,1997.0,"Plot 65, Near Sachin Railway Station, Sachin GIDC, Surat, Gujarat 394230"
3da15c21-3941-4672-939f-ce6479ab1220,404-20-3039-12868,Vi,LTE,404,20,3039,12868,21.09401,72.84397,120.0,90.0,1997.0,"Plot 65, Near Sachin Railway Station, Sachin GIDC, Surat, Gujarat 394230"
c9d956de-34c1-462d-94cb-6b7463379d0b,405-867-1013-12869,Jio,LTE,405,867,1013,12869,21.09401,72.84397,240.0,90.0,1997.0,"Plot 65, Near Sachin Railway Station, Sachin GIDC, Surat, Gujarat 394230"
cf69270c-7ca7-4faf-9b65-3b08ec5fd1b5,404-10-2007-12870,Airtel,LTE,404,10,2007,12870,21.07718,72.83019,0.0,90.0,2638.0,"Plot 93, Near Sachin GIDC Main Gate, Sachin GIDC, Surat, Gujarat 394230"
6dd1d13d-8a04-4f6d-9809-cef0b195addd,405-867-1033-12871,Jio,NR,405,867,1033,12871,21.07718,72.83019,120.0,90.0,2638.0,"Plot 93, Near Sachin GIDC Main Gate, Sachin GIDC, Surat, Gujarat 394230"
382d51ec-1d1c-4746-acfd-5e769f978423,405-867-1044-12872,Jio,LTE,405,867,1044,12872,21.07718,72.83019,240.0,90.0,2638.0,"Plot 93, Near Sachin GIDC Main Gate, Sachin GIDC, Surat, Gujarat 394230"
5e64636d-626c-45de-b877-cfad6876e2ad,404-81-4040-12873,BSNL,LTE,404,81,4040,12873,21.06308,72.82663,0.0,90.0,2082.0,"Plot 136, Near NH53 Sachin Crossing, Sachin GIDC, Surat, Gujarat 394230"
2f3e10ed-0fc6-45d0-936d-67e42930941e,405-867-1003-12874,Jio,NR,405,867,1003,12874,21.06308,72.82663,120.0,90.0,2082.0,"Plot 136, Near NH53 Sachin Crossing, Sachin GIDC, Surat, Gujarat 394230"
648edc6a-ce95-4364-84e8-4415b81c169b,405-867-1036-12875,Jio,LTE,405,867,1036,12875,21.06308,72.82663,240.0,90.0,2082.0,"Plot 136, Near NH53 Sachin Crossing, Sachin GIDC, Surat, Gujarat 394230"
99acf16d-5e70-43f7-a4c5-5412cf302745,405-867-1005-12876,Jio,LTE,405,867,1005,12876,21.07189,72.9,0.0,90.0,1036.0,"Plot 12, Near Kanakpur Village, Sachin GIDC, Surat, Gujarat 394230"
d09066c6-cf9c-4cd2-b510-b7cfabe94fa0,405-867-1030-12877,Jio,NR,405,867,1030,12877,21.07189,72.9,120.0,90.0,1036.0,"Plot 12, Near Kanakpur Village, Sachin GIDC, Surat, Gujarat 394230"
6c2621b7-097b-4961-b5d1-a0ce9c5ff34e,404-20-3015-12878,Vi,LTE,404,20,3015,12878,21.07189,72.9,240.0,90.0,1036.0,"Plot 12, Near Kanakpur Village, Sachin GIDC, Surat, Gujarat 394230"
cb57a2fa-e7b1-4af6-84f6-a2b99db288ca,404-20-3043-12879,Vi,GSM,404,20,3043,12879,21.11483,72.83954,0.0,90.0,2335.0,"Plot 116, Near Sachin Railway Station, Sachin GIDC, Surat, Gujarat 394230"
f0ed2680-165b-4eba-9874-3cf421e5c473,404-20-3017-12880,Vi,LTE,404,20,3017,12880,21.11483,72.83954,120.0,90.0,2335.0,"Plot 116, Near Sachin Railway Station, Sachin GIDC, Surat, Gujarat 394230"
baab91dc-6034-4b31-91f9-5c2b22876944,405-867-1015-12881,Jio,LTE,405,867,1015,12881,21.11483,72.83954,240.0,90.0,2335.0,"Plot 116, Near Sachin Railway Station, Sachin GIDC, Surat, Gujarat 394230"
2ac8be2d-9ddb-48e9-90ce-77b396e345fa,404-20-3035-12882,Vi,LTE,404,20,3035,12882,21.10811,72.8493,0.0,90.0,1155.0,"Plot 1, Near Kanakpur Village, Sachin GIDC, Surat, Gujarat 394230"
9392079a-5530-41af-a22c-1b5519c51dba,404-20-3041-12883,Vi,LTE,404,20,3041,12883,21.10811,72.8493,120.0,90.0,1155.0,"Plot 1, Near Kanakpur Village, Sachin GIDC, Surat, Gujarat 394230"
5f4ed9c9-8ca5-4647-a950-5a3af47771a1,404-20-3043-12884,Vi,GSM,404,20,3043,12884,21.10811,72.8493,240.0,90.0,1155.0,"Plot 1, Near Kanakpur Village, Sachin GIDC, Surat, Gujarat 394230"
07d64587-5f88-40e8-aaf2-137f7a6ec9d1,404-20-3025-12885,Vi,GSM,404,20,3025,12885,21.12025,72.87166,0.0,90.0,1588.0,"Plot 137, Near Sachin Railway Station, Sachin GIDC, Surat, Gujarat 394230"
1aa5d8df-7f1c-4033-a2ff-8c94cc6b1179,404-10-2035-12886,Airtel,LTE,404,10,2035,12886,21.12025,72.87166,120.0,90.0,1588.0,"Plot 137, Near Sachin Railway Station, Sachin GIDC, Surat, Gujarat 394230"
a1889ef3-7119-4bb5-810a-0cf4e18c72df,404-10-2028-12887,Airtel,LTE,404,10,2028,12887,21.12025,72.87166,240.0,90.0,1588.0,"Plot 137, Near Sachin Railway Station, Sachin GIDC, Surat, Gujarat 394230"
0cdd6139-a8a7-4a3d-a686-9a8deb238e78,405-867-1017-12888,Jio,LTE,405,867,1017,12888,21.11068,72.87482,325.9,360.0,1132.0,"Plot 6, Near Kanakpur Village, Sachin GIDC, Surat, Gujarat 394230"
cdff567d-ad91-40cf-b2b1-2ea1518362c1,405-867-1036-12889,Jio,LTE,405,867,1036,12889,21.2276,72.99295,0.0,90.0,2682.0,"Plot 42, Near NH48 Toll Plaza, Kamrej, NH48 Highway, Surat, Gujarat 394185"
68adb738-841c-4c5f-9f7a-df3b15450b11,404-10-2010-12890,Airtel,LTE,404,10,2010,12890,21.2276,72.99295,120.0,90.0,2682.0,"Plot 42, Near NH48 Toll Plaza, Kamrej, NH48 Highway, Surat, Gujarat 394185"
e427342a-49f4-41bf-bc82-a44fffe151b7,404-20-3001-12891,Vi,GSM,404,20,3001,12891,21.2276,72.99295,240.0,90.0,2682.0,"Plot 42, Near NH48 Toll Plaza, Kamrej, NH48 Highway, Surat, Gujarat 394185"
80bae202-849e-4ca2-bad3-b7d8372a9418,404-20-3030-12892,Vi,GSM,404,20,3030,12892,21.28621,72.96042,158.0,60.0,2012.0,"Plot 46, Near Navsari Highway Crossing, Kamrej, NH48 Highway, Surat, Gujarat 394185"
0209d334-3697-4f65-a3cb-0df8ee2b13f6,405-867-1013-12893,Jio,LTE,405,867,1013,12893,21.23439,72.96226,0.0,90.0,1876.0,"Plot 22, Near Navsari Highway Crossing, Kamrej, NH48 Highway, Surat, Gujarat 394185"
dbf7c12e-1d57-49ca-a362-8f01d6a4bf54,404-10-2002-12894,Airtel,LTE,404,10,2002,12894,21.23439,72.96226,120.0,90.0,1876.0,"Plot 22, Near Navsari Highway Crossing, Kamrej, NH48 Highway, Surat, Gujarat 394185"
c320f43c-a4c7-45e8-a844-8c9665193cdf,404-20-3006-12895,Vi,LTE,404,20,3006,12895,21.23439,72.96226,240.0,90.0,1876.0,"Plot 22, Near Navsari Highway Crossing, Kamrej, NH48 Highway, Surat, Gujarat 394185"
6068bdaf-5a2c-4961-9453-eaed9dc06b81,405-867-1041-12896,Jio,NR,405,867,1041,12896,21.2943,72.96381,0.0,90.0,3690.0,"Plot 42, Near Navsari Highway Crossing, Kamrej, NH48 Highway, Surat, Gujarat 394185"
dfc0a8f6-8ee7-4344-b1fb-66de433afb0e,405-867-1025-12897,Jio,LTE,405,867,1025,12897,21.2943,72.96381,120.0,90.0,3690.0,"Plot 42, Near Navsari Highway Crossing, Kamrej, NH48 Highway, Surat, Gujarat 394185"
2f7dea00-1ae5-4ba6-89df-4828dbe5d0ac,404-20-3033-12898,Vi,LTE,404,20,3033,12898,21.2943,72.96381,240.0,90.0,3690.0,"Plot 42, Near Navsari Highway Crossing, Kamrej, NH48 Highway, Surat, Gujarat 394185"
32415145-36a2-49dc-bacd-180c0ea22698,404-20-3005-12899,Vi,LTE,404,20,3005,12899,21.27759,72.92842,0.0,90.0,3480.0,"Plot 49, Near NH48 Toll Plaza, Kamrej, NH48 Highway, Surat, Gujarat 394185"
93124c20-2573-4504-8025-0949fa638dde,404-81-4043-12900,BSNL,LTE,404,81,4043,12900,21.27759,72.92842,120.0,90.0,3480.0,"Plot 49, Near NH48 Toll Plaza, Kamrej, NH48 Highway, Surat, Gujarat 394185"
d677bcc2-a394-4ae3-9d9d-63eb6f62717b,404-20-3036-12901,Vi,GSM,404,20,3036,12901,21.27759,72.92842,240.0,90.0,3480.0,"Plot 49, Near NH48 Toll Plaza, Kamrej, NH48 Highway, Surat, Gujarat 394185"
0d645a0e-c5b0-4e1a-84c2-ed9e24766624,405-867-1023-12902,Jio,LTE,405,867,1023,12902,21.27643,72.92893,0.0,90.0,1649.0,"Plot 51, Near Navsari Highway Crossing, Kamrej, NH48 Highway, Surat, Gujarat 394185"
ac0ad179-dee0-40c7-a247-d6f8fd375bfc,405-867-1024-12903,Jio,LTE,405,867,1024,12903,21.27643,72.92893,120.0,90.0,1649.0,"Plot 51, Near Navsari Highway Crossing, Kamrej, NH48 Highway, Surat, Gujarat 394185"
2d103a78-4c2a-4028-a58f-3cf0738577bb,404-10-2001-12904,Airtel,LTE,404,10,2001,12904,21.27643,72.92893,240.0,90.0,1649.0,"Plot 51, Near Navsari Highway Crossing, Kamrej, NH48 Highway, Surat, Gujarat 394185"
b24452b6-1189-4833-8c2e-cadf15014507,404-10-2038-12905,Airtel,NR,404,10,2038,12905,21.32131,72.95476,0.0,90.0,3935.0,"Plot 35, Near Kamrej Four Ways, Kamrej, NH48 Highway, Surat, Gujarat 394185"
527d9d4d-b4fc-4154-a632-784fe6a93301,405-867-1036-12906,Jio,LTE,405,867,1036,12906,21.32131,72.95476,120.0,90.0,3935.0,"Plot 35, Near Kamrej Four Ways, Kamrej, NH48 Highway, Surat, Gujarat 394185"
917b4740-4630-402e-8134-274fd915c934,404-10-2040-12907,Airtel,LTE,404,10,2040,12907,21.32131,72.95476,240.0,90.0,3935.0,"Plot 35, Near Kamrej Four Ways, Kamrej, NH48 Highway, Surat, Gujarat 394185"
85396cbd-6edf-4e50-b8c0-2f69614afcd0,405-867-1004-12908,Jio,NR,405,867,1004,12908,21.2899,72.91722,0.0,90.0,3243.0,"Plot 63, Near Navsari Highway Crossing, Kamrej, NH48 Highway, Surat, Gujarat 394185"
64af12f5-ad02-4f32-bd7f-d7790b2e1de8,404-20-3009-12909,Vi,LTE,404,20,3009,12909,21.2899,72.91722,120.0,90.0,3243.0,"Plot 63, Near Navsari Highway Crossing, Kamrej, NH48 Highway, Surat, Gujarat 394185"
dd6997c2-0f54-4561-be03-e7cca0a62900,404-10-2010-12910,Airtel,NR,404,10,2010,12910,21.2899,72.91722,240.0,90.0,3243.0,"Plot 63, Near Navsari Highway Crossing, Kamrej, NH48 Highway, Surat, Gujarat 394185"
543cba32-1ed7-4d2f-92d4-36aafa96f32d,405-867-1002-12911,Jio,LTE,405,867,1002,12911,21.26245,73.01753,0.0,90.0,3540.0,"Plot 136, Near Kamrej Four Ways, Kamrej, NH48 Highway, Surat, Gujarat 394185"
6d064a74-f80a-4732-b3e2-6528600aef47,405-867-1012-12912,Jio,LTE,405,867,1012,12912,21.26245,73.01753,120.0,90.0,3540.0,"Plot 136, Near Kamrej Four Ways, Kamrej, NH48 Highway, Surat, Gujarat 394185"
ce9742e3-8db3-4870-a684-074ed81bfd3e,404-10-2034-12913,Airtel,NR,404,10,2034,12913,21.26245,73.01753,240.0,90.0,3540.0,"Plot 136, Near Kamrej Four Ways, Kamrej, NH48 Highway, Surat, Gujarat 394185"
029f8fed-752e-4f8e-b60f-3921b37fba87,404-20-3014-12914,Vi,LTE,404,20,3014,12914,21.23215,72.93272,92.5,90.0,1825.0,"Plot 30, Near Navsari Highway Crossing, Kamrej, NH48 Highway, Surat, Gujarat 394185"
0e93c762-be06-45dc-ac8c-7409c899026b,404-20-3006-12915,Vi,GSM,404,20,3006,12915,21.25805,72.9565,0.0,90.0,3753.0,"Plot 71, Near Kamrej Four Ways, Kamrej, NH48 Highway, Surat, Gujarat 394185"
b3a7459c-b118-445a-9ca7-2e10f2623b3d,404-20-3037-12916,Vi,LTE,404,20,3037,12916,21.25805,72.9565,120.0,90.0,3753.0,"Plot 71, Near Kamrej Four Ways, Kamrej, NH48 Highway, Surat, Gujarat 394185"
d2f77a9e-d791-4a7a-9d67-f6aedfb288df,404-20-3036-12917,Vi,LTE,404,20,3036,12917,21.25805,72.9565,240.0,90.0,3753.0,"Plot 71, Near Kamrej Four Ways, Kamrej, NH48 Highway, Surat, Gujarat 394185"
86efe594-77da-40eb-a16e-16602d5f09ae,405-867-1004-12918,Jio,LTE,405,867,1004,12918,21.26222,72.94894,0.0,90.0,3221.0,"Plot 11, Near Valak Village, Kamrej, NH48 Highway, Surat, Gujarat 394185"
de8649bb-22e1-48e7-b866-ac6e57cda116,405-867-1038-12919,Jio,LTE,405,867,1038,12919,21.26222,72.94894,120.0,90.0,3221.0,"Plot 11, Near Valak Village, Kamrej, NH48 Highway, Surat, Gujarat 394185"
c07d4181-5891-4377-a07e-0cafd95a1da2,405-867-1003-12920,Jio,NR,405,867,1003,12920,21.26222,72.94894,240.0,90.0,3221.0,"Plot 11, Near Valak Village, Kamrej, NH48 Highway, Surat, Gujarat 394185"
d7b3340c-7a7b-4c86-9434-ae27e7e5c263,404-20-3022-12921,Vi,LTE,404,20,3022,12921,21.23984,72.97176,0.0,90.0,3798.0,"Plot 68, Near Kamrej Four Ways, Kamrej, NH48 Highway, Surat, Gujarat 394185"
83eb3e60-c719-4868-880c-b132f197a65a,405-867-1037-12922,Jio,LTE,405,867,1037,12922,21.23984,72.97176,120.0,90.0,3798.0,"Plot 68, Near Kamrej Four Ways, Kamrej, NH48 Highway, Surat, Gujarat 394185"
b2686e84-5734-4ab6-b3dc-02a5bd2e54ef,404-10-2002-12923,Airtel,LTE,404,10,2002,12923,21.23984,72.97176,240.0,90.0,3798.0,"Plot 68, Near Kamrej Four Ways, Kamrej, NH48 Highway, Surat, Gujarat 394185"
730abbc7-34e2-42fa-9020-0cb4473fb95e,405-867-1044-12924,Jio,LTE,405,867,1044,12924,21.22657,72.9742,0.0,90.0,3587.0,"Plot 44, Near NH48 Toll Plaza, Kamrej, NH48 Highway, Surat, Gujarat 394185"
b2552998-797a-4bb8-9ce9-0fbc191988a0,404-10-2013-12925,Airtel,LTE,404,10,2013,12925,21.22657,72.9742,120.0,90.0,3587.0,"Plot 44, Near NH48 Toll Plaza, Kamrej, NH48 Highway, Surat, Gujarat 394185"
ab24b8b9-5a3d-4f22-a550-eea221df72c2,405-867-1028-12926,Jio,LTE,405,867,1028,12926,21.22657,72.9742,240.0,90.0,3587.0,"Plot 44, Near NH48 Toll Plaza, Kamrej, NH48 Highway, Surat, Gujarat 394185"
ccbce472-4419-4076-88ef-d52d4c0d4e83,405-867-1038-12927,Jio,LTE,405,867,1038,12927,21.28273,73.01107,0.0,90.0,2057.0,"Plot 136, Near NH48 Toll Plaza, Kamrej, NH48 Highway, Surat, Gujarat 394185"
5327cb7f-acb6-40d3-9b71-3d35aead95b6,405-867-1008-12928,Jio,LTE,405,867,1008,12928,21.28273,73.01107,120.0,90.0,2057.0,"Plot 136, Near NH48 Toll Plaza, Kamrej, NH48 Highway, Surat, Gujarat 394185"
8b3e7d4d-01b6-44f1-b3e6-699407001048,404-10-2039-12929,Airtel,LTE,404,10,2039,12929,21.28273,73.01107,240.0,90.0,2057.0,"Plot 136, Near NH48 Toll Plaza, Kamrej, NH48 Highway, Surat, Gujarat 394185"
b6e4a8b5-bdf2-41f4-a772-019244c620e1,404-10-2038-12930,Airtel,NR,404,10,2038,12930,21.21855,72.96584,0.0,90.0,2025.0,"Plot 49, Near Valak Village, Kamrej, NH48 Highway, Surat, Gujarat 394185"
8b96a467-130d-48e3-aa5c-b81b694a1899,405-867-1009-12931,Jio,LTE,405,867,1009,12931,21.21855,72.96584,120.0,90.0,2025.0,"Plot 49, Near Valak Village, Kamrej, NH48 Highway, Surat, Gujarat 394185"
438af989-b4af-4ca0-a1aa-ee2e7c008ff9,404-10-2016-12932,Airtel,LTE,404,10,2016,12932,21.21855,72.96584,240.0,90.0,2025.0,"Plot 49, Near Valak Village, Kamrej, NH48 Highway, Surat, Gujarat 394185"
11317fa0-1da6-4e95-88aa-a1075989784e,404-81-4042-12933,BSNL,LTE,404,81,4042,12933,21.27051,72.91533,0.0,90.0,2632.0,"Plot 35, Near Valak Village, Kamrej, NH48 Highway, Surat, Gujarat 394185"
c1df2467-efe4-4109-8ded-8f71493877f1,405-867-1045-12934,Jio,LTE,405,867,1045,12934,21.27051,72.91533,120.0,90.0,2632.0,"Plot 35, Near Valak Village, Kamrej, NH48 Highway, Surat, Gujarat 394185"
4f09a765-14be-472e-abed-342f2edc9fc8,405-867-1014-12935,Jio,LTE,405,867,1014,12935,21.27051,72.91533,240.0,90.0,2632.0,"Plot 35, Near Valak Village, Kamrej, NH48 Highway, Surat, Gujarat 394185"
44ced94e-d1b6-4734-954e-d37a5c011c2c,405-867-1018-12936,Jio,LTE,405,867,1018,12936,21.25185,72.97247,0.0,90.0,3183.0,"Plot 95, Near Kamrej Four Ways, Kamrej, NH48 Highway, Surat, Gujarat 394185"
607b2913-1055-49d8-a269-49142fbd4786,405-867-1041-12937,Jio,LTE,405,867,1041,12937,21.25185,72.97247,120.0,90.0,3183.0,"Plot 95, Near Kamrej Four Ways, Kamrej, NH48 Highway, Surat, Gujarat 394185"
e7c17cef-584a-4fda-827d-c373b9ab58a5,405-867-1013-12938,Jio,LTE,405,867,1013,12938,21.25185,72.97247,240.0,90.0,3183.0,"Plot 95, Near Kamrej Four Ways, Kamrej, NH48 Highway, Surat, Gujarat 394185"
9ef41227-1f34-40c6-81fc-49af86e7c6e3,405-867-1028-12939,Jio,LTE,405,867,1028,12939,21.30629,72.92579,0.0,90.0,2621.0,"Plot 126, Near NH48 Toll Plaza, Kamrej, NH48 Highway, Surat, Gujarat 394185"
cc88d718-ca19-4c6b-bc84-4b02cdbec021,405-867-1004-12940,Jio,LTE,405,867,1004,12940,21.30629,72.92579,120.0,90.0,2621.0,"Plot 126, Near NH48 Toll Plaza, Kamrej, NH48 Highway, Surat, Gujarat 394185"
94f65c82-b056-4aef-98be-f78c21010dc0,404-20-3014-12941,Vi,LTE,404,20,3014,12941,21.30629,72.92579,240.0,90.0,2621.0,"Plot 126, Near NH48 Toll Plaza, Kamrej, NH48 Highway, Surat, Gujarat 394185"
5ec52d2a-5503-43f5-9af6-a79e210e0731,404-20-3034-12942,Vi,LTE,404,20,3034,12942,21.22855,72.99321,0.0,90.0,3245.0,"Plot 73, Near NH48 Toll Plaza, Kamrej, NH48 Highway, Surat, Gujarat 394185"
68eb25cb-f152-4ee5-8f26-ecc9fe547b43,405-867-1020-12943,Jio,LTE,405,867,1020,12943,21.22855,72.99321,120.0,90.0,3245.0,"Plot 73, Near NH48 Toll Plaza, Kamrej, NH48 Highway, Surat, Gujarat 394185"
5962d65e-1d7c-4b0b-890a-986148767d1d,404-10-2045-12944,Airtel,LTE,404,10,2045,12944,21.22855,72.99321,240.0,90.0,3245.0,"Plot 73, Near NH48 Toll Plaza, Kamrej, NH48 Highway, Surat, Gujarat 394185"
189fe222-1fca-40bb-8f24-72a5895e452b,405-867-1016-12945,Jio,LTE,405,867,1016,12945,21.30451,72.92484,0.0,90.0,2403.0,"Plot 70, Near Valak Village, Kamrej, NH48 Highway, Surat, Gujarat 394185"
1be0a75c-4c42-448b-b2c1-07005782723b,404-10-2036-12946,Airtel,LTE,404,10,2036,12946,21.30451,72.92484,120.0,90.0,2403.0,"Plot 70, Near Valak Village, Kamrej, NH48 Highway, Surat, Gujarat 394185"
e03f16a9-eafd-4b69-8ac9-4267741c60be,404-10-2008-12947,Airtel,GSM,404,10,2008,12947,21.30451,72.92484,240.0,90.0,2403.0,"Plot 70, Near Valak Village, Kamrej, NH48 Highway, Surat, Gujarat 394185"
f642584d-1aa8-489b-85c4-1ed26fbfd3c9,404-20-3002-12948,Vi,LTE,404,20,3002,12948,21.26832,73.0004,0.0,90.0,3615.0,"Plot 26, Near Navsari Highway Crossing, Kamrej, NH48 Highway, Surat, Gujarat 394185"
6b621beb-a7f0-427c-a83c-9806b0c808e8,405-867-1007-12949,Jio,NR,405,867,1007,12949,21.26832,73.0004,120.0,90.0,3615.0,"Plot 26, Near Navsari Highway Crossing, Kamrej, NH48 Highway, Surat, Gujarat 394185"
f7368b90-f343-4498-ac02-eccbc8868238,405-867-1016-12950,Jio,LTE,405,867,1016,12950,21.26832,73.0004,240.0,90.0,3615.0,"Plot 26, Near Navsari Highway Crossing, Kamrej, NH48 Highway, Surat, Gujarat 394185"
2c2ab054-649b-4dfa-913f-f5aee20142c6,405-867-1045-12951,Jio,LTE,405,867,1045,12951,21.27415,72.91751,0.0,90.0,1513.0,"Plot 128, Near NH48 Toll Plaza, Kamrej, NH48 Highway, Surat, Gujarat 394185"
86a0429f-4fca-441f-bfa9-22fd37f8360d,404-20-3022-12952,Vi,LTE,404,20,3022,12952,21.27415,72.91751,120.0,90.0,1513.0,"Plot 128, Near NH48 Toll Plaza, Kamrej, NH48 Highway, Surat, Gujarat 394185"
4fa40dd3-1be6-4d9d-9b19-763fa67b7fe6,405-867-1007-12953,Jio,LTE,405,867,1007,12953,21.27415,72.91751,240.0,90.0,1513.0,"Plot 128, Near NH48 Toll Plaza, Kamrej, NH48 Highway, Surat, Gujarat 394185"
575226cd-76e8-4820-b79d-78c6479d6a37,404-10-2043-12954,Airtel,LTE,404,10,2043,12954,21.26699,72.91595,0.0,90.0,2613.0,"Plot 65, Near Valak Village, Kamrej, NH48 Highway, Surat, Gujarat 394185"
a3bec38e-dfa5-4143-8cbd-e7d24fe3388b,404-20-3037-12955,Vi,LTE,404,20,3037,12955,21.26699,72.91595,120.0,90.0,2613.0,"Plot 65, Near Valak Village, Kamrej, NH48 Highway, Surat, Gujarat 394185"
f362a8e0-e064-47ea-8747-f90d57dc2da0,405-867-1040-12956,Jio,LTE,405,867,1040,12956,21.26699,72.91595,240.0,90.0,2613.0,"Plot 65, Near Valak Village, Kamrej, NH48 Highway, Surat, Gujarat 394185"
29b8436c-b1e9-49f6-b10c-79270f63a407,404-10-2028-12957,Airtel,LTE,404,10,2028,12957,21.281,72.9925,0.0,90.0,2487.0,"Plot 87, Near Kamrej Four Ways, Kamrej, NH48 Highway, Surat, Gujarat 394185"
982676ff-2bbf-4288-93f7-743b09c207e9,404-81-4005-12958,BSNL,GSM,404,81,4005,12958,21.281,72.9925,120.0,90.0,2487.0,"Plot 87, Near Kamrej Four Ways, Kamrej, NH48 Highway, Surat, Gujarat 394185"
1b1c7d97-fa0b-4c66-8c7d-086961f716c8,405-867-1015-12959,Jio,NR,405,867,1015,12959,21.281,72.9925,240.0,90.0,2487.0,"Plot 87, Near Kamrej Four Ways, Kamrej, NH48 Highway, Surat, Gujarat 394185"
3a81e61c-c541-4792-a7de-5d50845caa36,405-867-1036-12960,Jio,NR,405,867,1036,12960,21.26142,72.97213,0.0,90.0,1797.0,"Plot 106, Near Valak Village, Kamrej, NH48 Highway, Surat, Gujarat 394185"
389d68b5-f74c-4dcb-ae9e-e3bf959ce61c,405-867-1014-12961,Jio,LTE,405,867,1014,12961,21.26142,72.97213,120.0,90.0,1797.0,"Plot 106, Near Valak Village, Kamrej, NH48 Highway, Surat, Gujarat 394185"
d0e04425-6d57-48f5-8e8a-3e1a0df48bca,405-867-1017-12962,Jio,LTE,405,867,1017,12962,21.26142,72.97213,240.0,90.0,1797.0,"Plot 106, Near Valak Village, Kamrej, NH48 Highway, Surat, Gujarat 394185"
8c54f34e-1e7c-4495-b72d-b424ba353e99,404-20-3016-12963,Vi,LTE,404,20,3016,12963,21.31346,72.96828,0.0,90.0,3342.0,"Plot 72, Near Kamrej Four Ways, Kamrej, NH48 Highway, Surat, Gujarat 394185"
7fe9470e-3317-4df1-a025-37dd1bb2c648,404-10-2017-12964,Airtel,LTE,404,10,2017,12964,21.31346,72.96828,120.0,90.0,3342.0,"Plot 72, Near Kamrej Four Ways, Kamrej, NH48 Highway, Surat, Gujarat 394185"
975be416-9aaa-4100-a4ec-609fcc65805c,404-20-3041-12965,Vi,LTE,404,20,3041,12965,21.31346,72.96828,240.0,90.0,3342.0,"Plot 72, Near Kamrej Four Ways, Kamrej, NH48 Highway, Surat, Gujarat 394185"
2e6266da-0bc4-41e5-87f1-9fab6f1ebf3e,404-20-3014-12966,Vi,LTE,404,20,3014,12966,21.29696,72.95406,0.0,90.0,1526.0,"Plot 71, Near Valak Village, Kamrej, NH48 Highway, Surat, Gujarat 394185"
ea18cd66-e69f-443a-9296-430ed7e4434c,404-20-3007-12967,Vi,GSM,404,20,3007,12967,21.29696,72.95406,120.0,90.0,1526.0,"Plot 71, Near Valak Village, Kamrej, NH48 Highway, Surat, Gujarat 394185"
8704910a-4389-436d-a8aa-d63f09966aa8,405-867-1037-12968,Jio,LTE,405,867,1037,12968,21.29696,72.95406,240.0,90.0,1526.0,"Plot 71, Near Valak Village, Kamrej, NH48 Highway, Surat, Gujarat 394185"
c903d023-698b-4083-873b-84a605ffbb3e,404-10-2007-12969,Airtel,LTE,404,10,2007,12969,21.26585,73.00259,0.0,90.0,3778.0,"Plot 92, Near Navsari Highway Crossing, Kamrej, NH48 Highway, Surat, Gujarat 394185"
f4906a01-358b-4f93-9b72-482818b082f8,404-81-4043-12970,BSNL,LTE,404,81,4043,12970,21.26585,73.00259,120.0,90.0,3778.0,"Plot 92, Near Navsari Highway Crossing, Kamrej, NH48 Highway, Surat, Gujarat 394185"
3ce508c4-d72a-4ac5-af0f-d7eb5708cbed,405-867-1011-12971,Jio,LTE,405,867,1011,12971,21.26585,73.00259,240.0,90.0,3778.0,"Plot 92, Near Navsari Highway Crossing, Kamrej, NH48 Highway, Surat, Gujarat 394185"
cd9479fd-1147-4665-8969-8bff0049a2c4,405-867-1043-12972,Jio,LTE,405,867,1043,12972,21.27325,72.97851,0.0,90.0,2309.0,"Plot 51, Near NH48 Toll Plaza, Kamrej, NH48 Highway, Surat, Gujarat 394185"
cc01a501-d75f-44ec-9ba0-f398997106e5,405-867-1003-12973,Jio,LTE,405,867,1003,12973,21.27325,72.97851,120.0,90.0,2309.0,"Plot 51, Near NH48 Toll Plaza, Kamrej, NH48 Highway, Surat, Gujarat 394185"
19e1f6c9-2819-4793-abcc-39df3cf44c78,405-867-1014-12974,Jio,NR,405,867,1014,12974,21.27325,72.97851,240.0,90.0,2309.0,"Plot 51, Near NH48 Toll Plaza, Kamrej, NH48 Highway, Surat, Gujarat 394185"
34c03366-6a20-4ae3-8fa7-4eba234a15a5,404-20-3025-12975,Vi,LTE,404,20,3025,12975,21.28324,72.79584,0.0,90.0,2059.0,"Plot 111, Near Masma Village, Olpad, Surat, Gujarat 394540"
7c74ed9d-672d-47ff-b292-350e76f94dfd,405-867-1035-12976,Jio,LTE,405,867,1035,12976,21.28324,72.79584,120.0,90.0,2059.0,"Plot 111, Near Masma Village, Olpad, Surat, Gujarat 394540"
a95aa085-e8e6-40df-b6e6-ab5ea956c9fe,405-867-1027-12977,Jio,NR,405,867,1027,12977,21.28324,72.79584,240.0,90.0,2059.0,"Plot 111, Near Masma Village, Olpad, Surat, Gujarat 394540"
b3b6d813-3406-48ed-8db2-c673eb65c435,405-867-1011-12978,Jio,LTE,405,867,1011,12978,21.36287,72.78936,0.0,90.0,2244.0,"Plot 19, Near Sayan Sugar Factory Road, Olpad, Surat, Gujarat 394540"
a6701ccf-689a-49a9-8fe4-9bf4e3799f8b,405-867-1036-12979,Jio,LTE,405,867,1036,12979,21.36287,72.78936,120.0,90.0,2244.0,"Plot 19, Near Sayan Sugar Factory Road, Olpad, Surat, Gujarat 394540"
dd41f1c0-5e8d-43bc-8634-6796c4e6e352,404-20-3038-12980,Vi,LTE,404,20,3038,12980,21.36287,72.78936,240.0,90.0,2244.0,"Plot 19, Near Sayan Sugar Factory Road, Olpad, Surat, Gujarat 394540"
24968921-584a-4feb-ac16-8db74709c1b9,404-10-2029-12981,Airtel,LTE,404,10,2029,12981,21.36865,72.71354,0.0,90.0,4234.0,"Plot 116, Near Masma Village, Olpad, Surat, Gujarat 394540"
b1e6cf9e-f536-4454-a490-ee191b05c964,405-867-1029-12982,Jio,LTE,405,867,1029,12982,21.36865,72.71354,120.0,90.0,4234.0,"Plot 116, Near Masma Village, Olpad, Surat, Gujarat 394540"
52599b7d-2387-4c2c-baa7-4b3b3c55157f,405-867-1014-12983,Jio,LTE,405,867,1014,12983,21.36865,72.71354,240.0,90.0,4234.0,"Plot 116, Near Masma Village, Olpad, Surat, Gujarat 394540"
aeb652d3-c533-45e2-9ffd-a20d95f82f77,404-20-3006-12984,Vi,LTE,404,20,3006,12984,21.37046,72.72492,0.0,90.0,3338.0,"Plot 51, Near Olpad Main Market, Olpad, Surat, Gujarat 394540"
71a363dd-3084-4d1a-91fa-801d5cec9422,404-20-3045-12985,Vi,LTE,404,20,3045,12985,21.37046,72.72492,120.0,90.0,3338.0,"Plot 51, Near Olpad Main Market, Olpad, Surat, Gujarat 394540"
d5519b11-2bf5-4439-b170-101e1e8f4a97,405-867-1045-12986,Jio,LTE,405,867,1045,12986,21.37046,72.72492,240.0,90.0,3338.0,"Plot 51, Near Olpad Main Market, Olpad, Surat, Gujarat 394540"
5ba6b204-200f-4cd0-90eb-947b62cf618c,404-10-2004-12987,Airtel,NR,404,10,2004,12987,21.26286,72.73888,0.0,90.0,4178.0,"Plot 102, Near Kusad Rural Crossing, Olpad, Surat, Gujarat 394540"
